invariants	the invariant suite	﻿2026-10-04T08:19:06.0292491Z ##[group]Run ./bin/twin verify
invariants	the invariant suite	2026-10-04T08:19:06.0292830Z ^[[36;1m./bin/twin verify^[[0m
invariants	the invariant suite	2026-10-04T08:19:06.0357016Z shell: /usr/bin/bash -e {0}
invariants	the invariant suite	2026-10-04T08:19:06.0357296Z env:
invariants	the invariant suite	2026-10-04T08:19:06.0357581Z   pythonLocation: /opt/hostedtoolcache/Python/3.12.14/x64
invariants	the invariant suite	2026-10-04T08:19:06.0358351Z   PKG_CONFIG_PATH: /opt/hostedtoolcache/Python/3.12.14/x64/lib/pkgconfig
invariants	the invariant suite	2026-10-04T08:19:06.0358815Z   Python_ROOT_DIR: /opt/hostedtoolcache/Python/3.12.14/x64
invariants	the invariant suite	2026-10-04T08:19:06.0359225Z   Python2_ROOT_DIR: /opt/hostedtoolcache/Python/3.12.14/x64
invariants	the invariant suite	2026-10-04T08:19:06.0359639Z   Python3_ROOT_DIR: /opt/hostedtoolcache/Python/3.12.14/x64
invariants	the invariant suite	2026-10-04T08:19:06.0360065Z   LD_LIBRARY_PATH: /opt/hostedtoolcache/Python/3.12.14/x64/lib
invariants	the invariant suite	2026-10-04T08:19:06.0360421Z   TWIN_CHECK_TIMEOUT: 600
invariants	the invariant suite	2026-10-04T08:19:06.0360660Z ##[endgroup]
invariants	the invariant suite	2026-10-04T08:19:21.2112537Z ==> twin invariant suite (tool 0.1.0)
invariants	the invariant suite	2026-10-04T08:19:21.2113979Z ==> netflix: would-the-twin-have-flagged-it rewound to 2011-08-01 — scoring-eligible under as-consumed
invariants	the invariant suite	2026-10-04T08:19:21.2115150Z forecast-bundle -> /tmp/twin-verify-w232hikv/netflix-engine-guard/threat.json
invariants	the invariant suite	2026-10-04T08:19:21.2116267Z   attestation  threat.json.att.json (unsigned — no signing key present (set TWIN_SIGNING_KEY))
invariants	the invariant suite	2026-10-04T08:19:21.2117239Z   sha256       de508f4550148b82262bbf9f89886d53796e70137281a34f0f86d4e8b3b57776
invariants	the invariant suite	2026-10-04T08:19:21.2118136Z   depth        full
invariants	the invariant suite	2026-10-04T08:19:21.2118666Z     domain-model       full     7/7 of decision ticket 07  unchecked: -
invariants	the invariant suite	2026-10-04T08:19:21.2119399Z     provenance         full     4/4 of decision ticket 14  unchecked: -
invariants	the invariant suite	2026-10-04T08:19:21.2120118Z     scenario-engine    full     7/7 of decision ticket 13  unchecked: -
invariants	the invariant suite	2026-10-04T08:19:21.2120901Z ==> netflix as at 2011-08-01: commit 3d1fb95e715d, committed 2011-07-26T21:00:00Z
invariants	the invariant suite	2026-10-04T08:19:21.2121522Z   3 components, 2 edges, 0 causal
invariants	the invariant suite	2026-10-04T08:19:21.2121991Z   a model state, not a filtered view: everything downstream reads it unchanged
invariants	the invariant suite	2026-10-04T08:19:21.2122613Z rewound-model -> /tmp/twin-verify-w232hikv/netflix-engine-guard/rewind.json
invariants	the invariant suite	2026-10-04T08:19:21.2123414Z   attestation  rewind.json.att.json (unsigned — no signing key present (set TWIN_SIGNING_KEY))
invariants	the invariant suite	2026-10-04T08:19:21.2124120Z   sha256       b204e47519ce3b432a45dee96ccae520affc274e4f23a78a59de6535ae3a4b38
invariants	the invariant suite	2026-10-04T08:19:21.2124598Z   depth        full
invariants	the invariant suite	2026-10-04T08:19:21.2124949Z     domain-model       full     7/7 of decision ticket 07  unchecked: -
invariants	the invariant suite	2026-10-04T08:19:21.2125475Z     provenance         full     4/4 of decision ticket 14  unchecked: -
invariants	the invariant suite	2026-10-04T08:19:21.2126004Z     scenario-engine    full     7/7 of decision ticket 13  unchecked: -
invariants	the invariant suite	2026-10-04T08:19:21.2126656Z ==> gameplay sweep across 1 repo(s), 1 org(s): 1 opportunity candidate(s) pulled, 3 signal(s) pushed
invariants	the invariant suite	2026-10-04T08:19:21.2127368Z opportunity-sweep -> /tmp/twin-verify-w232hikv/netflix-engine-guard/sweep.json
invariants	the invariant suite	2026-10-04T08:19:21.2128377Z   attestation  sweep.json.att.json (unsigned — no signing key present (set TWIN_SIGNING_KEY))
invariants	the invariant suite	2026-10-04T08:19:21.2129081Z   sha256       1104a8e18f44087395c05ac7989131633b5cd14495a9cdae13fd1b78c439fcfc
invariants	the invariant suite	2026-10-04T08:19:21.2129549Z   depth        full
invariants	the invariant suite	2026-10-04T08:19:21.2129896Z     domain-model       full     7/7 of decision ticket 07  unchecked: -
invariants	the invariant suite	2026-10-04T08:19:21.2130411Z     provenance         full     4/4 of decision ticket 14  unchecked: -
invariants	the invariant suite	2026-10-04T08:19:21.2130930Z     scenario-engine    full     7/7 of decision ticket 13  unchecked: -
invariants	the invariant suite	2026-10-04T08:19:21.2131548Z ==> netflix: 3 option(s) considered for 'the-operator', 2 priced, 1 removed before pricing
invariants	the invariant suite	2026-10-04T08:19:21.2132425Z   removed  rank-domestic-members-by-cancellation-risk forbidden — no-individual-level-output (universal tier), no figure
invariants	the invariant suite	2026-10-04T08:19:21.2153628Z   priced   hold-the-bundled-price-for-one-quarter 30000000.0/45000000.0/70000000.0 mean 46666666.6667, sampled p50 46287011.5481
invariants	the invariant suite	2026-10-04T08:19:21.2154952Z   priced   ship-one-bill-and-one-sign-in-across-the-two-plans 10000000.0/15000000.0/22000000.0 mean 15333333.3333, sampled p50 15142499.58
invariants	the invariant suite	2026-10-04T08:19:21.2156689Z   a constraint is not a very large price: a removed option carries no number at all
invariants	the invariant suite	2026-10-04T08:19:21.2157524Z priced-option-set -> /tmp/twin-verify-w232hikv/netflix-engine-guard/options-head.json
invariants	the invariant suite	2026-10-04T08:19:21.2158573Z   attestation  options-head.json.att.json (unsigned — no signing key present (set TWIN_SIGNING_KEY))
invariants	the invariant suite	2026-10-04T08:19:21.2159201Z   sha256       7b359d9cfe0573089d0863a582b7c384f220be3a96527bb58a0f7fb98a3e85d6
invariants	the invariant suite	2026-10-04T08:19:21.2159603Z   depth        full
invariants	the invariant suite	2026-10-04T08:19:21.2159934Z     currency-regimes   full     6/6 of decision ticket 09  unchecked: -
invariants	the invariant suite	2026-10-04T08:19:21.2160403Z     domain-model       full     7/7 of decision ticket 07  unchecked: -
invariants	the invariant suite	2026-10-04T08:19:21.2160834Z     provenance         full     4/4 of decision ticket 14  unchecked: -
invariants	the invariant suite	2026-10-04T08:19:21.2161275Z ==> netflix: a shock at 'dvd-by-mail', priced under 1 perspective(s)
invariants	the invariant suite	2026-10-04T08:19:21.2161632Z   the-operator
invariants	the invariant suite	2026-10-04T08:19:21.2161954Z     price    streaming-service        23,800,000 / 47,600,000 / 95,200,000  grade 1
invariants	the invariant suite	2026-10-04T08:19:21.2162497Z     option   hold-the-bundled-price-for-one-quarter cost 46,666,667, credit 19,040,000
invariants	the invariant suite	2026-10-04T08:19:21.2163313Z     option   ship-one-bill-and-one-sign-in-across-the-two-plans cost 15,333,333, the-mitigation-claim-is-graded-outside-the-pricing-threshold
invariants	the invariant suite	2026-10-04T08:19:21.2164249Z   prices, costs and credits in one unit, in the order they were authored. Nothing marks one option best and nothing recommends one
invariants	the invariant suite	2026-10-04T08:19:21.2164922Z priced-impact -> /tmp/twin-verify-w232hikv/netflix-engine-guard/price.json
invariants	the invariant suite	2026-10-04T08:19:21.2165562Z   attestation  price.json.att.json (unsigned — no signing key present (set TWIN_SIGNING_KEY))
invariants	the invariant suite	2026-10-04T08:19:21.2166152Z   sha256       f45c9cb3ecc9aa4211799fa0e30745bdfa8a2ef973b4e21ab2ae3cb6f004a564
invariants	the invariant suite	2026-10-04T08:19:21.2166546Z   depth        full
invariants	the invariant suite	2026-10-04T08:19:21.2166841Z     causal-layer       full     5/5 of decision ticket 08  unchecked: -
invariants	the invariant suite	2026-10-04T08:19:21.2167279Z     currency-regimes   full     6/6 of decision ticket 09  unchecked: -
invariants	the invariant suite	2026-10-04T08:19:21.2167714Z     domain-model       full     7/7 of decision ticket 07  unchecked: -
invariants	the invariant suite	2026-10-04T08:19:21.2168269Z     provenance         full     4/4 of decision ticket 14  unchecked: -
invariants	the invariant suite	2026-10-04T08:19:21.2168751Z ==> netflix/the-operator: a shock at 'dvd-by-mail', 2 response(s) across 3 account(s)
invariants	the invariant suite	2026-10-04T08:19:21.2170352Z   hold-the-bundled-price-for-one-quarter range=57,120,000  (the-damage-was-mostly-the-rebrand=35,480,000, the-shock-crossed-to-the-streaming-side=-21,640,000, the-shock-stayed-on-the-dvd-side=25,960,000)
invariants	the invariant suite	2026-10-04T08:19:21.2172977Z   ship-one-bill-and-one-sign-in-across-the-two-plans range=0  (the-damage-was-mostly-the-rebrand=15,000,000, the-shock-crossed-to-the-streaming-side=15,000,000, the-shock-stayed-on-the-dvd-side=15,000,000)
invariants	the invariant suite	2026-10-04T08:19:21.2175922Z   agreement  unanimous=False  the named accounts disagree about which response is cheapest — reported here rather than smoothed into the default below, because a credible disagreement about the mechanism is the most decision-relevant fact on the page
invariants	the invariant suite	2026-10-04T08:19:21.2178695Z   default    hold-the-bundled-price-for-one-quarter — the option whose mean net cost of risk across the named accounts is lowest — a default point for a reader who wants one, computed rather than declared, and not a recommendation. No account is privileged, so the mean rather than any one account's own figure is what breaks the tie; naming or dropping a rival account can move it
invariants	the invariant suite	2026-10-04T08:19:21.2180230Z trade-off-curve -> /tmp/twin-verify-w232hikv/netflix-engine-guard/curve.json
invariants	the invariant suite	2026-10-04T08:19:21.2181138Z   attestation  curve.json.att.json (unsigned — no signing key present (set TWIN_SIGNING_KEY))
invariants	the invariant suite	2026-10-04T08:19:21.2181714Z   sha256       05a68f85989616026b4ac38a96b0b15858499b45227ea4cd3001bdb9436e943a
invariants	the invariant suite	2026-10-04T08:19:21.2182094Z   depth        full
invariants	the invariant suite	2026-10-04T08:19:21.2182393Z     causal-layer       full     5/5 of decision ticket 08  unchecked: -
invariants	the invariant suite	2026-10-04T08:19:21.2183000Z     currency-regimes   full     6/6 of decision ticket 09  unchecked: -
invariants	the invariant suite	2026-10-04T08:19:21.2183439Z     domain-model       full     7/7 of decision ticket 07  unchecked: -
invariants	the invariant suite	2026-10-04T08:19:21.2183863Z     provenance         full     4/4 of decision ticket 14  unchecked: -
invariants	the invariant suite	2026-10-04T08:19:21.2184366Z ==> netflix: proposes hold-the-bundled-price-for-one-quarter via the 'record' channel
invariants	the invariant suite	2026-10-04T08:19:21.2185601Z   means      the verification substrate — a lever that is not code, carrying a versioned signed record that it was enacted without being enforced by policy. Most levers are this one, and the £ engine's cross-domain comparison depends on it
invariants	the invariant suite	2026-10-04T08:19:21.2186637Z   disposed   a human, out of band — this tool has no path to it
invariants	the invariant suite	2026-10-04T08:19:21.2187011Z   layer      structural absence   twin/enact.py
invariants	the invariant suite	2026-10-04T08:19:21.2187429Z     holds      no merge code path exists; the module's public surface is an allow-list
invariants	the invariant suite	2026-10-04T08:19:21.2188595Z     fails when the twin is composed with a shell tool, an MCP GitHub server or a subagent with `gh` — the absence still holds and the guarantee is gone, with no diff to twin/ at all
invariants	the invariant suite	2026-10-04T08:19:21.2189448Z   layer      tool-call boundary   twin/enact_guard.py, registered as a PreToolUse hook
invariants	the invariant suite	2026-10-04T08:19:21.2190001Z     holds      a disposing tool call is refused before it runs, including a subagent's own
invariants	the invariant suite	2026-10-04T08:19:21.2190975Z     fails when the registration is deleted, or the twin is driven by a runner that does not honour hooks — a policy check is a call site, and a forgotten call site fails open in silence
invariants	the invariant suite	2026-10-04T08:19:21.2192285Z   dependency 17 cross-repository pin(s) (3 self-sync, counted separately): driftwood-composed, feeds, ico, insurer, ludlow-composed, nist, platform, tuppence-composed consumed by driftwood, insurer, ludlow, tuppence
invariants	the invariant suite	2026-10-04T08:19:21.2193718Z     limit      0 of 20 pins name a tag and no commit, so the pin is only as immutable as the tag. Every commit line in this estate is a commented-out placeholder; until one is filled in, 'pinned' means 'pinned to a movable name'.
invariants	the invariant suite	2026-10-04T08:19:21.2195029Z     limit      3 of 20 pins are a repository syncing itself rather than consuming anybody's policy, and are counted separately: only the 17 cross-repository pins evidence a dependency at all.
invariants	the invariant suite	2026-10-04T08:19:21.2196873Z     limit      the signature is the sources' own declaration, checked by nothing here: no tag is verified, no Rekor entry is looked up, and estate/verify/provenance/verify-provenance.sh records that this repository's own commits are not keyless-signed either. 'Signed' is therefore a property of the design, not an observation, and the word does no work until something verifies it.
invariants	the invariant suite	2026-10-04T08:19:29.9977157Z     limit      the consumer repositories are separate by URL and not yet by existence: estate/README.md describes a monorepo-style working tree whose top-level directories become their own GitHub repositories *at split*, and each up.sh rewrites the pinned URL to an in-cluster git server for the offline demo. The pins name real separate repositories; whether those repositories are live is a question this code does not ask.
invariants	the invariant suite	2026-10-04T08:19:29.9982650Z     limit      read from committed sources, not from a running cluster: this evidences what the repositories declare they consume, never that a control is in force right now. Whether continuous proof of force is required at all is build ticket 65's question and is still open.
invariants	the invariant suite	2026-10-04T08:19:29.9987170Z     limit      these pins are read from this tool's own repository (.estate-clone), not from any repository 'netflix' owns. The dependency block above evidences what THIS estate consumes; it names no pin, tag or repository belonging to the subject the proposal is about, and 'netflix' is not assumed to have an estate under Flux at all.
invariants	the invariant suite	2026-10-04T08:19:29.9992157Z   narrowed   Policy-as-code is AN enactment arm, not THE definition of governance. Responses are priced by the FAIR factor they modify and most levers are not code, so if versioned policy were the shape of governance the cross-domain comparison the £ engine exists for could not exist.
invariants	the invariant suite	2026-10-04T08:19:29.9994653Z enactment-proposal -> /tmp/twin-verify-w232hikv/netflix-engine-guard/proposal.json
invariants	the invariant suite	2026-10-04T08:19:29.9995921Z   attestation  proposal.json.att.json (unsigned — no signing key present (set TWIN_SIGNING_KEY))
invariants	the invariant suite	2026-10-04T08:19:29.9997012Z   sha256       1190a197430be696a04c73f71798d2346bb5e6915ee9765ac1dc778304ad19d7
invariants	the invariant suite	2026-10-04T08:19:29.9997695Z   depth        full
invariants	the invariant suite	2026-10-04T08:19:29.9998528Z     enactment          full     5/5 of decision ticket 18  unchecked: -
invariants	the invariant suite	2026-10-04T08:19:29.9999401Z ==> netflix: substrate fidelity at 2011-10-24, detection scored at 2011-10-24
invariants	the invariant suite	2026-10-04T08:19:30.0000200Z   signal_to_noise      0.121  within [0.05, 0.25]
invariants	the invariant suite	2026-10-04T08:19:30.0000810Z   plant_difficulty     0.275  within [0.05, 0.5]
invariants	the invariant suite	2026-10-04T08:19:30.0001424Z   plant_difficulty_spread 0.600  within [0.05, 1.0]
invariants	the invariant suite	2026-10-04T08:19:30.0002042Z   spine_consistency    1.000  within [1.0, 1.0]
invariants	the invariant suite	2026-10-04T08:19:30.0002660Z   reporting_asymmetry  0.667  within [0.6, 0.95]
invariants	the invariant suite	2026-10-04T08:19:30.0003233Z   mundanity            0.879  within [0.7, 1.0]
invariants	the invariant suite	2026-10-04T08:19:30.0003814Z   contamination        0.000  within [0.0, 0.0]
invariants	the invariant suite	2026-10-04T08:19:30.0005048Z   free-running         28 line(s) against 5 anchored — the diff-against-the-spine attack has somewhere to hide a plant
invariants	the invariant suite	2026-10-04T08:19:30.0006067Z   hit rate             25%, mean score 0.250
invariants	the invariant suite	2026-10-04T08:19:30.0007417Z     events           missed  horizon 2011-09-30  not detected: no detection at events[3] ('an unusual incident review opens after hours, examining access to the member billing export')
invariants	the invariant suite	2026-10-04T08:19:30.0009954Z     communications   missed  horizon 2011-10-24  not detected: no detection at communications[3] ('a press query is withdrawn abruptly, days after an earlier complaint thread was escalated')
invariants	the invariant suite	2026-10-04T08:19:30.0012135Z     hr               timely  horizon 2011-11-15  detected at 2011-10-24, on or before the actionability horizon 2011-11-15 — still actionable
invariants	the invariant suite	2026-10-04T08:19:30.0014070Z     telemetry        missed  horizon 2011-09-20  not detected: no detection at telemetry[3] ('an overnight export of the member table runs outside the scheduled batch, with no ticket raised')
invariants	the invariant suite	2026-10-04T08:19:30.0017464Z   limitation:  planter and detector are the same model family and share model priors (decision ticket 12 Q2): a synthetic result is never evidence the twin anticipates the world, only evidence that the detection machinery works. The detector may find a plant because it thinks like the planter, not because the signal was findable by an independently-minded reader.
invariants	the invariant suite	2026-10-04T08:19:30.0020528Z substrate-report -> /tmp/twin-verify-w232hikv/netflix-engine-guard/substrate.json
invariants	the invariant suite	2026-10-04T08:19:30.0021871Z   attestation  substrate.json.att.json (unsigned — no signing key present (set TWIN_SIGNING_KEY))
invariants	the invariant suite	2026-10-04T08:19:30.0022985Z   sha256       186420ffbed97daf866204328e573c3f9a601155f3a1ec474627fac73d1b1729
invariants	the invariant suite	2026-10-04T08:19:30.0023725Z   depth        full
invariants	the invariant suite	2026-10-04T08:19:30.0024324Z     synthetic-substrate full     7/7 of decision ticket 12  unchecked: -
invariants	the invariant suite	2026-10-04T08:19:30.0025214Z ==> sweep across 1 repo(s): 2 execution(s), 4 forecast(s), 0 failure(s)
invariants	the invariant suite	2026-10-04T08:19:30.0026077Z sweep -> /tmp/twin-verify-w232hikv/intel-forecast-guard/sweep.json
invariants	the invariant suite	2026-10-04T08:19:30.0026907Z   attestation  sweep.json.att.json (agent-signed (origin only))
invariants	the invariant suite	2026-10-04T08:19:30.0027788Z   sha256       9dfe5ec7212febd0999f0534de08030f5cb5f86f46215135978f241e63cd9573
invariants	the invariant suite	2026-10-04T08:19:30.0028816Z   depth        full
invariants	the invariant suite	2026-10-04T08:19:30.0029405Z     domain-model       full     7/7 of decision ticket 07  unchecked: -
invariants	the invariant suite	2026-10-04T08:19:30.0030594Z     provenance         full     4/4 of decision ticket 14  unchecked: -
invariants	the invariant suite	2026-10-04T08:19:30.0031337Z     scenario-engine    full     7/7 of decision ticket 13  unchecked: -
invariants	the invariant suite	2026-10-04T08:19:30.0032625Z ==> intel: does-the-14a-bet-land-a-named-customer under as-consumed — scoring-eligible, 0 fact(s) withheld by date
invariants	the invariant suite	2026-10-04T08:19:30.0034159Z forecast-bundle -> /tmp/twin-verify-w232hikv/intel-forecast-guard/run.json
invariants	the invariant suite	2026-10-04T08:19:30.0035057Z   attestation  run.json.att.json (agent-signed (origin only))
invariants	the invariant suite	2026-10-04T08:19:30.0035930Z   sha256       3c891bc1da4eef0c1ccc0a6031a1a699297752a8e67b71fc420a342224df6740
invariants	the invariant suite	2026-10-04T08:19:30.0036662Z   depth        full
invariants	the invariant suite	2026-10-04T08:19:30.0037215Z     domain-model       full     7/7 of decision ticket 07  unchecked: -
invariants	the invariant suite	2026-10-04T08:19:30.0038246Z     provenance         full     4/4 of decision ticket 14  unchecked: -
invariants	the invariant suite	2026-10-04T08:19:30.0039079Z     scenario-engine    full     7/7 of decision ticket 13  unchecked: -
invariants	the invariant suite	2026-10-04T08:19:30.0040228Z ==> netflix: dvd-decline-2011 rewound to 2026-01-01 — scoring-eligible under as-consumed
invariants	the invariant suite	2026-10-04T08:19:30.0041244Z forecast-bundle -> /tmp/twin-verify-w232hikv/guard-backtest.json
invariants	the invariant suite	2026-10-04T08:19:30.0042492Z   attestation  guard-backtest.json.att.json (unsigned — no signing key present (set TWIN_SIGNING_KEY))
invariants	the invariant suite	2026-10-04T08:19:30.0043661Z   sha256       5d7231a5720c7c1a8b3ade68f94a1e564cd470b4c9246da46d8ec0bf2ed20de8
invariants	the invariant suite	2026-10-04T08:19:30.0044419Z   depth        full
invariants	the invariant suite	2026-10-04T08:19:30.0044984Z     domain-model       full     7/7 of decision ticket 07  unchecked: -
invariants	the invariant suite	2026-10-04T08:19:30.0045834Z     provenance         full     4/4 of decision ticket 14  unchecked: -
invariants	the invariant suite	2026-10-04T08:19:30.0046670Z     scenario-engine    full     7/7 of decision ticket 13  unchecked: -
invariants	the invariant suite	2026-10-04T08:19:30.0047852Z ==> netflix: dvd-decline-2011 under as-consumed — scoring-eligible, 0 fact(s) withheld by date
invariants	the invariant suite	2026-10-04T08:19:30.0049143Z forecast-bundle -> /tmp/twin-verify-w232hikv/guard-run.json
invariants	the invariant suite	2026-10-04T08:19:30.0050328Z   attestation  guard-run.json.att.json (unsigned — no signing key present (set TWIN_SIGNING_KEY))
invariants	the invariant suite	2026-10-04T08:19:30.0051448Z   sha256       bd21812ad2bafa8bad618651731ab65f3c7b13df22b3340f45347ec7fd58001d
invariants	the invariant suite	2026-10-04T08:19:30.0052203Z   depth        full
invariants	the invariant suite	2026-10-04T08:19:30.0052763Z     domain-model       full     7/7 of decision ticket 07  unchecked: -
invariants	the invariant suite	2026-10-04T08:19:30.0053590Z     provenance         full     4/4 of decision ticket 14  unchecked: -
invariants	the invariant suite	2026-10-04T08:19:30.0054404Z     scenario-engine    full     7/7 of decision ticket 13  unchecked: -
invariants	the invariant suite	2026-10-04T08:19:30.0055670Z ==> royal-mail: would-the-twin-have-flagged-it rewound to 2018-06-01 — scoring-eligible under as-consumed
invariants	the invariant suite	2026-10-04T08:19:30.0056819Z forecast-bundle -> /tmp/twin-verify-w232hikv/beat/forecast-bundle.json
invariants	the invariant suite	2026-10-04T08:19:30.0058396Z   attestation  forecast-bundle.json.att.json (unsigned — no signing key present (set TWIN_SIGNING_KEY))
invariants	the invariant suite	2026-10-04T08:19:30.0059586Z   sha256       a03e55a0e10a54e13e3f6b716863d811cc42d09876d5d765bd429ecab8e73af8
invariants	the invariant suite	2026-10-04T08:19:30.0060340Z   depth        full
invariants	the invariant suite	2026-10-04T08:19:30.0060902Z     domain-model       full     7/7 of decision ticket 07  unchecked: -
invariants	the invariant suite	2026-10-04T08:19:30.0061719Z     provenance         full     4/4 of decision ticket 14  unchecked: -
invariants	the invariant suite	2026-10-04T08:19:30.0062546Z     scenario-engine    full     7/7 of decision ticket 13  unchecked: -
invariants	the invariant suite	2026-10-04T08:19:30.0063956Z ==> carillion: would-the-twin-have-flagged-it under as-consumed — scoring-eligible, 0 fact(s) withheld by date
invariants	the invariant suite	2026-10-04T08:19:30.0065159Z forecast-bundle -> /tmp/twin-verify-w232hikv/beat/carillion-bundle.json
invariants	the invariant suite	2026-10-04T08:19:30.0066465Z   attestation  carillion-bundle.json.att.json (unsigned — no signing key present (set TWIN_SIGNING_KEY))
invariants	the invariant suite	2026-10-04T08:19:30.0067639Z   sha256       74725f047f6294fb56d800313ed2db8548597e6dbeedf2baaa54f9513afedd62
invariants	the invariant suite	2026-10-04T08:19:30.0068699Z   depth        full
invariants	the invariant suite	2026-10-04T08:19:30.0069276Z     domain-model       full     7/7 of decision ticket 07  unchecked: -
invariants	the invariant suite	2026-10-04T08:19:30.0070405Z     provenance         full     4/4 of decision ticket 14  unchecked: -
invariants	the invariant suite	2026-10-04T08:19:30.0071235Z     scenario-engine    full     7/7 of decision ticket 13  unchecked: -
invariants	the invariant suite	2026-10-04T08:19:30.0072196Z ==> carillion-collapse-resolved: observed=True, resolved 2018-01-15, contamination low
invariants	the invariant suite	2026-10-04T08:19:30.0073553Z   contamination discount: not measured — no --discount-enron/--discount-obscure basis given
invariants	the invariant suite	2026-10-04T08:19:30.0074950Z   rules brier, log_loss (lower-is-better) — 1 scored, 0 unscoreable
invariants	the invariant suite	2026-10-04T08:19:30.0075874Z     market-consensus-2016        p=0.05   brier=0.9025   log-loss=2.9957   [as-consumed]
invariants	the invariant suite	2026-10-04T08:19:30.0076808Z score-card -> /tmp/twin-verify-w232hikv/beat/carillion-card.json
invariants	the invariant suite	2026-10-04T08:19:30.0078296Z   attestation  carillion-card.json.att.json (unsigned — no signing key present (set TWIN_SIGNING_KEY))
invariants	the invariant suite	2026-10-04T08:19:30.0079454Z   sha256       d8f40a7156283f60cb87d15da97533d82433bd3b4d9753921475801fbc2a0938
invariants	the invariant suite	2026-10-04T08:19:30.0080112Z   depth        full
invariants	the invariant suite	2026-10-04T08:19:30.0080624Z     domain-model       full     7/7 of decision ticket 07  unchecked: -
invariants	the invariant suite	2026-10-04T08:19:30.0081413Z     provenance         full     4/4 of decision ticket 14  unchecked: -
invariants	the invariant suite	2026-10-04T08:19:30.0082205Z     sense-move         full     8/8 of decision ticket 11  unchecked: -
invariants	the invariant suite	2026-10-04T08:19:30.0083469Z ==> enron: would-the-twin-have-flagged-it under as-consumed — scoring-eligible, 0 fact(s) withheld by date
invariants	the invariant suite	2026-10-04T08:19:30.0084638Z forecast-bundle -> /tmp/twin-verify-w232hikv/beat/enron-bundle.json
invariants	the invariant suite	2026-10-04T08:19:30.0085880Z   attestation  enron-bundle.json.att.json (unsigned — no signing key present (set TWIN_SIGNING_KEY))
invariants	the invariant suite	2026-10-04T08:19:30.0087021Z   sha256       4e375f00c56348baa430db99564f0af08f244c64e896a9f3ab7898ac0c69600d
invariants	the invariant suite	2026-10-04T08:19:30.0087761Z   depth        full
invariants	the invariant suite	2026-10-04T08:19:30.0088575Z     domain-model       full     7/7 of decision ticket 07  unchecked: -
invariants	the invariant suite	2026-10-04T08:19:30.0089400Z     provenance         full     4/4 of decision ticket 14  unchecked: -
invariants	the invariant suite	2026-10-04T08:19:30.0090243Z     scenario-engine    full     7/7 of decision ticket 13  unchecked: -
invariants	the invariant suite	2026-10-04T08:19:55.2577095Z ==> enron-bankruptcy-resolved: observed=True, resolved 2001-12-02, contamination control
invariants	the invariant suite	2026-10-04T08:19:55.2578532Z   contamination discount: not measured — no --discount-enron/--discount-obscure basis given
invariants	the invariant suite	2026-10-04T08:19:55.2579615Z   rules brier, log_loss (lower-is-better) — 1 scored, 0 unscoreable
invariants	the invariant suite	2026-10-04T08:19:55.2580233Z     market-consensus-2001        p=0.03   brier=0.9409   log-loss=3.5066   [as-consumed]
invariants	the invariant suite	2026-10-04T08:19:55.2580837Z score-card -> /tmp/twin-verify-w232hikv/beat/enron-card.json
invariants	the invariant suite	2026-10-04T08:19:55.2581584Z   attestation  enron-card.json.att.json (unsigned — no signing key present (set TWIN_SIGNING_KEY))
invariants	the invariant suite	2026-10-04T08:19:55.2582318Z   sha256       ac0d90d27d6f1d64e9cb2e39893bfb416562c40178c59d42b25a677f1c28d808
invariants	the invariant suite	2026-10-04T08:19:55.2582806Z   depth        full
invariants	the invariant suite	2026-10-04T08:19:55.2583174Z     domain-model       full     7/7 of decision ticket 07  unchecked: -
invariants	the invariant suite	2026-10-04T08:19:55.2583726Z     provenance         full     4/4 of decision ticket 14  unchecked: -
invariants	the invariant suite	2026-10-04T08:19:55.2584240Z     sense-move         full     8/8 of decision ticket 11  unchecked: -
invariants	the invariant suite	2026-10-04T08:19:55.2585001Z ==> netflix: dvd-decline-2011 under with-hindsight — not scoring-eligible, 0 fact(s) withheld by date
invariants	the invariant suite	2026-10-04T08:19:55.2585851Z   ingestion history unavailable: every fact in the repository today was visible to this execution
invariants	the invariant suite	2026-10-04T08:19:55.2586584Z forecast-bundle -> /tmp/twin-verify-w232hikv/beat/with-hindsight-bundle.json
invariants	the invariant suite	2026-10-04T08:19:55.2587471Z   attestation  with-hindsight-bundle.json.att.json (unsigned — no signing key present (set TWIN_SIGNING_KEY))
invariants	the invariant suite	2026-10-04T08:19:55.2588418Z   sha256       082a734b44847c068b1fc4900ed56f6b78e53f41d706471faac16afb6804c4f9
invariants	the invariant suite	2026-10-04T08:19:55.2588922Z   depth        full
invariants	the invariant suite	2026-10-04T08:19:55.2589280Z     domain-model       full     7/7 of decision ticket 07  unchecked: -
invariants	the invariant suite	2026-10-04T08:19:55.2589797Z     provenance         full     4/4 of decision ticket 14  unchecked: -
invariants	the invariant suite	2026-10-04T08:19:55.2590725Z     scenario-engine    full     7/7 of decision ticket 13  unchecked: -
invariants	the invariant suite	2026-10-04T08:19:55.2591462Z ==> netflix: dvd-decline-2011 under as-consumed — scoring-eligible, 1 fact(s) withheld by date
invariants	the invariant suite	2026-10-04T08:19:55.2592151Z   withheld dvd-decline-2011-resolved          outcomes, dated 2012-12-31
invariants	the invariant suite	2026-10-04T08:19:55.2596270Z   ingestion history unavailable: the ingestion-history filter did not run: this repository has no commit at or before the execution time, so `as-consumed` here rests on fact dates alone. A fact ingested late but dated early is not detectable from this repository.
invariants	the invariant suite	2026-10-04T08:19:55.2598434Z forecast-bundle -> /tmp/twin-verify-w232hikv/beat/as-consumed-bundle.json
invariants	the invariant suite	2026-10-04T08:19:55.2599563Z   attestation  as-consumed-bundle.json.att.json (unsigned — no signing key present (set TWIN_SIGNING_KEY))
invariants	the invariant suite	2026-10-04T08:19:55.2600243Z   sha256       c90b827b7e1705fceb8ac1b6822fb54d36c9b2d86f97fa301de96b9aab80447b
invariants	the invariant suite	2026-10-04T08:19:55.2600678Z   depth        full
invariants	the invariant suite	2026-10-04T08:19:55.2600996Z     domain-model       full     7/7 of decision ticket 07  unchecked: -
invariants	the invariant suite	2026-10-04T08:19:55.2601445Z     provenance         full     4/4 of decision ticket 14  unchecked: -
invariants	the invariant suite	2026-10-04T08:19:55.2601873Z     scenario-engine    full     7/7 of decision ticket 13  unchecked: -
invariants	the invariant suite	2026-10-04T08:19:55.2602350Z bound-signal -> /tmp/twin-substrate-guard-433efd0r/bound-signal.json
invariants	the invariant suite	2026-10-04T08:19:55.2603005Z   attestation  bound-signal.json.att.json (unsigned — no signing key present (set TWIN_SIGNING_KEY))
invariants	the invariant suite	2026-10-04T08:19:55.2603603Z   sha256       deecec484590202429548d21ee4596781bf6ee01002dec48b700f892cb211083
invariants	the invariant suite	2026-10-04T08:19:55.2603986Z   depth        full
invariants	the invariant suite	2026-10-04T08:19:55.2604278Z     domain-model       full     7/7 of decision ticket 07  unchecked: -
invariants	the invariant suite	2026-10-04T08:19:55.2604704Z     provenance         full     4/4 of decision ticket 14  unchecked: -
invariants	the invariant suite	2026-10-04T08:19:55.2605132Z     sense-move         full     8/8 of decision ticket 11  unchecked: -
invariants	the invariant suite	2026-10-04T08:19:55.2605670Z   1  PASS  manifest_names_every_invariant                16 invariants, manifest and constitution agree
invariants	the invariant suite	2026-10-04T08:19:55.2606222Z   2  PASS  live_invariants_have_checks                   16 live, 0 pending
invariants	the invariant suite	2026-10-04T08:19:55.2606817Z   3  PASS  no_invariant_pending_past_its_ticket          every pending invariant names an open activating ticket
invariants	the invariant suite	2026-10-04T08:19:55.2607513Z   4  PASS  invariant_bodies_match_manifest_hashes        16 live test bodies match their pinned hashes
invariants	the invariant suite	2026-10-04T08:19:55.2608501Z   5  PASS  hash_changes_are_authorised                   no unauthorised hash changes against the previous version (0923c960eb6e)
invariants	the invariant suite	2026-10-04T08:19:55.2609234Z   6  PASS  worksheet_matches_the_pocket_org              82 hand-computed lines match, 0 pending on open tickets
invariants	the invariant suite	2026-10-04T08:19:55.2610051Z   7  PASS  position_deltas_have_no_privileged_default    3 positions, each dispensable, none privileged; scores stay put when any one is dropped
invariants	the invariant suite	2026-10-04T08:19:55.2611280Z   8  PASS  credibility_blend_falls_back_to_the_world_prior_alone  payment-fraud-loss (n=0) blends to exactly its prior; identity-store-incident-cost (n=3) moves off it — z=0.932038834951
invariants	the invariant suite	2026-10-04T08:19:55.2612571Z   9  PASS  a_var_shaped_summary_hides_what_tvar_surfaces  identical VaR (100000.00) at alpha=0.8434 for xi=0.1 and xi=0.7; TVaR diverges (188888.89 vs 366666.67); xi>=1 refuses at the shape boundary and xi=0.99 still computes
invariants	the invariant suite	2026-10-04T08:19:55.2614043Z  10  PASS  a_constraint_removal_with_no_computed_attractiveness_is_rejected  attractiveness computed as mode=5.0 (not stated); log_removal accepts no raw float; an unlogged removal is rejected and the same removal logged clean verifies
invariants	the invariant suite	2026-10-04T08:19:55.2615606Z  11  PASS  misuse_catalogues_load_and_every_row_names_a_mechanism  3 catalogues, 30 rows, one loader; 12 eco-system rows carrying ticket 19's four ids, each anchored by path or by the ticket building its price; a row with its mechanism blanked is refused
invariants	the invariant suite	2026-10-04T08:19:55.2618329Z  12  PASS  a_challenge_to_a_constituent_survives_an_unrelated_resolution  resolve() reproduces its challenge's own claim_path; a hand-built resolution naming a different one is refused; an unrelated resolution on the same artefact leaves the original challenge reported open, not silently closed
invariants	the invariant suite	2026-10-04T08:19:55.2620291Z  13  PASS  disparate_impact_audit_channel_is_sealed_and_role_gated  a finding naming a protected characteristic is refused; a response from any role but 'disparate-impact-respondent' is refused (checked against three registered roles); the defined respondent, structurally checked, succeeds
invariants	the invariant suite	2026-10-04T08:19:55.2622537Z  14  PASS  skill_eval_harness_is_agnostic_and_thresholds_are_guarded  6 real skill names absent from every harness function; the fixture skill passes, a degraded one fails, one right on a wrong basis fails and a short corpus is not measurable; no threshold or stated minimum lowered without a citation against the previous version (98caf04a10a9)
invariants	the invariant suite	2026-10-04T08:19:55.2624340Z  15  PASS  honest_build_inventory_matches_files_and_owning_tickets  18 capabilities classified (10 code, 3 inherited, 5 skill); 5 skill(s) each resolve to a real decision ticket under .scratch/twin/issues/
invariants	the invariant suite	2026-10-04T08:19:55.2625380Z  16  PASS  skill_score_log_is_append_only                13 line(s) against the previous version (9f4443e7b087) unchanged; 7 new
invariants	the invariant suite	2026-10-04T08:19:55.2626645Z  17  PASS  signal_classify_is_grade_5_by_construction    no grade-shaped parameter exists on classify(); every call returns evidence_grade 5; the real 23-item labelled corpus clears its threshold (outcome not-measurable) and a degraded classifier fails its threshold
invariants	the invariant suite	2026-10-04T08:19:55.2629265Z  18  PASS  evolution_judge_output_is_graded_by_construction_and_never_silent  no grade-shaped parameter exists on judge() or override(); judge() always emits grade 5, override() always emits grade 4 and refuses an unregistered role, override() cannot run without an inferred claim first, pushback() is never silent on agreement or disagreement; the real 4-item labelled corpus clears its threshold (outcome not-measurable) and a degraded judge fails its threshold
invariants	the invariant suite	2026-10-04T08:19:55.2631790Z  19  PASS  causal_claims_over_grading_is_penalised_and_alternatives_are_mandatory  over-grading every item to grade 1 passes the claim metric and fails the grade metric at 0.0; propose() never returns an empty alternatives field; shared_ancestors() finds the real shared dependency on both co-flagship edges
invariants	the invariant suite	2026-10-04T08:19:55.2634119Z  20  PASS  gameplay_lens_is_grade_5_and_reports_no_recommendation  no grade-shaped parameter exists on propose(); every opportunity carries evidence_grade 5; the real 3-item labelled corpus clears its threshold (outcome not-measurable) and a skill that proposes nothing fails its threshold; the sweep reports 1 opportunity candidate(s) beside 10 signal(s), and no action-shaped field found in it
invariants	the invariant suite	2026-10-04T08:19:55.2636728Z  21  PASS  substrate_generator_is_mundane_by_default_and_records_measurability_winning  regenerating from the identical recipe reproduces byte-for-byte; a plant-per-channel batch still clears mundane_fraction >= 0.7; the resolution names measurability winning; the real 3-item labelled corpus clears its threshold (outcome not-measurable) and a silent generator fails its threshold
invariants	the invariant suite	2026-10-04T08:19:55.2639053Z  22  PASS  ingest_runs_unattended_with_provenance_and_measured_throughput  ingest_run's own source calls no confirmation/review/approval step; 60 of 60 declared item(s) classified at grade 5, each carrying full provenance, measured at 34170.7 items/sec
invariants	the invariant suite	2026-10-04T08:19:55.2640794Z  23  PASS  unbound_pool_retains_a_decayed_signal_rather_than_dropping_it  a signal 9497 days old stays in the pool report (decayed: true, decayed_on 2002-02-17) rather than being dropped, and is excluded from the observable live pool_size/age_distribution rather than double-counted
invariants	the invariant suite	2026-10-04T08:19:55.2642462Z  24  PASS  retrospective_sweep_rescues_a_decayed_signal_when_a_model_change_binds_it  a signal 945 days old (decayed before rescue: true) stays still_unbound with no matching component, and rebinds the moment a model change adds one
invariants	the invariant suite	2026-10-04T08:19:55.2644812Z  25  PASS  substrate_reconciles_with_the_spine_and_the_diff_attack_finds_no_plants  a batch missing the 8-fact real Carillion spine fails reconcile(); once anchored it reconciles at every one of the spine's own dated checkpoints; a malformed checkpoint fails through regimes.RegimeError, not a parallel parser; the diff attack leaves the plant beside 24 non-plant decoy(s), while an over-anchored control exposes it as the sole residual
invariants	the invariant suite	2026-10-04T08:19:55.2647795Z  26  PASS  substrate_fidelity_is_measured_and_tuning_closes_a_real_gap  evaluate_fidelity() returns exactly the 7 declared dimensions; a balanced 50/50 mix genuinely misses reporting_asymmetry; tune() converges in 2 iteration(s) to a batch passing every band, with reporting_asymmetry=0.6206896551724138 skewing negative; a degraded batch fails 3 dimension(s) at once (plant_difficulty, plant_difficulty_spread, reporting_asymmetry)
invariants	the invariant suite	2026-10-04T08:19:55.2650991Z  27  PASS  planter_detector_scorer_are_structurally_separated_and_late_detection_scores_near_zero  twin/detector.py imports nothing naming 'planter'; detect() returns identical output with and without a decoy ground-truth key present; a plant detected before its actionability horizon scores 1.0, the identical plant detected after it scores 0.05 with the horizon named in the reason, and a missed plant scores 0.0; every result carries the shared-prior limitation verbatim
invariants	the invariant suite	2026-10-04T08:19:55.2653879Z  28  PASS  netflix_substrate_is_free_running_and_every_plant_carries_a_horizon  the committed Netflix recipe restates none of the spine's 6 facts; all 4 plants carry a declared horizon and reason, and a horizons file drifted from the recipe is refused; every fidelity dimension is inside its band at 2011-10-24; the report reproduces byte-for-byte and scores every plant, misses included, at a hit rate of 0.25
invariants	the invariant suite	2026-10-04T08:19:55.2658950Z  29  PASS  netflix_runs_both_paths_and_the_curve_keeps_the_disagreement  `twin backtest` and `twin rewind` independently resolved 2011-08-01 to the same commit; 3 rival forecasts (3 distinct) and 1 opportunity pulled from it, with `twin options` refusing the perspective and 0 causal edges at that commit; 'hold-the-bundled-price-for-one-quarter' priced with credit and 'ship-one-bill-and-one-sign-in-across-the-two-plans' refused with a reason, its own net cost of risk unmoved across every account; the accounts disagree (the-damage-was-mostly-the-rebrand->ship-one-bill-and-one-sign-in-across-the-two-plans, the-shock-crossed-to-the-streaming-side->hold-the-bundled-price-for-one-quarter, the-shock-stayed-on-the-dvd-side->ship-one-bill-and-one-sign-in-across-the-two-plans) and dropping any one leaves the rest untouched; enactment proposed on the lever through `record`; 1/8 emitted artefacts claim synthetic-substrate and all carry the limitation
invariants	the invariant suite	2026-10-04T08:19:55.2663745Z  30  PASS  intel_forecast_is_pinned_signed_and_names_its_own_unscoreability  `twin sweep` and a standalone `twin run` agree byte-for-byte on 'does-the-14a-bet-land-a-named-customer' (2 distinct forecasts); both artefacts are pinned and agent-signed; the emitted body names its own unscoreability, resolution window and checking procedure; the intel overlay carries zero outcomes and `twin score` refuses against it
invariants	the invariant suite	2026-10-04T08:19:55.2666357Z  31  PASS  benchmark_selection_is_mechanical_and_quarantine_catches_a_planted_breach  select_questions() reproduces byte-identically against the committed rule; the selected 18-question set spans all 6 declared confidence bins; a clean provenance audit reports no breach; a quarantined id planted in a nested field of an old and a since-elapsed record is caught at both
invariants	the invariant suite	2026-10-04T08:19:55.2669626Z  32  PASS  forecast_book_is_blind_by_construction_and_observe_only  an emission at or after its resolution window is refused (checked at the boundary and past it); a blind emission records observe_only/position_placed correctly and is_blind() agrees with its own recorded body; the module's public surface is exactly emit, is_blind, score_resolution, none position-shaped; score_resolution() calls scoring.score() and reproduces its output bit for bit; both the emission and the resolution score carry a claim_scope naming what the gate does not evidence
invariants	the invariant suite	2026-10-04T08:19:55.2672468Z  33  PASS  carillion_answer_key_is_dated_and_adversarial  8 dated signal(s), each citing a live https source and none citing the post-collapse HC 769; the answer key itself does; commit history spans 2016-11-01..2018-05-17 monotonically; the world layer names no tenant
invariants	the invariant suite	2026-10-04T08:19:55.2674152Z  34  PASS  further_answer_keys_are_dated_and_evidenced   nmc: 5 signal(s), contamination=low; wirecard: 6 signal(s), contamination=high; enron: 4 signal(s), contamination=control; royal-mail: 6 signal(s), contamination=low
invariants	the invariant suite	2026-10-04T08:19:55.2676181Z  35  PASS  measure_discount_is_computed_not_hardcoded    measure_discount([{'brier': 0.9025, 'log_loss': 2.99573227355}, {'brier': 0.81, 'log_loss': 2.30258509299}], [{'brier': 0.36, 'log_loss': 0.916290731874}, {'brier': 0.16, 'log_loss': 0.510825623766}])=-0.59625 != measure_discount([{'brier': 0.36, 'log_loss': 0.916290731874}, {'brier': 0.16, 'log_loss': 0.510825623766}], [{'brier': 0.9025, 'log_loss': 2.99573227355}, {'brier': 0.81, 'log_loss': 2.30258509299}])=0.59625
invariants	the invariant suite	2026-10-04T08:19:55.2678472Z  36  PASS  hindsight_resistance_cases_score_a_memorising_system_worse  az: memorising brier=0.7225 > honest brier=0.04; sanofi: memorising brier=0.7225 > honest brier=0.0625; discount without hindsight=-0.0384, with hindsight=0.316425
invariants	the invariant suite	2026-10-04T08:19:55.2680226Z  37  PASS  backtest_is_a_pure_composition                cmd_backtest's source calls exactly rewind( and verbs.run(, references no propagation, intervention or scoring machinery; an explicit rewind+run and run() alone compute the identical forecast at the same time, differing only in which command produced it
invariants	the invariant suite	2026-10-04T08:19:55.2682217Z  38  PASS  a_scored_forecast_is_never_silently_dropped   the partition holds on both a scoring card (1 emitted, 1 scored) and an all-unscoreable one (3 named, 0 scored); every scored forecast's own figure reaches stdout; the worst is brier 0.9025 and is printed first, worse than a coin flip and still the headline
invariants	the invariant suite	2026-10-04T08:19:55.2684131Z  39  PASS  causal_accounts_have_no_privileged_default    3 accounts, each dispensable, none privileged; dropping any one leaves the rest's own figures unmoved; a named account and overlay.graph() reach the same components; a planted author/date field on a causal-account is refused
invariants	the invariant suite	2026-10-04T08:19:55.2686095Z  40  PASS  trade_off_curve_reports_disagreement_never_a_scalar  expand-the-delivery-network's net cost of risk ranges 4,080,000 across 2 accounts ({'netflix-base-case': 39000000.0, 'rival-cdn-headwind': 43080000.0}), reported per account rather than averaged; no action-shaped field found; the default names its own basis
invariants	the invariant suite	2026-10-04T08:19:55.2688515Z  41  PASS  unanchored_severity_parameters_are_marked_not_assumed  subject 'data-breach-loss': 3 anchored (mu, sigma, threshold), 2 unanchored (beta, xi); a planted anchored-with-no-method or unanchored-with-no-reason is refused
invariants	the invariant suite	2026-10-04T08:19:55.2689722Z  42  PASS  graded_edge_fixture_holds_its_contract        4 graded causal edges, one degenerate and flagged; a stripped one is refused
invariants	the invariant suite	2026-10-04T08:19:55.2690652Z  43  PASS  drift_window_was_declared_before_it_was_measured  window 2026-08-07..2026-11-06 committed 2026-08-07, 2 declared falsifier(s), 105 sample(s), none earlier
invariants	the invariant suite	2026-10-04T08:19:55.2691542Z  44  PASS  drift_window_is_actually_being_sampled        105 sample(s) in an open window, newest 2026-10-03, 32 day(s) left
invariants	the invariant suite	2026-10-04T08:19:55.2694387Z  45  FAIL  flux_coverage_floor_is_still_reachable        the pre-registered coverage floor of 90% can no longer be reached: 3/1966 sample(s), only 32 days, 15:40:25.942479 of window left to take them in, a ceiling of 36.0%. The continuous-state branch closes `unmeasured`, so build ticket 65's primary falsifier is unanswerable and the residual branch cannot be concluded either. Chris Nesbitt-Smith owns the probe; window.yaml's `operation.crontab` is the line that was never installed. **This guard staying red is the finding, not a defect in it** — see build ticket 70's finding 1. It goes green only if the floor is actually reached
invariants	the invariant suite	2026-10-04T08:19:55.2697204Z  46  PASS  forced_campaign_pre_registered_and_walled_off  4 trial(s) declared, committed 2026-08-14, 464 forced sample(s), none earlier, none leaked into the organic log, no marker contamination
invariants	the invariant suite	2026-10-04T08:19:55.2698673Z  47  PASS  flux_verdict_is_pre_registered_and_derived    3 branches, floor 90%, amendment drafted; state=pending, residual=pending, action=unmeasured, verdict=none yet
invariants	the invariant suite	2026-10-04T08:19:55.2700989Z  48  PASS  enactment_is_propose_only_at_both_layers      layer 1 exposes exactly dependency_pins, propose; layer 2 refuses 5 disposition shape(s) and admits 3 proposing one(s), routed by a matcher that admits a tool name revealing nothing about merging; the proposal is derived and refuses a human signature; 17 cross-repository pin(s) across 4 consumers (3 self-sync, counted apart), 6 limit(s) stated. This check FORCED `operations` to test the capability; the estate is running at `development`, which admits every merge and every enactment push
invariants	the invariant suite	2026-10-04T08:19:55.2704092Z  49  PASS  enforcement_is_a_spectrum_and_never_prices_a_rung  4 rungs, 2 of them changing the outcome; a priced rung and a priced enforcement block are both refused; the same control is one Option at 'observe' and at 'block'; posture-as-identity admitted for 1 control and excluded by name for 3, of 5 named cases; 1 unrecorded move(s) caught in git history; the posture is authored and unsigned reads as unsigned
invariants	the invariant suite	2026-10-04T08:19:55.2707532Z  50  PASS  enactment_is_sensed_and_corroboration_sets_the_grade  6 channels, none pricing alone (5 independent of the subject); a table that prices alone, one carrying a privileging field and a people-observing channel with no admission ladder are all refused; three self-declared claims across two of the subject's own channels stay at 1 independent channel and grade 4; the reconciler is interchangeable with 4 other machine channel(s); the fixture's corroborated response grades 2 from a strongest-alone of 3 and prices, its self-declared one grades 4 and does not; a claim naming its own grade is refused; both signal kinds sense to bound-signal
invariants	the invariant suite	2026-10-04T08:19:55.2710255Z  51  PASS  scheduled_emission_ignores_signal_presence    2 scenario(s) across 1 repo(s) emitted 6 forecast(s) on both of two consecutive, unconditional sweeps
invariants	the invariant suite	2026-10-04T08:19:55.2711357Z  52  PASS  an_intervention_never_reaches_upstream        do(streaming-experience) severs 1 edge(s) and updates nothing upstream; observe() updates 1; the downstream halves are identical
invariants	the invariant suite	2026-10-04T08:19:55.2712493Z  53  SKIP  cross_architecture_determinism                requires the CI matrix (set TWIN_CI_ARCH_MATRIX=1); the same-machine leg is asserted by identical_pins_identical_bytes
invariants	the invariant suite	2026-10-04T08:19:55.2714397Z  54  PASS  substrate_regeneration_is_not_deterministic_so_it_is_authored  the pure seeded generator reproduces from an identical recipe; the stand-in live-model generator does not; an authored substrate batch accepts a human signature and a derived reference to it still refuses one; a substrate-referencing sense artefact reproduces from its pins with the substrate bytes never written anywhere twin can read them
invariants	the invariant suite	2026-10-04T08:19:55.2716806Z  55  PASS  twin_self_reference_is_cut_not_recursed       a component carrying a planted models_graph/nested_twin/twin_of field is refused at load; propagating the twin's own fixture from either side of its self-referential cycle reaches the other component exactly once and the return leg is cut, disclosed, not silent
invariants	the invariant suite	2026-10-04T08:19:55.2719652Z  56  PASS  ethics_gate_ladder_stops_early_and_fast_improvement_is_never_an_automatic_finding  the ladder stops at its first failing rung without touching the rest; a fully-passing walk carries a justification on every rung; flag_fast_improvement() carries no action/verdict-shaped field or phrase; adjudication refuses an unflagged input and an unregistered role; the real 5-item labelled corpus clears its threshold (outcome not-measurable) and a skill that admits everything fails its threshold
invariants	the invariant suite	2026-10-04T08:19:55.2721898Z  57  SKIP  does_not_do_register_is_generated_never_typed  every loaded capability is already `full`; there is nothing left to check off
invariants	the invariant suite	2026-10-04T08:19:55.2723258Z  58  PASS  the_demo_sequence_earns_credibility_before_it_spends_it  royal-mail, intel, netflix in that order; £ absent from the first two beats; propose precedes both price and trade-off in the third
invariants	the invariant suite	2026-10-04T08:19:55.2725291Z  59  PASS  mitigation_credit_is_gated_on_corroborated_enactment_not_just_claimed_evidence  an identical claim credits against a corroborated option and refuses as NOT_ENACTED (never CLAIM_TOO_WEAK) against an uncorroborated one; the live price artefact credits retrain-the-on-call-rota against its own fixture's corroborated enactment and refuses it the moment that corroboration is stripped from the same fixture
invariants	the invariant suite	2026-10-04T08:19:55.2727222Z  60  PASS  store_rebuildable_from_git                    index dropped and rebuilt from git alone, identically (df33e237a9f2); 8 aggregate field names have no authored or stored form
invariants	the invariant suite	2026-10-04T08:19:55.2728575Z  61  PASS  identical_pins_identical_bytes                12 artefacts identical across runs, processes, hash seeds and the committed goldens; a score card reproduces from its pins and a hand-edited one does not
invariants	the invariant suite	2026-10-04T08:19:55.2729614Z  62  PASS  every_artefact_marked                         all emitted artefacts marked; an unmarked artefact refuses to serialise
invariants	the invariant suite	2026-10-04T08:19:55.2730355Z  63  PASS  every_capability_depth_graded                 6 capabilities graded by computed checklist; typed grades refused
invariants	the invariant suite	2026-10-04T08:19:55.2731251Z  64  PASS  world_never_references_overlay                clean fixture is clean; planted violation caught (world/components/tenant-leak.yaml: names a tenant ('netflix'))
invariants	the invariant suite	2026-10-04T08:19:55.2732316Z  65  PASS  no_collapse_mechanism                         3 forecasts emitted, no collapse affordance anywhere; 3 combined propagation figures, each beside every path it combines
invariants	the invariant suite	2026-10-04T08:19:55.2733457Z  66  PASS  no_recommended_action_field                   no recommendation field in any artefact; every declared one is refused at emission; 7 map positions carry numbers and no inherited action band
invariants	the invariant suite	2026-10-04T08:19:55.2734724Z  67  PASS  derived_never_human_signed                    derived artefacts refuse human signatures and a planted one is detected on read; authored artefacts require one; the two signature types never substitute
invariants	the invariant suite	2026-10-04T08:19:55.2735751Z  68  PASS  only_as_consumed_scores                       3 as-consumed scores; as-knowable and with-hindsight refused explicitly
invariants	the invariant suite	2026-10-04T08:19:55.2736465Z  69  PASS  no_special_category_slot                      36 Article 9 categories with no representation, at any depth
invariants	the invariant suite	2026-10-04T08:19:55.2738365Z  70  PASS  grade_5_only_path_never_prices                grades [1, 2] price and 5 never does; 1 admitted on fully-graded paths and brand-goodwill unpriced at grade 5; every perspective registers it without a figure in both the exposure and the priced impact, and the schema refuses one; mitigation credit is gated on the same rule; the blast body is closed with no price slot; the threshold is pinned in the artefact and moving it moves the digest
invariants	the invariant suite	2026-10-04T08:19:55.2740614Z  71  PASS  ruin_class_absent_not_priced                  2 options removed before pricing at both tiers, carrying no figure; neither a zero nor an absurd cost brings one back; 1 priced, and the ruin-class one still survives the perspective that declares no such boundary
invariants	the invariant suite	2026-10-04T08:19:55.2742231Z  72  PASS  prefilter_precedes_pricing                    pricing is a method on the pre-filter's product and no free pricing function exists; a hand-built Admitted set is refused; 3 options considered, 2 removed on published constraints and 1 priced
invariants	the invariant suite	2026-10-04T08:19:55.2743769Z  73  PASS  as_consumed_admits_no_post_T_fact             regime has no default and no schema slot; as-consumed admits 1 of 4 facts and still forecasts; a post-T fact bound to the subject refuses the run
invariants	the invariant suite	2026-10-04T08:19:55.2745751Z  74  PASS  price_levels_never_probabilities              as_probability refuses every level handed to it, by construction, with no warning path; 2 price-move signals classified against the real fixture graph with no probability-shaped field anywhere in the artefact and the bias evidence cited; a quarantined question id is excluded before classification runs, and build ticket 57's own audit confirms the result clean
invariants	the invariant suite	2026-10-04T08:19:55.2748307Z  75  PASS  standing_library_covers_committed_classes     the standing library covers all 11 committed classes: ai-model-access, bus-factor-key-person, climate-event, eol-date-passes, insider-coercion, m-and-a, memory-cost, penalty-published, quantum-hndl, sanctions, supply-shock
invariants	the invariant suite	2026-10-04T08:19:55.2749311Z 
invariants	the invariant suite	2026-10-04T08:19:55.2749560Z RESULT: 72 passed, 1 failed, 2 skipped (0 pending invariants, 2 skipped and not faked)
invariants	the invariant suite	2026-10-04T08:19:55.2752230Z   FAIL flux_coverage_floor_is_still_reachable: the pre-registered coverage floor of 90% can no longer be reached: 3/1966 sample(s), only 32 days, 15:40:25.942479 of window left to take them in, a ceiling of 36.0%. The continuous-state branch closes `unmeasured`, so build ticket 65's primary falsifier is unanswerable and the residual branch cannot be concluded either. Chris Nesbitt-Smith owns the probe; window.yaml's `operation.crontab` is the line that was never installed. **This guard staying red is the finding, not a defect in it** — see build ticket 70's finding 1. It goes green only if the floor is actually reached
invariants	the invariant suite	2026-10-04T08:19:55.2834034Z ##[error]Process completed with exit code 1.
tests	Run python -m pytest -q	﻿2026-10-04T08:19:12.5888484Z ##[group]Run python -m pytest -q
tests	Run python -m pytest -q	2026-10-04T08:19:12.5888886Z ^[[36;1mpython -m pytest -q^[[0m
tests	Run python -m pytest -q	2026-10-04T08:19:12.5924188Z shell: /usr/bin/bash -e {0}
tests	Run python -m pytest -q	2026-10-04T08:19:12.5924503Z env:
tests	Run python -m pytest -q	2026-10-04T08:19:12.5924834Z   pythonLocation: /opt/hostedtoolcache/Python/3.12.14/x64
tests	Run python -m pytest -q	2026-10-04T08:19:12.5925275Z   PKG_CONFIG_PATH: /opt/hostedtoolcache/Python/3.12.14/x64/lib/pkgconfig
tests	Run python -m pytest -q	2026-10-04T08:19:12.5925694Z   Python_ROOT_DIR: /opt/hostedtoolcache/Python/3.12.14/x64
tests	Run python -m pytest -q	2026-10-04T08:19:12.5926106Z   Python2_ROOT_DIR: /opt/hostedtoolcache/Python/3.12.14/x64
tests	Run python -m pytest -q	2026-10-04T08:19:12.5926482Z   Python3_ROOT_DIR: /opt/hostedtoolcache/Python/3.12.14/x64
tests	Run python -m pytest -q	2026-10-04T08:19:12.5927039Z   LD_LIBRARY_PATH: /opt/hostedtoolcache/Python/3.12.14/x64/lib
tests	Run python -m pytest -q	2026-10-04T08:19:12.5927457Z ##[endgroup]
tests	Run python -m pytest -q	2026-10-04T08:19:19.9470951Z bringing up nodes...
tests	Run python -m pytest -q	2026-10-04T08:19:19.9487572Z bringing up nodes...
tests	Run python -m pytest -q	2026-10-04T08:19:19.9517155Z 
tests	Run python -m pytest -q	2026-10-04T08:19:20.3146311Z ........................................................................ [  2%]
tests	Run python -m pytest -q	2026-10-04T08:19:21.2242693Z ........................................................................ [  4%]
tests	Run python -m pytest -q	2026-10-04T08:19:22.6149210Z ........................................................................ [  7%]
tests	Run python -m pytest -q	2026-10-04T08:19:24.7191575Z ........................................................................ [  9%]
tests	Run python -m pytest -q	2026-10-04T08:19:26.5732811Z ......................................................................ss [ 12%]
tests	Run python -m pytest -q	2026-10-04T08:19:28.7650294Z ssssss..............................ss...............ssssssss........... [ 14%]
tests	Run python -m pytest -q	2026-10-04T08:19:33.0675076Z ........................................................................ [ 17%]
tests	Run python -m pytest -q	2026-10-04T08:19:36.9219958Z ........................................................................ [ 19%]
tests	Run python -m pytest -q	2026-10-04T08:19:37.0725335Z ........................................................................ [ 22%]
tests	Run python -m pytest -q	2026-10-04T08:19:37.6730571Z ........................................................................ [ 24%]
tests	Run python -m pytest -q	2026-10-04T08:19:37.9507234Z ........................................................................ [ 27%]
tests	Run python -m pytest -q	2026-10-04T08:19:41.8889571Z ........................................................................ [ 29%]
tests	Run python -m pytest -q	2026-10-04T08:19:44.1306638Z ........................................................................ [ 32%]
tests	Run python -m pytest -q	2026-10-04T08:19:47.0336436Z ........................................................................ [ 34%]
tests	Run python -m pytest -q	2026-10-04T08:19:51.4061147Z ........................................................................ [ 37%]
tests	Run python -m pytest -q	2026-10-04T08:19:55.1418577Z ........................................................................ [ 39%]
tests	Run python -m pytest -q	2026-10-04T08:19:59.4584010Z ........................................................................ [ 41%]
tests	Run python -m pytest -q	2026-10-04T08:20:00.5214208Z ......................ss.....F.F..s.sss................................. [ 44%]
tests	Run python -m pytest -q	2026-10-04T08:20:02.7888881Z ............................................................F.FFFFF.F..F [ 46%]
tests	Run python -m pytest -q	2026-10-04T08:20:07.8629182Z F.FF.F.................................................................. [ 49%]
tests	Run python -m pytest -q	2026-10-04T08:20:14.3297887Z ........................................................................ [ 51%]
tests	Run python -m pytest -q	2026-10-04T08:20:16.7371864Z ........................................................................ [ 54%]
tests	Run python -m pytest -q	2026-10-04T08:20:20.9891095Z ........................................................................ [ 56%]
tests	Run python -m pytest -q	2026-10-04T08:20:26.3026394Z ........................................................................ [ 59%]
tests	Run python -m pytest -q	2026-10-04T08:20:45.5873753Z ........................................................................ [ 61%]
tests	Run python -m pytest -q	2026-10-04T08:20:58.7287350Z ...........................................F............................ [ 64%]
tests	Run python -m pytest -q	2026-10-04T08:21:04.9460853Z ........................................................................ [ 66%]
tests	Run python -m pytest -q	2026-10-04T08:21:10.8598064Z ........................................................................ [ 69%]
tests	Run python -m pytest -q	2026-10-04T08:21:13.6918630Z ........................................................................ [ 71%]
tests	Run python -m pytest -q	2026-10-04T08:21:14.4788261Z ........................................................................ [ 74%]
tests	Run python -m pytest -q	2026-10-04T08:21:16.2244885Z ........................................................................ [ 76%]
tests	Run python -m pytest -q	2026-10-04T08:21:20.4758146Z ........................................................................ [ 78%]
tests	Run python -m pytest -q	2026-10-04T08:21:22.4938312Z ........................................................................ [ 81%]
tests	Run python -m pytest -q	2026-10-04T08:21:23.5300390Z ........................................................................ [ 83%]
tests	Run python -m pytest -q	2026-10-04T08:21:28.7228588Z ........................................................................ [ 86%]
tests	Run python -m pytest -q	2026-10-04T08:21:31.1501952Z ........................................................................ [ 88%]
tests	Run python -m pytest -q	2026-10-04T08:21:36.4358464Z ........................................................................ [ 91%]
tests	Run python -m pytest -q	2026-10-04T08:21:37.6776994Z ........................................................................ [ 93%]
tests	Run python -m pytest -q	2026-10-04T08:21:42.3717359Z ........................................................................ [ 96%]
tests	Run python -m pytest -q	2026-10-04T08:21:46.7256264Z ........................................................................ [ 98%]
tests	Run python -m pytest -q	2026-10-04T08:21:48.8340295Z .....................................                                    [100%]
tests	Run python -m pytest -q	2026-10-04T08:21:48.8341347Z =================================== FAILURES ===================================
tests	Run python -m pytest -q	2026-10-04T08:21:48.8342013Z ___ test_implementing_a_weighted_control_moves_the_regime_price_and_the_tier ___
tests	Run python -m pytest -q	2026-10-04T08:21:48.8342925Z [gw1] linux -- Python 3.12.14 /opt/hostedtoolcache/Python/3.12.14/x64/bin/python
tests	Run python -m pytest -q	2026-10-04T08:21:48.8343346Z 
tests	Run python -m pytest -q	2026-10-04T08:21:48.8343737Z tmp_path = PosixPath('/tmp/pytest-of-runner/pytest-0/popen-gw1/test_implementing_a_weighted_c0')
tests	Run python -m pytest -q	2026-10-04T08:21:48.8344236Z 
tests	Run python -m pytest -q	2026-10-04T08:21:48.8344616Z     def test_implementing_a_weighted_control_moves_the_regime_price_and_the_tier(tmp_path):
tests	Run python -m pytest -q	2026-10-04T08:21:48.8345466Z         """Survivor 1, round 1 `overreach-6`, repaired by eco-system ticket 121. tuppence is composed
tests	Run python -m pytest -q	2026-10-04T08:21:48.8346565Z         against its real pinned parents three times: as it is, with its own claim on `pl-2` alone,
tests	Run python -m pytest -q	2026-10-04T08:21:48.8347522Z         and with its own claim on every control the pinned regulator weights name. The partition on
tests	Run python -m pytest -q	2026-10-04T08:21:48.8348140Z         the entry does not change: every line keeps its share and the lines still sum to `total`.
tests	Run python -m pytest -q	2026-10-04T08:21:48.8348632Z         The entry's amount is the sum of the lines still open. Claiming `pl-2` takes exactly its
tests	Run python -m pytest -q	2026-10-04T08:21:48.8349167Z         line off the entry and off the exposure total. Claiming every weighted control takes the
tests	Run python -m pytest -q	2026-10-04T08:21:48.8349676Z         whole entry to zero, and the regime's tier drops to the rung a zero residual selects under
tests	Run python -m pytest -q	2026-10-04T08:21:48.8350151Z         tuppence's own floor. Every other entry keeps its tier."""
tests	Run python -m pytest -q	2026-10-04T08:21:48.8350510Z         comp = _composition()
tests	Run python -m pytest -q	2026-10-04T08:21:48.8350918Z >       before, before_rendered = comp.compose(_tuppence(tmp_path / "before"), _trees())
tests	Run python -m pytest -q	2026-10-04T08:21:48.8351366Z                                                ^^^^^^^^^^^^^^^^^^^^^^^^^^^^^^
tests	Run python -m pytest -q	2026-10-04T08:21:48.8351559Z 
tests	Run python -m pytest -q	2026-10-04T08:21:48.8351730Z tests/test_loophole_adr_0026.py:343: 
tests	Run python -m pytest -q	2026-10-04T08:21:48.8352062Z _ _ _ _ _ _ _ _ _ _ _ _ _ _ _ _ _ _ _ _ _ _ _ _ _ _ _ _ _ _ _ _ _ _ _ _ _ _ _ _ 
tests	Run python -m pytest -q	2026-10-04T08:21:48.8352436Z tests/test_loophole_adr_0026.py:204: in _tuppence
tests	Run python -m pytest -q	2026-10-04T08:21:48.8352798Z     shutil.copytree(src / "inventory", work / "inventory")
tests	Run python -m pytest -q	2026-10-04T08:21:48.8353179Z _ _ _ _ _ _ _ _ _ _ _ _ _ _ _ _ _ _ _ _ _ _ _ _ _ _ _ _ _ _ _ _ _ _ _ _ _ _ _ _ 
tests	Run python -m pytest -q	2026-10-04T08:21:48.8353412Z 
tests	Run python -m pytest -q	2026-10-04T08:21:48.8353784Z src = PosixPath('/home/runner/work/policy-as-versioned-flux/policy-as-versioned-flux/.estate-clone/tuppence/inventory')
tests	Run python -m pytest -q	2026-10-04T08:21:48.8354475Z dst = PosixPath('/tmp/pytest-of-runner/pytest-0/popen-gw1/test_implementing_a_weighted_c0/before/tuppence/inventory')
tests	Run python -m pytest -q	2026-10-04T08:21:48.8354978Z symlinks = False, ignore = None
tests	Run python -m pytest -q	2026-10-04T08:21:48.8355300Z copy_function = <function copy2 at 0x7f40327e3ec0>
tests	Run python -m pytest -q	2026-10-04T08:21:48.8355779Z ignore_dangling_symlinks = False, dirs_exist_ok = False
tests	Run python -m pytest -q	2026-10-04T08:21:48.8356031Z 
tests	Run python -m pytest -q	2026-10-04T08:21:48.8356212Z     def copytree(src, dst, symlinks=False, ignore=None, copy_function=copy2,
tests	Run python -m pytest -q	2026-10-04T08:21:48.8356617Z                  ignore_dangling_symlinks=False, dirs_exist_ok=False):
tests	Run python -m pytest -q	2026-10-04T08:21:48.8357399Z         """Recursively copy a directory tree and return the destination directory.
tests	Run python -m pytest -q	2026-10-04T08:21:48.8357769Z     
tests	Run python -m pytest -q	2026-10-04T08:21:48.8358087Z         If exception(s) occur, an Error is raised with a list of reasons.
tests	Run python -m pytest -q	2026-10-04T08:21:48.8358457Z     
tests	Run python -m pytest -q	2026-10-04T08:21:48.8358736Z         If the optional symlinks flag is true, symbolic links in the
tests	Run python -m pytest -q	2026-10-04T08:21:48.8359174Z         source tree result in symbolic links in the destination tree; if
tests	Run python -m pytest -q	2026-10-04T08:21:48.8359572Z         it is false, the contents of the files pointed to by symbolic
tests	Run python -m pytest -q	2026-10-04T08:21:48.8359972Z         links are copied. If the file pointed to by the symlink doesn't
tests	Run python -m pytest -q	2026-10-04T08:21:48.8360443Z         exist, an exception will be added in the list of errors raised in
tests	Run python -m pytest -q	2026-10-04T08:21:48.8360815Z         an Error exception at the end of the copy process.
tests	Run python -m pytest -q	2026-10-04T08:21:48.8361147Z     
tests	Run python -m pytest -q	2026-10-04T08:21:48.8361448Z         You can set the optional ignore_dangling_symlinks flag to true if you
tests	Run python -m pytest -q	2026-10-04T08:21:48.8361869Z         want to silence this exception. Notice that this has no effect on
tests	Run python -m pytest -q	2026-10-04T08:21:48.8362272Z         platforms that don't support os.symlink.
tests	Run python -m pytest -q	2026-10-04T08:21:48.8362564Z     
tests	Run python -m pytest -q	2026-10-04T08:21:48.8362866Z         The optional ignore argument is a callable. If given, it
tests	Run python -m pytest -q	2026-10-04T08:21:48.8363282Z         is called with the `src` parameter, which is the directory
tests	Run python -m pytest -q	2026-10-04T08:21:48.8363675Z         being visited by copytree(), and `names` which is the list of
tests	Run python -m pytest -q	2026-10-04T08:21:48.8364075Z         `src` contents, as returned by os.listdir():
tests	Run python -m pytest -q	2026-10-04T08:21:48.8364376Z     
tests	Run python -m pytest -q	2026-10-04T08:21:48.8364684Z             callable(src, names) -> ignored_names
tests	Run python -m pytest -q	2026-10-04T08:21:48.8365056Z     
tests	Run python -m pytest -q	2026-10-04T08:21:48.8365331Z         Since copytree() is called recursively, the callable will be
tests	Run python -m pytest -q	2026-10-04T08:21:48.8365883Z         called once for each directory that is copied. It returns a
tests	Run python -m pytest -q	2026-10-04T08:21:48.8366498Z         list of names relative to the `src` directory that should
tests	Run python -m pytest -q	2026-10-04T08:21:48.8367012Z         not be copied.
tests	Run python -m pytest -q	2026-10-04T08:21:48.8367358Z     
tests	Run python -m pytest -q	2026-10-04T08:21:48.8367796Z         The optional copy_function argument is a callable that will be used
tests	Run python -m pytest -q	2026-10-04T08:21:48.8368383Z         to copy each file. It will be called with the source path and the
tests	Run python -m pytest -q	2026-10-04T08:21:48.8369035Z         destination path as arguments. By default, copy2() is used, but any
tests	Run python -m pytest -q	2026-10-04T08:21:48.8369689Z         function that supports the same signature (like copy()) can be used.
tests	Run python -m pytest -q	2026-10-04T08:21:48.8370164Z     
tests	Run python -m pytest -q	2026-10-04T08:21:48.8370682Z         If dirs_exist_ok is false (the default) and `dst` already exists, a
tests	Run python -m pytest -q	2026-10-04T08:21:48.8371118Z         `FileExistsError` is raised. If `dirs_exist_ok` is true, the copying
tests	Run python -m pytest -q	2026-10-04T08:21:48.8371570Z         operation will continue if it encounters existing directories, and files
tests	Run python -m pytest -q	2026-10-04T08:21:48.8372015Z         within the `dst` tree will be overwritten by corresponding files from the
tests	Run python -m pytest -q	2026-10-04T08:21:48.8372737Z         `src` tree.
tests	Run python -m pytest -q	2026-10-04T08:21:48.8373029Z         """
tests	Run python -m pytest -q	2026-10-04T08:21:48.8373318Z         sys.audit("shutil.copytree", src, dst)
tests	Run python -m pytest -q	2026-10-04T08:21:48.8373684Z >       with os.scandir(src) as itr:
tests	Run python -m pytest -q	2026-10-04T08:21:48.8374014Z              ^^^^^^^^^^^^^^^
tests	Run python -m pytest -q	2026-10-04T08:21:48.8374584Z E       FileNotFoundError: [Errno 2] No such file or directory: '/home/runner/work/policy-as-versioned-flux/policy-as-versioned-flux/.estate-clone/tuppence/inventory'
tests	Run python -m pytest -q	2026-10-04T08:21:48.8375059Z 
tests	Run python -m pytest -q	2026-10-04T08:21:48.8375340Z /opt/hostedtoolcache/Python/3.12.14/x64/lib/python3.12/shutil.py:598: FileNotFoundError
tests	Run python -m pytest -q	2026-10-04T08:21:48.8375834Z _____ test_removing_an_implemented_control_puts_its_line_back_on_the_price _____
tests	Run python -m pytest -q	2026-10-04T08:21:48.8376412Z [gw1] linux -- Python 3.12.14 /opt/hostedtoolcache/Python/3.12.14/x64/bin/python
tests	Run python -m pytest -q	2026-10-04T08:21:48.8376695Z 
tests	Run python -m pytest -q	2026-10-04T08:21:48.8377143Z tmp_path = PosixPath('/tmp/pytest-of-runner/pytest-0/popen-gw1/test_removing_an_implemented_c0')
tests	Run python -m pytest -q	2026-10-04T08:21:48.8377486Z 
tests	Run python -m pytest -q	2026-10-04T08:21:48.8377706Z     def test_removing_an_implemented_control_puts_its_line_back_on_the_price(tmp_path):
tests	Run python -m pytest -q	2026-10-04T08:21:48.8378264Z         """Ticket 121's consequence for ADR-0026 point 5. The regulator prices a control whether or
tests	Run python -m pytest -q	2026-10-04T08:21:48.8378794Z         not the adopter selects it, so only a selected, claimed control comes off the entry. tuppence
tests	Run python -m pytest -q	2026-10-04T08:21:48.8379316Z         claims `ra-3` under MODERATE, and its line comes off. Against a nist copy whose LOW drops
tests	Run python -m pytest -q	2026-10-04T08:21:48.8379844Z         `ra-3`, tuppence on LOW keeps the claim, the line reads `unselected`, and the entry is the
tests	Run python -m pytest -q	2026-10-04T08:21:48.8380251Z         whole partition again."""
tests	Run python -m pytest -q	2026-10-04T08:21:48.8380580Z         comp = _composition()
tests	Run python -m pytest -q	2026-10-04T08:21:48.8380893Z         nist = tmp_path / "nist"
tests	Run python -m pytest -q	2026-10-04T08:21:48.8381265Z         shutil.copytree(ESTATE / "nist", nist, ignore=shutil.ignore_patterns(".git"))
tests	Run python -m pytest -q	2026-10-04T08:21:48.8381756Z         low = nist / "catalog" / "NIST_SP-800-53_rev5.2.0_LOW-baseline_profile.json"
tests	Run python -m pytest -q	2026-10-04T08:21:48.8382150Z         profile = json.loads(low.read_text())
tests	Run python -m pytest -q	2026-10-04T08:21:48.8382509Z         for imp in profile["profile"]["imports"]:
tests	Run python -m pytest -q	2026-10-04T08:21:48.8382851Z             for inc in imp.get("include-controls", []):
tests	Run python -m pytest -q	2026-10-04T08:21:48.8383173Z                 if "ra-3" in inc.get("with-ids", []):
tests	Run python -m pytest -q	2026-10-04T08:21:48.8383513Z                     inc["with-ids"].remove("ra-3")
tests	Run python -m pytest -q	2026-10-04T08:21:48.8383864Z         low.write_text(json.dumps(profile))
tests	Run python -m pytest -q	2026-10-04T08:21:48.8384197Z         trees = _trees(nist=nist)
tests	Run python -m pytest -q	2026-10-04T08:21:48.8384459Z     
tests	Run python -m pytest -q	2026-10-04T08:21:48.8384748Z >       claimed, _ = _claiming(comp, tmp_path / "moderate", ["ra-3"], trees)
tests	Run python -m pytest -q	2026-10-04T08:21:48.8385224Z                      ^^^^^^^^^^^^^^^^^^^^^^^^^^^^^^^^^^^^^^^^^^^^^^^^^^^^^^^
tests	Run python -m pytest -q	2026-10-04T08:21:48.8385437Z 
tests	Run python -m pytest -q	2026-10-04T08:21:48.8385553Z tests/test_loophole_adr_0026.py:397: 
tests	Run python -m pytest -q	2026-10-04T08:21:48.8385902Z _ _ _ _ _ _ _ _ _ _ _ _ _ _ _ _ _ _ _ _ _ _ _ _ _ _ _ _ _ _ _ _ _ _ _ _ _ _ _ _ 
tests	Run python -m pytest -q	2026-10-04T08:21:48.8386266Z tests/test_loophole_adr_0026.py:319: in _claiming
tests	Run python -m pytest -q	2026-10-04T08:21:48.8386594Z     work = _tuppence(root)
tests	Run python -m pytest -q	2026-10-04T08:21:48.8387014Z            ^^^^^^^^^^^^^^^
tests	Run python -m pytest -q	2026-10-04T08:21:48.8387337Z tests/test_loophole_adr_0026.py:204: in _tuppence
tests	Run python -m pytest -q	2026-10-04T08:21:48.8387692Z     shutil.copytree(src / "inventory", work / "inventory")
tests	Run python -m pytest -q	2026-10-04T08:21:48.8388068Z _ _ _ _ _ _ _ _ _ _ _ _ _ _ _ _ _ _ _ _ _ _ _ _ _ _ _ _ _ _ _ _ _ _ _ _ _ _ _ _ 
tests	Run python -m pytest -q	2026-10-04T08:21:48.8388295Z 
tests	Run python -m pytest -q	2026-10-04T08:21:48.8388603Z src = PosixPath('/home/runner/work/policy-as-versioned-flux/policy-as-versioned-flux/.estate-clone/tuppence/inventory')
tests	Run python -m pytest -q	2026-10-04T08:21:48.8389693Z dst = PosixPath('/tmp/pytest-of-runner/pytest-0/popen-gw1/test_removing_an_implemented_c0/moderate/tuppence/inventory')
tests	Run python -m pytest -q	2026-10-04T08:21:48.8390550Z symlinks = False, ignore = None
tests	Run python -m pytest -q	2026-10-04T08:21:48.8390986Z copy_function = <function copy2 at 0x7f40327e3ec0>
tests	Run python -m pytest -q	2026-10-04T08:21:48.8391379Z ignore_dangling_symlinks = False, dirs_exist_ok = False
tests	Run python -m pytest -q	2026-10-04T08:21:48.8391590Z 
tests	Run python -m pytest -q	2026-10-04T08:21:48.8391807Z     def copytree(src, dst, symlinks=False, ignore=None, copy_function=copy2,
tests	Run python -m pytest -q	2026-10-04T08:21:48.8392219Z                  ignore_dangling_symlinks=False, dirs_exist_ok=False):
tests	Run python -m pytest -q	2026-10-04T08:21:48.8392661Z         """Recursively copy a directory tree and return the destination directory.
tests	Run python -m pytest -q	2026-10-04T08:21:48.8393034Z     
tests	Run python -m pytest -q	2026-10-04T08:21:48.8393357Z         If exception(s) occur, an Error is raised with a list of reasons.
tests	Run python -m pytest -q	2026-10-04T08:21:48.8393719Z     
tests	Run python -m pytest -q	2026-10-04T08:21:48.8394006Z         If the optional symlinks flag is true, symbolic links in the
tests	Run python -m pytest -q	2026-10-04T08:21:48.8394422Z         source tree result in symbolic links in the destination tree; if
tests	Run python -m pytest -q	2026-10-04T08:21:48.8394938Z         it is false, the contents of the files pointed to by symbolic
tests	Run python -m pytest -q	2026-10-04T08:21:48.8395337Z         links are copied. If the file pointed to by the symlink doesn't
tests	Run python -m pytest -q	2026-10-04T08:21:48.8395774Z         exist, an exception will be added in the list of errors raised in
tests	Run python -m pytest -q	2026-10-04T08:21:48.8396156Z         an Error exception at the end of the copy process.
tests	Run python -m pytest -q	2026-10-04T08:21:48.8396524Z     
tests	Run python -m pytest -q	2026-10-04T08:21:48.8397074Z         You can set the optional ignore_dangling_symlinks flag to true if you
tests	Run python -m pytest -q	2026-10-04T08:21:48.8397508Z         want to silence this exception. Notice that this has no effect on
tests	Run python -m pytest -q	2026-10-04T08:21:48.8397890Z         platforms that don't support os.symlink.
tests	Run python -m pytest -q	2026-10-04T08:21:48.8398186Z     
tests	Run python -m pytest -q	2026-10-04T08:21:48.8398475Z         The optional ignore argument is a callable. If given, it
tests	Run python -m pytest -q	2026-10-04T08:21:48.8398886Z         is called with the `src` parameter, which is the directory
tests	Run python -m pytest -q	2026-10-04T08:21:48.8399270Z         being visited by copytree(), and `names` which is the list of
tests	Run python -m pytest -q	2026-10-04T08:21:48.8399680Z         `src` contents, as returned by os.listdir():
tests	Run python -m pytest -q	2026-10-04T08:21:48.8400104Z     
tests	Run python -m pytest -q	2026-10-04T08:21:48.8400368Z             callable(src, names) -> ignored_names
tests	Run python -m pytest -q	2026-10-04T08:21:48.8400686Z     
tests	Run python -m pytest -q	2026-10-04T08:21:48.8401086Z         Since copytree() is called recursively, the callable will be
tests	Run python -m pytest -q	2026-10-04T08:21:48.8401500Z         called once for each directory that is copied. It returns a
tests	Run python -m pytest -q	2026-10-04T08:21:48.8401902Z         list of names relative to the `src` directory that should
tests	Run python -m pytest -q	2026-10-04T08:21:48.8402235Z         not be copied.
tests	Run python -m pytest -q	2026-10-04T08:21:48.8402492Z     
tests	Run python -m pytest -q	2026-10-04T08:21:48.8402795Z         The optional copy_function argument is a callable that will be used
tests	Run python -m pytest -q	2026-10-04T08:21:48.8403219Z         to copy each file. It will be called with the source path and the
tests	Run python -m pytest -q	2026-10-04T08:21:48.8403650Z         destination path as arguments. By default, copy2() is used, but any
tests	Run python -m pytest -q	2026-10-04T08:21:48.8404105Z         function that supports the same signature (like copy()) can be used.
tests	Run python -m pytest -q	2026-10-04T08:21:48.8404533Z     
tests	Run python -m pytest -q	2026-10-04T08:21:48.8404829Z         If dirs_exist_ok is false (the default) and `dst` already exists, a
tests	Run python -m pytest -q	2026-10-04T08:21:48.8405267Z         `FileExistsError` is raised. If `dirs_exist_ok` is true, the copying
tests	Run python -m pytest -q	2026-10-04T08:21:48.8405724Z         operation will continue if it encounters existing directories, and files
tests	Run python -m pytest -q	2026-10-04T08:21:48.8406163Z         within the `dst` tree will be overwritten by corresponding files from the
tests	Run python -m pytest -q	2026-10-04T08:21:48.8406556Z         `src` tree.
tests	Run python -m pytest -q	2026-10-04T08:21:48.8407071Z         """
tests	Run python -m pytest -q	2026-10-04T08:21:48.8407396Z         sys.audit("shutil.copytree", src, dst)
tests	Run python -m pytest -q	2026-10-04T08:21:48.8407725Z >       with os.scandir(src) as itr:
tests	Run python -m pytest -q	2026-10-04T08:21:48.8407996Z              ^^^^^^^^^^^^^^^
tests	Run python -m pytest -q	2026-10-04T08:21:48.8408588Z E       FileNotFoundError: [Errno 2] No such file or directory: '/home/runner/work/policy-as-versioned-flux/policy-as-versioned-flux/.estate-clone/tuppence/inventory'
tests	Run python -m pytest -q	2026-10-04T08:21:48.8409072Z 
tests	Run python -m pytest -q	2026-10-04T08:21:48.8409289Z /opt/hostedtoolcache/Python/3.12.14/x64/lib/python3.12/shutil.py:598: FileNotFoundError
tests	Run python -m pytest -q	2026-10-04T08:21:48.8409792Z _ test_an_overlay_or_a_claim_naming_a_withdrawn_status_control_refuses_as_unknown _
tests	Run python -m pytest -q	2026-10-04T08:21:48.8410472Z [gw1] linux -- Python 3.12.14 /opt/hostedtoolcache/Python/3.12.14/x64/bin/python
tests	Run python -m pytest -q	2026-10-04T08:21:48.8410876Z 
tests	Run python -m pytest -q	2026-10-04T08:21:48.8411286Z tmp_path = PosixPath('/tmp/pytest-of-runner/pytest-0/popen-gw1/test_an_overlay_or_a_claim_nam0')
tests	Run python -m pytest -q	2026-10-04T08:21:48.8411769Z 
tests	Run python -m pytest -q	2026-10-04T08:21:48.8412156Z     def test_an_overlay_or_a_claim_naming_a_withdrawn_status_control_refuses_as_unknown(tmp_path):
tests	Run python -m pytest -q	2026-10-04T08:21:48.8412982Z         """Eco-system ticket 126. NIST's pinned catalogue keeps ac-2.10 under `status: withdrawn`.
tests	Run python -m pytest -q	2026-10-04T08:21:48.8413542Z         tuppence naming it in `overlay.controls` refuses `unknown-control-id`, the instrument fault
tests	Run python -m pytest -q	2026-10-04T08:21:48.8414086Z         ADR-0026's Consequences name for an adopter still naming a withdrawn control. A claim on it
tests	Run python -m pytest -q	2026-10-04T08:21:48.8414704Z         in tuppence's own component-definition refuses the same way. Neither is selected nor priced
tests	Run python -m pytest -q	2026-10-04T08:21:48.8415143Z         as held."""
tests	Run python -m pytest -q	2026-10-04T08:21:48.8415464Z         assert _status(ESTATE / "nist", OWN_WITHDRAWN_STATUS) == "withdrawn"
tests	Run python -m pytest -q	2026-10-04T08:21:48.8415858Z         comp = _composition()
tests	Run python -m pytest -q	2026-10-04T08:21:48.8416155Z >       work = _tuppence(tmp_path / "overlay")
tests	Run python -m pytest -q	2026-10-04T08:21:48.8416476Z                ^^^^^^^^^^^^^^^^^^^^^^^^^^^^^^^
tests	Run python -m pytest -q	2026-10-04T08:21:48.8416670Z 
tests	Run python -m pytest -q	2026-10-04T08:21:48.8416784Z tests/test_loophole_adr_0026.py:731: 
tests	Run python -m pytest -q	2026-10-04T08:21:48.8417306Z _ _ _ _ _ _ _ _ _ _ _ _ _ _ _ _ _ _ _ _ _ _ _ _ _ _ _ _ _ _ _ _ _ _ _ _ _ _ _ _ 
tests	Run python -m pytest -q	2026-10-04T08:21:48.8417738Z tests/test_loophole_adr_0026.py:204: in _tuppence
tests	Run python -m pytest -q	2026-10-04T08:21:48.8418091Z     shutil.copytree(src / "inventory", work / "inventory")
tests	Run python -m pytest -q	2026-10-04T08:21:48.8418459Z _ _ _ _ _ _ _ _ _ _ _ _ _ _ _ _ _ _ _ _ _ _ _ _ _ _ _ _ _ _ _ _ _ _ _ _ _ _ _ _ 
tests	Run python -m pytest -q	2026-10-04T08:21:48.8418654Z 
tests	Run python -m pytest -q	2026-10-04T08:21:48.8418990Z src = PosixPath('/home/runner/work/policy-as-versioned-flux/policy-as-versioned-flux/.estate-clone/tuppence/inventory')
tests	Run python -m pytest -q	2026-10-04T08:21:48.8419650Z dst = PosixPath('/tmp/pytest-of-runner/pytest-0/popen-gw1/test_an_overlay_or_a_claim_nam0/overlay/tuppence/inventory')
tests	Run python -m pytest -q	2026-10-04T08:21:48.8420173Z symlinks = False, ignore = None
tests	Run python -m pytest -q	2026-10-04T08:21:48.8420478Z copy_function = <function copy2 at 0x7f40327e3ec0>
tests	Run python -m pytest -q	2026-10-04T08:21:48.8420873Z ignore_dangling_symlinks = False, dirs_exist_ok = False
tests	Run python -m pytest -q	2026-10-04T08:21:48.8421071Z 
tests	Run python -m pytest -q	2026-10-04T08:21:48.8421276Z     def copytree(src, dst, symlinks=False, ignore=None, copy_function=copy2,
tests	Run python -m pytest -q	2026-10-04T08:21:48.8421676Z                  ignore_dangling_symlinks=False, dirs_exist_ok=False):
tests	Run python -m pytest -q	2026-10-04T08:21:48.8422136Z         """Recursively copy a directory tree and return the destination directory.
tests	Run python -m pytest -q	2026-10-04T08:21:48.8422494Z     
tests	Run python -m pytest -q	2026-10-04T08:21:48.8422790Z         If exception(s) occur, an Error is raised with a list of reasons.
tests	Run python -m pytest -q	2026-10-04T08:21:48.8423135Z     
tests	Run python -m pytest -q	2026-10-04T08:21:48.8423489Z         If the optional symlinks flag is true, symbolic links in the
tests	Run python -m pytest -q	2026-10-04T08:21:48.8423949Z         source tree result in symbolic links in the destination tree; if
tests	Run python -m pytest -q	2026-10-04T08:21:48.8424348Z         it is false, the contents of the files pointed to by symbolic
tests	Run python -m pytest -q	2026-10-04T08:21:48.8424745Z         links are copied. If the file pointed to by the symlink doesn't
tests	Run python -m pytest -q	2026-10-04T08:21:48.8425157Z         exist, an exception will be added in the list of errors raised in
tests	Run python -m pytest -q	2026-10-04T08:21:48.8425558Z         an Error exception at the end of the copy process.
tests	Run python -m pytest -q	2026-10-04T08:21:48.8425878Z     
tests	Run python -m pytest -q	2026-10-04T08:21:48.8426176Z         You can set the optional ignore_dangling_symlinks flag to true if you
tests	Run python -m pytest -q	2026-10-04T08:21:48.8426578Z         want to silence this exception. Notice that this has no effect on
tests	Run python -m pytest -q	2026-10-04T08:21:48.8427115Z         platforms that don't support os.symlink.
tests	Run python -m pytest -q	2026-10-04T08:21:48.8427437Z     
tests	Run python -m pytest -q	2026-10-04T08:21:48.8427734Z         The optional ignore argument is a callable. If given, it
tests	Run python -m pytest -q	2026-10-04T08:21:48.8428123Z         is called with the `src` parameter, which is the directory
tests	Run python -m pytest -q	2026-10-04T08:21:48.8428498Z         being visited by copytree(), and `names` which is the list of
tests	Run python -m pytest -q	2026-10-04T08:21:48.8428884Z         `src` contents, as returned by os.listdir():
tests	Run python -m pytest -q	2026-10-04T08:21:48.8429202Z     
tests	Run python -m pytest -q	2026-10-04T08:21:48.8429459Z             callable(src, names) -> ignored_names
tests	Run python -m pytest -q	2026-10-04T08:21:48.8429792Z     
tests	Run python -m pytest -q	2026-10-04T08:21:48.8430066Z         Since copytree() is called recursively, the callable will be
tests	Run python -m pytest -q	2026-10-04T08:21:48.8430482Z         called once for each directory that is copied. It returns a
tests	Run python -m pytest -q	2026-10-04T08:21:48.8430891Z         list of names relative to the `src` directory that should
tests	Run python -m pytest -q	2026-10-04T08:21:48.8431226Z         not be copied.
tests	Run python -m pytest -q	2026-10-04T08:21:48.8431489Z     
tests	Run python -m pytest -q	2026-10-04T08:21:48.8431839Z         The optional copy_function argument is a callable that will be used
tests	Run python -m pytest -q	2026-10-04T08:21:48.8432576Z         to copy each file. It will be called with the source path and the
tests	Run python -m pytest -q	2026-10-04T08:21:48.8433402Z         destination path as arguments. By default, copy2() is used, but any
tests	Run python -m pytest -q	2026-10-04T08:21:48.8433840Z         function that supports the same signature (like copy()) can be used.
tests	Run python -m pytest -q	2026-10-04T08:21:48.8434187Z     
tests	Run python -m pytest -q	2026-10-04T08:21:48.8434496Z         If dirs_exist_ok is false (the default) and `dst` already exists, a
tests	Run python -m pytest -q	2026-10-04T08:21:48.8434938Z         `FileExistsError` is raised. If `dirs_exist_ok` is true, the copying
tests	Run python -m pytest -q	2026-10-04T08:21:48.8435410Z         operation will continue if it encounters existing directories, and files
tests	Run python -m pytest -q	2026-10-04T08:21:48.8435857Z         within the `dst` tree will be overwritten by corresponding files from the
tests	Run python -m pytest -q	2026-10-04T08:21:48.8436205Z         `src` tree.
tests	Run python -m pytest -q	2026-10-04T08:21:48.8436502Z         """
tests	Run python -m pytest -q	2026-10-04T08:21:48.8436784Z         sys.audit("shutil.copytree", src, dst)
tests	Run python -m pytest -q	2026-10-04T08:21:48.8437348Z >       with os.scandir(src) as itr:
tests	Run python -m pytest -q	2026-10-04T08:21:48.8437639Z              ^^^^^^^^^^^^^^^
tests	Run python -m pytest -q	2026-10-04T08:21:48.8438199Z E       FileNotFoundError: [Errno 2] No such file or directory: '/home/runner/work/policy-as-versioned-flux/policy-as-versioned-flux/.estate-clone/tuppence/inventory'
tests	Run python -m pytest -q	2026-10-04T08:21:48.8438719Z 
tests	Run python -m pytest -q	2026-10-04T08:21:48.8438933Z /opt/hostedtoolcache/Python/3.12.14/x64/lib/python3.12/shutil.py:598: FileNotFoundError
tests	Run python -m pytest -q	2026-10-04T08:21:48.8439490Z _ test_an_adopters_own_removal_of_a_withdrawn_status_control_stays_its_removal[overlay-recorded] _
tests	Run python -m pytest -q	2026-10-04T08:21:48.8440039Z [gw1] linux -- Python 3.12.14 /opt/hostedtoolcache/Python/3.12.14/x64/bin/python
tests	Run python -m pytest -q	2026-10-04T08:21:48.8440280Z 
tests	Run python -m pytest -q	2026-10-04T08:21:48.8440546Z tmp_path = PosixPath('/tmp/pytest-of-runner/pytest-0/popen-gw1/test_an_adopters_own_removal_o0')
tests	Run python -m pytest -q	2026-10-04T08:21:48.8440939Z legacy_header = False
tests	Run python -m pytest -q	2026-10-04T08:21:48.8441192Z 
tests	Run python -m pytest -q	2026-10-04T08:21:48.8441482Z     @pytest.mark.parametrize("legacy_header", [False, True], ids=["overlay-recorded", "legacy-header"])
tests	Run python -m pytest -q	2026-10-04T08:21:48.8442088Z     def test_an_adopters_own_removal_of_a_withdrawn_status_control_stays_its_removal(tmp_path, legacy_header):
tests	Run python -m pytest -q	2026-10-04T08:21:48.8442720Z         """Ticket 123, review round, kept by ticket 126. A composer from before ticket 126 signed a
tests	Run python -m pytest -q	2026-10-04T08:21:48.8443279Z         header in which tuppence's overlay selected ac-2.10, which NIST's pinned catalogue already
tests	Run python -m pytest -q	2026-10-04T08:21:48.8443792Z         keeps under `status: withdrawn`. The adopter drops it; the nist pin does not move. That is
tests	Run python -m pytest -q	2026-10-04T08:21:48.8444341Z         the adopter's `removed-control`, never a `withdrawn-control` naming a bump that did not
tests	Run python -m pytest -q	2026-10-04T08:21:48.8445031Z         happen. A last header with no `overlay-controls` must not change the answer. The new header
tests	Run python -m pytest -q	2026-10-04T08:21:48.8445714Z         records `withdrawn-selectable: false`."""
tests	Run python -m pytest -q	2026-10-04T08:21:48.8446150Z         comp = _composition()
tests	Run python -m pytest -q	2026-10-04T08:21:48.8446603Z >       work = _tuppence(tmp_path / "tuppence")
tests	Run python -m pytest -q	2026-10-04T08:21:48.8447149Z                ^^^^^^^^^^^^^^^^^^^^^^^^^^^^^^^^
tests	Run python -m pytest -q	2026-10-04T08:21:48.8447418Z 
tests	Run python -m pytest -q	2026-10-04T08:21:48.8447739Z tests/test_loophole_adr_0026.py:760: 
tests	Run python -m pytest -q	2026-10-04T08:21:48.8448079Z _ _ _ _ _ _ _ _ _ _ _ _ _ _ _ _ _ _ _ _ _ _ _ _ _ _ _ _ _ _ _ _ _ _ _ _ _ _ _ _ 
tests	Run python -m pytest -q	2026-10-04T08:21:48.8448423Z tests/test_loophole_adr_0026.py:204: in _tuppence
tests	Run python -m pytest -q	2026-10-04T08:21:48.8448807Z     shutil.copytree(src / "inventory", work / "inventory")
tests	Run python -m pytest -q	2026-10-04T08:21:48.8449192Z _ _ _ _ _ _ _ _ _ _ _ _ _ _ _ _ _ _ _ _ _ _ _ _ _ _ _ _ _ _ _ _ _ _ _ _ _ _ _ _ 
tests	Run python -m pytest -q	2026-10-04T08:21:48.8449407Z 
tests	Run python -m pytest -q	2026-10-04T08:21:48.8449721Z src = PosixPath('/home/runner/work/policy-as-versioned-flux/policy-as-versioned-flux/.estate-clone/tuppence/inventory')
tests	Run python -m pytest -q	2026-10-04T08:21:48.8450449Z dst = PosixPath('/tmp/pytest-of-runner/pytest-0/popen-gw1/test_an_adopters_own_removal_o0/tuppence/tuppence/inventory')
tests	Run python -m pytest -q	2026-10-04T08:21:48.8450918Z symlinks = False, ignore = None
tests	Run python -m pytest -q	2026-10-04T08:21:48.8451247Z copy_function = <function copy2 at 0x7f40327e3ec0>
tests	Run python -m pytest -q	2026-10-04T08:21:48.8451625Z ignore_dangling_symlinks = False, dirs_exist_ok = False
tests	Run python -m pytest -q	2026-10-04T08:21:48.8451833Z 
tests	Run python -m pytest -q	2026-10-04T08:21:48.8452025Z     def copytree(src, dst, symlinks=False, ignore=None, copy_function=copy2,
tests	Run python -m pytest -q	2026-10-04T08:21:48.8452519Z                  ignore_dangling_symlinks=False, dirs_exist_ok=False):
tests	Run python -m pytest -q	2026-10-04T08:21:48.8452938Z         """Recursively copy a directory tree and return the destination directory.
tests	Run python -m pytest -q	2026-10-04T08:21:48.8453337Z     
tests	Run python -m pytest -q	2026-10-04T08:21:48.8453663Z         If exception(s) occur, an Error is raised with a list of reasons.
tests	Run python -m pytest -q	2026-10-04T08:21:48.8453998Z     
tests	Run python -m pytest -q	2026-10-04T08:21:48.8454298Z         If the optional symlinks flag is true, symbolic links in the
tests	Run python -m pytest -q	2026-10-04T08:21:48.8454707Z         source tree result in symbolic links in the destination tree; if
tests	Run python -m pytest -q	2026-10-04T08:21:48.8455122Z         it is false, the contents of the files pointed to by symbolic
tests	Run python -m pytest -q	2026-10-04T08:21:48.8455540Z         links are copied. If the file pointed to by the symlink doesn't
tests	Run python -m pytest -q	2026-10-04T08:21:48.8455930Z         exist, an exception will be added in the list of errors raised in
tests	Run python -m pytest -q	2026-10-04T08:21:48.8456361Z         an Error exception at the end of the copy process.
tests	Run python -m pytest -q	2026-10-04T08:21:48.8456675Z     
tests	Run python -m pytest -q	2026-10-04T08:21:48.8457175Z         You can set the optional ignore_dangling_symlinks flag to true if you
tests	Run python -m pytest -q	2026-10-04T08:21:48.8457625Z         want to silence this exception. Notice that this has no effect on
tests	Run python -m pytest -q	2026-10-04T08:21:48.8457981Z         platforms that don't support os.symlink.
tests	Run python -m pytest -q	2026-10-04T08:21:48.8458298Z     
tests	Run python -m pytest -q	2026-10-04T08:21:48.8458580Z         The optional ignore argument is a callable. If given, it
tests	Run python -m pytest -q	2026-10-04T08:21:48.8458964Z         is called with the `src` parameter, which is the directory
tests	Run python -m pytest -q	2026-10-04T08:21:48.8459388Z         being visited by copytree(), and `names` which is the list of
tests	Run python -m pytest -q	2026-10-04T08:21:48.8459772Z         `src` contents, as returned by os.listdir():
tests	Run python -m pytest -q	2026-10-04T08:21:48.8460090Z     
tests	Run python -m pytest -q	2026-10-04T08:21:48.8460339Z             callable(src, names) -> ignored_names
tests	Run python -m pytest -q	2026-10-04T08:21:48.8460634Z     
tests	Run python -m pytest -q	2026-10-04T08:21:48.8460948Z         Since copytree() is called recursively, the callable will be
tests	Run python -m pytest -q	2026-10-04T08:21:48.8461343Z         called once for each directory that is copied. It returns a
tests	Run python -m pytest -q	2026-10-04T08:21:48.8461804Z         list of names relative to the `src` directory that should
tests	Run python -m pytest -q	2026-10-04T08:21:48.8462133Z         not be copied.
tests	Run python -m pytest -q	2026-10-04T08:21:48.8462432Z     
tests	Run python -m pytest -q	2026-10-04T08:21:48.8462744Z         The optional copy_function argument is a callable that will be used
tests	Run python -m pytest -q	2026-10-04T08:21:48.8463169Z         to copy each file. It will be called with the source path and the
tests	Run python -m pytest -q	2026-10-04T08:21:48.8463603Z         destination path as arguments. By default, copy2() is used, but any
tests	Run python -m pytest -q	2026-10-04T08:21:48.8464033Z         function that supports the same signature (like copy()) can be used.
tests	Run python -m pytest -q	2026-10-04T08:21:48.8464384Z     
tests	Run python -m pytest -q	2026-10-04T08:21:48.8464704Z         If dirs_exist_ok is false (the default) and `dst` already exists, a
tests	Run python -m pytest -q	2026-10-04T08:21:48.8465122Z         `FileExistsError` is raised. If `dirs_exist_ok` is true, the copying
tests	Run python -m pytest -q	2026-10-04T08:21:48.8465597Z         operation will continue if it encounters existing directories, and files
tests	Run python -m pytest -q	2026-10-04T08:21:48.8466050Z         within the `dst` tree will be overwritten by corresponding files from the
tests	Run python -m pytest -q	2026-10-04T08:21:48.8466414Z         `src` tree.
tests	Run python -m pytest -q	2026-10-04T08:21:48.8466727Z         """
tests	Run python -m pytest -q	2026-10-04T08:21:48.8467167Z         sys.audit("shutil.copytree", src, dst)
tests	Run python -m pytest -q	2026-10-04T08:21:48.8467628Z >       with os.scandir(src) as itr:
tests	Run python -m pytest -q	2026-10-04T08:21:48.8468024Z              ^^^^^^^^^^^^^^^
tests	Run python -m pytest -q	2026-10-04T08:21:48.8468958Z E       FileNotFoundError: [Errno 2] No such file or directory: '/home/runner/work/policy-as-versioned-flux/policy-as-versioned-flux/.estate-clone/tuppence/inventory'
tests	Run python -m pytest -q	2026-10-04T08:21:48.8469658Z 
tests	Run python -m pytest -q	2026-10-04T08:21:48.8469903Z /opt/hostedtoolcache/Python/3.12.14/x64/lib/python3.12/shutil.py:598: FileNotFoundError
tests	Run python -m pytest -q	2026-10-04T08:21:48.8470441Z _ test_an_adopters_own_removal_of_a_withdrawn_status_control_stays_its_removal[legacy-header] _
tests	Run python -m pytest -q	2026-10-04T08:21:48.8470949Z [gw1] linux -- Python 3.12.14 /opt/hostedtoolcache/Python/3.12.14/x64/bin/python
tests	Run python -m pytest -q	2026-10-04T08:21:48.8471219Z 
tests	Run python -m pytest -q	2026-10-04T08:21:48.8471459Z tmp_path = PosixPath('/tmp/pytest-of-runner/pytest-0/popen-gw1/test_an_adopters_own_removal_o1')
tests	Run python -m pytest -q	2026-10-04T08:21:48.8471973Z legacy_header = True
tests	Run python -m pytest -q	2026-10-04T08:21:48.8472132Z 
tests	Run python -m pytest -q	2026-10-04T08:21:48.8472376Z     @pytest.mark.parametrize("legacy_header", [False, True], ids=["overlay-recorded", "legacy-header"])
tests	Run python -m pytest -q	2026-10-04T08:21:48.8472988Z     def test_an_adopters_own_removal_of_a_withdrawn_status_control_stays_its_removal(tmp_path, legacy_header):
tests	Run python -m pytest -q	2026-10-04T08:21:48.8473586Z         """Ticket 123, review round, kept by ticket 126. A composer from before ticket 126 signed a
tests	Run python -m pytest -q	2026-10-04T08:21:48.8474136Z         header in which tuppence's overlay selected ac-2.10, which NIST's pinned catalogue already
tests	Run python -m pytest -q	2026-10-04T08:21:48.8474672Z         keeps under `status: withdrawn`. The adopter drops it; the nist pin does not move. That is
tests	Run python -m pytest -q	2026-10-04T08:21:48.8475186Z         the adopter's `removed-control`, never a `withdrawn-control` naming a bump that did not
tests	Run python -m pytest -q	2026-10-04T08:21:48.8475690Z         happen. A last header with no `overlay-controls` must not change the answer. The new header
tests	Run python -m pytest -q	2026-10-04T08:21:48.8476178Z         records `withdrawn-selectable: false`."""
tests	Run python -m pytest -q	2026-10-04T08:21:48.8476515Z         comp = _composition()
tests	Run python -m pytest -q	2026-10-04T08:21:48.8476938Z >       work = _tuppence(tmp_path / "tuppence")
tests	Run python -m pytest -q	2026-10-04T08:21:48.8477387Z                ^^^^^^^^^^^^^^^^^^^^^^^^^^^^^^^^
tests	Run python -m pytest -q	2026-10-04T08:21:48.8477557Z 
tests	Run python -m pytest -q	2026-10-04T08:21:48.8477693Z tests/test_loophole_adr_0026.py:760: 
tests	Run python -m pytest -q	2026-10-04T08:21:48.8478049Z _ _ _ _ _ _ _ _ _ _ _ _ _ _ _ _ _ _ _ _ _ _ _ _ _ _ _ _ _ _ _ _ _ _ _ _ _ _ _ _ 
tests	Run python -m pytest -q	2026-10-04T08:21:48.8478417Z tests/test_loophole_adr_0026.py:204: in _tuppence
tests	Run python -m pytest -q	2026-10-04T08:21:48.8478771Z     shutil.copytree(src / "inventory", work / "inventory")
tests	Run python -m pytest -q	2026-10-04T08:21:48.8479180Z _ _ _ _ _ _ _ _ _ _ _ _ _ _ _ _ _ _ _ _ _ _ _ _ _ _ _ _ _ _ _ _ _ _ _ _ _ _ _ _ 
tests	Run python -m pytest -q	2026-10-04T08:21:48.8479380Z 
tests	Run python -m pytest -q	2026-10-04T08:21:48.8479703Z src = PosixPath('/home/runner/work/policy-as-versioned-flux/policy-as-versioned-flux/.estate-clone/tuppence/inventory')
tests	Run python -m pytest -q	2026-10-04T08:21:48.8480462Z dst = PosixPath('/tmp/pytest-of-runner/pytest-0/popen-gw1/test_an_adopters_own_removal_o1/tuppence/tuppence/inventory')
tests	Run python -m pytest -q	2026-10-04T08:21:48.8480966Z symlinks = False, ignore = None
tests	Run python -m pytest -q	2026-10-04T08:21:48.8481273Z copy_function = <function copy2 at 0x7f40327e3ec0>
tests	Run python -m pytest -q	2026-10-04T08:21:48.8481642Z ignore_dangling_symlinks = False, dirs_exist_ok = False
tests	Run python -m pytest -q	2026-10-04T08:21:48.8481868Z 
tests	Run python -m pytest -q	2026-10-04T08:21:48.8482045Z     def copytree(src, dst, symlinks=False, ignore=None, copy_function=copy2,
tests	Run python -m pytest -q	2026-10-04T08:21:48.8482493Z                  ignore_dangling_symlinks=False, dirs_exist_ok=False):
tests	Run python -m pytest -q	2026-10-04T08:21:48.8482929Z         """Recursively copy a directory tree and return the destination directory.
tests	Run python -m pytest -q	2026-10-04T08:21:48.8483284Z     
tests	Run python -m pytest -q	2026-10-04T08:21:48.8483589Z         If exception(s) occur, an Error is raised with a list of reasons.
tests	Run python -m pytest -q	2026-10-04T08:21:48.8483922Z     
tests	Run python -m pytest -q	2026-10-04T08:21:48.8484217Z         If the optional symlinks flag is true, symbolic links in the
tests	Run python -m pytest -q	2026-10-04T08:21:48.8484634Z         source tree result in symbolic links in the destination tree; if
tests	Run python -m pytest -q	2026-10-04T08:21:48.8485074Z         it is false, the contents of the files pointed to by symbolic
tests	Run python -m pytest -q	2026-10-04T08:21:48.8485480Z         links are copied. If the file pointed to by the symlink doesn't
tests	Run python -m pytest -q	2026-10-04T08:21:48.8485884Z         exist, an exception will be added in the list of errors raised in
tests	Run python -m pytest -q	2026-10-04T08:21:48.8486275Z         an Error exception at the end of the copy process.
tests	Run python -m pytest -q	2026-10-04T08:21:48.8486603Z     
tests	Run python -m pytest -q	2026-10-04T08:21:48.8486953Z         You can set the optional ignore_dangling_symlinks flag to true if you
tests	Run python -m pytest -q	2026-10-04T08:21:48.8487398Z         want to silence this exception. Notice that this has no effect on
tests	Run python -m pytest -q	2026-10-04T08:21:48.8487769Z         platforms that don't support os.symlink.
tests	Run python -m pytest -q	2026-10-04T08:21:48.8488141Z     
tests	Run python -m pytest -q	2026-10-04T08:21:48.8488541Z         The optional ignore argument is a callable. If given, it
tests	Run python -m pytest -q	2026-10-04T08:21:48.8489109Z         is called with the `src` parameter, which is the directory
tests	Run python -m pytest -q	2026-10-04T08:21:48.8489770Z         being visited by copytree(), and `names` which is the list of
tests	Run python -m pytest -q	2026-10-04T08:21:48.8490356Z         `src` contents, as returned by os.listdir():
tests	Run python -m pytest -q	2026-10-04T08:21:48.8490810Z     
tests	Run python -m pytest -q	2026-10-04T08:21:48.8491154Z             callable(src, names) -> ignored_names
tests	Run python -m pytest -q	2026-10-04T08:21:48.8491580Z     
tests	Run python -m pytest -q	2026-10-04T08:21:48.8492009Z         Since copytree() is called recursively, the callable will be
tests	Run python -m pytest -q	2026-10-04T08:21:48.8492445Z         called once for each directory that is copied. It returns a
tests	Run python -m pytest -q	2026-10-04T08:21:48.8492855Z         list of names relative to the `src` directory that should
tests	Run python -m pytest -q	2026-10-04T08:21:48.8493182Z         not be copied.
tests	Run python -m pytest -q	2026-10-04T08:21:48.8493436Z     
tests	Run python -m pytest -q	2026-10-04T08:21:48.8493740Z         The optional copy_function argument is a callable that will be used
tests	Run python -m pytest -q	2026-10-04T08:21:48.8494167Z         to copy each file. It will be called with the source path and the
tests	Run python -m pytest -q	2026-10-04T08:21:48.8494602Z         destination path as arguments. By default, copy2() is used, but any
tests	Run python -m pytest -q	2026-10-04T08:21:48.8495023Z         function that supports the same signature (like copy()) can be used.
tests	Run python -m pytest -q	2026-10-04T08:21:48.8495428Z     
tests	Run python -m pytest -q	2026-10-04T08:21:48.8495720Z         If dirs_exist_ok is false (the default) and `dst` already exists, a
tests	Run python -m pytest -q	2026-10-04T08:21:48.8496155Z         `FileExistsError` is raised. If `dirs_exist_ok` is true, the copying
tests	Run python -m pytest -q	2026-10-04T08:21:48.8496613Z         operation will continue if it encounters existing directories, and files
tests	Run python -m pytest -q	2026-10-04T08:21:48.8497218Z         within the `dst` tree will be overwritten by corresponding files from the
tests	Run python -m pytest -q	2026-10-04T08:21:48.8497606Z         `src` tree.
tests	Run python -m pytest -q	2026-10-04T08:21:48.8497849Z         """
tests	Run python -m pytest -q	2026-10-04T08:21:48.8498107Z         sys.audit("shutil.copytree", src, dst)
tests	Run python -m pytest -q	2026-10-04T08:21:48.8498482Z >       with os.scandir(src) as itr:
tests	Run python -m pytest -q	2026-10-04T08:21:48.8498750Z              ^^^^^^^^^^^^^^^
tests	Run python -m pytest -q	2026-10-04T08:21:48.8499345Z E       FileNotFoundError: [Errno 2] No such file or directory: '/home/runner/work/policy-as-versioned-flux/policy-as-versioned-flux/.estate-clone/tuppence/inventory'
tests	Run python -m pytest -q	2026-10-04T08:21:48.8499864Z 
tests	Run python -m pytest -q	2026-10-04T08:21:48.8500105Z /opt/hostedtoolcache/Python/3.12.14/x64/lib/python3.12/shutil.py:598: FileNotFoundError
tests	Run python -m pytest -q	2026-10-04T08:21:48.8500640Z _ test_an_adopters_own_removal_of_a_withdrawn_status_control_beside_a_real_bump[overlay-recorded] _
tests	Run python -m pytest -q	2026-10-04T08:21:48.8501173Z [gw1] linux -- Python 3.12.14 /opt/hostedtoolcache/Python/3.12.14/x64/bin/python
tests	Run python -m pytest -q	2026-10-04T08:21:48.8501446Z 
tests	Run python -m pytest -q	2026-10-04T08:21:48.8501698Z tmp_path = PosixPath('/tmp/pytest-of-runner/pytest-0/popen-gw1/test_an_adopters_own_removal_o2')
tests	Run python -m pytest -q	2026-10-04T08:21:48.8502142Z legacy_header = False
tests	Run python -m pytest -q	2026-10-04T08:21:48.8502275Z 
tests	Run python -m pytest -q	2026-10-04T08:21:48.8502545Z     @pytest.mark.parametrize("legacy_header", [False, True], ids=["overlay-recorded", "legacy-header"])
tests	Run python -m pytest -q	2026-10-04T08:21:48.8503125Z     def test_an_adopters_own_removal_of_a_withdrawn_status_control_beside_a_real_bump(tmp_path, legacy_header):
tests	Run python -m pytest -q	2026-10-04T08:21:48.8503701Z         """Ticket 123, review round, and ticket 126's legacy-header case. A composer from before
tests	Run python -m pytest -q	2026-10-04T08:21:48.8504210Z         ticket 126 signed a header in which tuppence's overlay selected ac-2.10, already under
tests	Run python -m pytest -q	2026-10-04T08:21:48.8504720Z         `status: withdrawn`. In one run NIST's next tag withdraws another selected control and
tests	Run python -m pytest -q	2026-10-04T08:21:48.8505261Z         tuppence drops ac-2.10. That header cannot prove ac-2.10 was defined when it was selected,
tests	Run python -m pytest -q	2026-10-04T08:21:48.8505736Z         so its removal is the adopter's, with or without `overlay-controls`.
tests	Run python -m pytest -q	2026-10-04T08:21:48.8506111Z     
tests	Run python -m pytest -q	2026-10-04T08:21:48.8506457Z         The other control differs by header. With `overlay-controls` recorded, it came from the
tests	Run python -m pytest -q	2026-10-04T08:21:48.8507050Z         baseline, so it left with NIST's bump: a `withdrawn-control`. With a legacy header nothing
tests	Run python -m pytest -q	2026-10-04T08:21:48.8507566Z         says whether it came from the baseline or from an overlay that selected it while already
tests	Run python -m pytest -q	2026-10-04T08:21:48.8508123Z         withdrawn, so it stays the adopter's `removed-control` for this one run (ticket 123
tests	Run python -m pytest -q	2026-10-04T08:21:48.8508659Z         decision 4's default, applied to the withdrawn status by ticket 126)."""
tests	Run python -m pytest -q	2026-10-04T08:21:48.8509034Z         comp = _composition()
tests	Run python -m pytest -q	2026-10-04T08:21:48.8509343Z >       work = _tuppence(tmp_path / "tuppence")
tests	Run python -m pytest -q	2026-10-04T08:21:48.8509657Z                ^^^^^^^^^^^^^^^^^^^^^^^^^^^^^^^^
tests	Run python -m pytest -q	2026-10-04T08:21:48.8509873Z 
tests	Run python -m pytest -q	2026-10-04T08:21:48.8510033Z tests/test_loophole_adr_0026.py:788: 
tests	Run python -m pytest -q	2026-10-04T08:21:48.8510393Z _ _ _ _ _ _ _ _ _ _ _ _ _ _ _ _ _ _ _ _ _ _ _ _ _ _ _ _ _ _ _ _ _ _ _ _ _ _ _ _ 
tests	Run python -m pytest -q	2026-10-04T08:21:48.8510761Z tests/test_loophole_adr_0026.py:204: in _tuppence
tests	Run python -m pytest -q	2026-10-04T08:21:48.8511157Z     shutil.copytree(src / "inventory", work / "inventory")
tests	Run python -m pytest -q	2026-10-04T08:21:48.8511619Z _ _ _ _ _ _ _ _ _ _ _ _ _ _ _ _ _ _ _ _ _ _ _ _ _ _ _ _ _ _ _ _ _ _ _ _ _ _ _ _ 
tests	Run python -m pytest -q	2026-10-04T08:21:48.8511835Z 
tests	Run python -m pytest -q	2026-10-04T08:21:48.8512169Z src = PosixPath('/home/runner/work/policy-as-versioned-flux/policy-as-versioned-flux/.estate-clone/tuppence/inventory')
tests	Run python -m pytest -q	2026-10-04T08:21:48.8512864Z dst = PosixPath('/tmp/pytest-of-runner/pytest-0/popen-gw1/test_an_adopters_own_removal_o2/tuppence/tuppence/inventory')
tests	Run python -m pytest -q	2026-10-04T08:21:48.8513353Z symlinks = False, ignore = None
tests	Run python -m pytest -q	2026-10-04T08:21:48.8513672Z copy_function = <function copy2 at 0x7f40327e3ec0>
tests	Run python -m pytest -q	2026-10-04T08:21:48.8514268Z ignore_dangling_symlinks = False, dirs_exist_ok = False
tests	Run python -m pytest -q	2026-10-04T08:21:48.8514480Z 
tests	Run python -m pytest -q	2026-10-04T08:21:48.8514697Z     def copytree(src, dst, symlinks=False, ignore=None, copy_function=copy2,
tests	Run python -m pytest -q	2026-10-04T08:21:48.8515110Z                  ignore_dangling_symlinks=False, dirs_exist_ok=False):
tests	Run python -m pytest -q	2026-10-04T08:21:48.8515531Z         """Recursively copy a directory tree and return the destination directory.
tests	Run python -m pytest -q	2026-10-04T08:21:48.8515901Z     
tests	Run python -m pytest -q	2026-10-04T08:21:48.8516221Z         If exception(s) occur, an Error is raised with a list of reasons.
tests	Run python -m pytest -q	2026-10-04T08:21:48.8516578Z     
tests	Run python -m pytest -q	2026-10-04T08:21:48.8516924Z         If the optional symlinks flag is true, symbolic links in the
tests	Run python -m pytest -q	2026-10-04T08:21:48.8517445Z         source tree result in symbolic links in the destination tree; if
tests	Run python -m pytest -q	2026-10-04T08:21:48.8517952Z         it is false, the contents of the files pointed to by symbolic
tests	Run python -m pytest -q	2026-10-04T08:21:48.8518356Z         links are copied. If the file pointed to by the symlink doesn't
tests	Run python -m pytest -q	2026-10-04T08:21:48.8518785Z         exist, an exception will be added in the list of errors raised in
tests	Run python -m pytest -q	2026-10-04T08:21:48.8519164Z         an Error exception at the end of the copy process.
tests	Run python -m pytest -q	2026-10-04T08:21:48.8519456Z     
tests	Run python -m pytest -q	2026-10-04T08:21:48.8519783Z         You can set the optional ignore_dangling_symlinks flag to true if you
tests	Run python -m pytest -q	2026-10-04T08:21:48.8520227Z         want to silence this exception. Notice that this has no effect on
tests	Run python -m pytest -q	2026-10-04T08:21:48.8520635Z         platforms that don't support os.symlink.
tests	Run python -m pytest -q	2026-10-04T08:21:48.8520921Z     
tests	Run python -m pytest -q	2026-10-04T08:21:48.8521187Z         The optional ignore argument is a callable. If given, it
tests	Run python -m pytest -q	2026-10-04T08:21:48.8521610Z         is called with the `src` parameter, which is the directory
tests	Run python -m pytest -q	2026-10-04T08:21:48.8521995Z         being visited by copytree(), and `names` which is the list of
tests	Run python -m pytest -q	2026-10-04T08:21:48.8522364Z         `src` contents, as returned by os.listdir():
tests	Run python -m pytest -q	2026-10-04T08:21:48.8522667Z     
tests	Run python -m pytest -q	2026-10-04T08:21:48.8522922Z             callable(src, names) -> ignored_names
tests	Run python -m pytest -q	2026-10-04T08:21:48.8523274Z     
tests	Run python -m pytest -q	2026-10-04T08:21:48.8523555Z         Since copytree() is called recursively, the callable will be
tests	Run python -m pytest -q	2026-10-04T08:21:48.8523946Z         called once for each directory that is copied. It returns a
tests	Run python -m pytest -q	2026-10-04T08:21:48.8524336Z         list of names relative to the `src` directory that should
tests	Run python -m pytest -q	2026-10-04T08:21:48.8524663Z         not be copied.
tests	Run python -m pytest -q	2026-10-04T08:21:48.8524940Z     
tests	Run python -m pytest -q	2026-10-04T08:21:48.8525243Z         The optional copy_function argument is a callable that will be used
tests	Run python -m pytest -q	2026-10-04T08:21:48.8525640Z         to copy each file. It will be called with the source path and the
tests	Run python -m pytest -q	2026-10-04T08:21:48.8526111Z         destination path as arguments. By default, copy2() is used, but any
tests	Run python -m pytest -q	2026-10-04T08:21:48.8526546Z         function that supports the same signature (like copy()) can be used.
tests	Run python -m pytest -q	2026-10-04T08:21:48.8527033Z     
tests	Run python -m pytest -q	2026-10-04T08:21:48.8527331Z         If dirs_exist_ok is false (the default) and `dst` already exists, a
tests	Run python -m pytest -q	2026-10-04T08:21:48.8527743Z         `FileExistsError` is raised. If `dirs_exist_ok` is true, the copying
tests	Run python -m pytest -q	2026-10-04T08:21:48.8528273Z         operation will continue if it encounters existing directories, and files
tests	Run python -m pytest -q	2026-10-04T08:21:48.8528713Z         within the `dst` tree will be overwritten by corresponding files from the
tests	Run python -m pytest -q	2026-10-04T08:21:48.8529090Z         `src` tree.
tests	Run python -m pytest -q	2026-10-04T08:21:48.8529350Z         """
tests	Run python -m pytest -q	2026-10-04T08:21:48.8529579Z         sys.audit("shutil.copytree", src, dst)
tests	Run python -m pytest -q	2026-10-04T08:21:48.8529895Z >       with os.scandir(src) as itr:
tests	Run python -m pytest -q	2026-10-04T08:21:48.8530172Z              ^^^^^^^^^^^^^^^
tests	Run python -m pytest -q	2026-10-04T08:21:48.8530750Z E       FileNotFoundError: [Errno 2] No such file or directory: '/home/runner/work/policy-as-versioned-flux/policy-as-versioned-flux/.estate-clone/tuppence/inventory'
tests	Run python -m pytest -q	2026-10-04T08:21:48.8531242Z 
tests	Run python -m pytest -q	2026-10-04T08:21:48.8531451Z /opt/hostedtoolcache/Python/3.12.14/x64/lib/python3.12/shutil.py:598: FileNotFoundError
tests	Run python -m pytest -q	2026-10-04T08:21:48.8531983Z _ test_an_adopters_own_removal_of_a_withdrawn_status_control_beside_a_real_bump[legacy-header] _
tests	Run python -m pytest -q	2026-10-04T08:21:48.8532619Z [gw1] linux -- Python 3.12.14 /opt/hostedtoolcache/Python/3.12.14/x64/bin/python
tests	Run python -m pytest -q	2026-10-04T08:21:48.8532857Z 
tests	Run python -m pytest -q	2026-10-04T08:21:48.8533125Z tmp_path = PosixPath('/tmp/pytest-of-runner/pytest-0/popen-gw1/test_an_adopters_own_removal_o3')
tests	Run python -m pytest -q	2026-10-04T08:21:48.8533577Z legacy_header = True
tests	Run python -m pytest -q	2026-10-04T08:21:48.8533721Z 
tests	Run python -m pytest -q	2026-10-04T08:21:48.8533990Z     @pytest.mark.parametrize("legacy_header", [False, True], ids=["overlay-recorded", "legacy-header"])
tests	Run python -m pytest -q	2026-10-04T08:21:48.8534579Z     def test_an_adopters_own_removal_of_a_withdrawn_status_control_beside_a_real_bump(tmp_path, legacy_header):
tests	Run python -m pytest -q	2026-10-04T08:21:48.8535142Z         """Ticket 123, review round, and ticket 126's legacy-header case. A composer from before
tests	Run python -m pytest -q	2026-10-04T08:21:48.8535669Z         ticket 126 signed a header in which tuppence's overlay selected ac-2.10, already under
tests	Run python -m pytest -q	2026-10-04T08:21:48.8536236Z         `status: withdrawn`. In one run NIST's next tag withdraws another selected control and
tests	Run python -m pytest -q	2026-10-04T08:21:48.8536756Z         tuppence drops ac-2.10. That header cannot prove ac-2.10 was defined when it was selected,
tests	Run python -m pytest -q	2026-10-04T08:21:48.8537382Z         so its removal is the adopter's, with or without `overlay-controls`.
tests	Run python -m pytest -q	2026-10-04T08:21:48.8537745Z     
tests	Run python -m pytest -q	2026-10-04T08:21:48.8538110Z         The other control differs by header. With `overlay-controls` recorded, it came from the
tests	Run python -m pytest -q	2026-10-04T08:21:48.8538613Z         baseline, so it left with NIST's bump: a `withdrawn-control`. With a legacy header nothing
tests	Run python -m pytest -q	2026-10-04T08:21:48.8539177Z         says whether it came from the baseline or from an overlay that selected it while already
tests	Run python -m pytest -q	2026-10-04T08:21:48.8539677Z         withdrawn, so it stays the adopter's `removed-control` for this one run (ticket 123
tests	Run python -m pytest -q	2026-10-04T08:21:48.8540159Z         decision 4's default, applied to the withdrawn status by ticket 126)."""
tests	Run python -m pytest -q	2026-10-04T08:21:48.8540556Z         comp = _composition()
tests	Run python -m pytest -q	2026-10-04T08:21:48.8540838Z >       work = _tuppence(tmp_path / "tuppence")
tests	Run python -m pytest -q	2026-10-04T08:21:48.8541193Z                ^^^^^^^^^^^^^^^^^^^^^^^^^^^^^^^^
tests	Run python -m pytest -q	2026-10-04T08:21:48.8541388Z 
tests	Run python -m pytest -q	2026-10-04T08:21:48.8541501Z tests/test_loophole_adr_0026.py:788: 
tests	Run python -m pytest -q	2026-10-04T08:21:48.8542062Z _ _ _ _ _ _ _ _ _ _ _ _ _ _ _ _ _ _ _ _ _ _ _ _ _ _ _ _ _ _ _ _ _ _ _ _ _ _ _ _ 
tests	Run python -m pytest -q	2026-10-04T08:21:48.8542478Z tests/test_loophole_adr_0026.py:204: in _tuppence
tests	Run python -m pytest -q	2026-10-04T08:21:48.8542817Z     shutil.copytree(src / "inventory", work / "inventory")
tests	Run python -m pytest -q	2026-10-04T08:21:48.8543210Z _ _ _ _ _ _ _ _ _ _ _ _ _ _ _ _ _ _ _ _ _ _ _ _ _ _ _ _ _ _ _ _ _ _ _ _ _ _ _ _ 
tests	Run python -m pytest -q	2026-10-04T08:21:48.8543438Z 
tests	Run python -m pytest -q	2026-10-04T08:21:48.8543743Z src = PosixPath('/home/runner/work/policy-as-versioned-flux/policy-as-versioned-flux/.estate-clone/tuppence/inventory')
tests	Run python -m pytest -q	2026-10-04T08:21:48.8544429Z dst = PosixPath('/tmp/pytest-of-runner/pytest-0/popen-gw1/test_an_adopters_own_removal_o3/tuppence/tuppence/inventory')
tests	Run python -m pytest -q	2026-10-04T08:21:48.8545001Z symlinks = False, ignore = None
tests	Run python -m pytest -q	2026-10-04T08:21:48.8545331Z copy_function = <function copy2 at 0x7f40327e3ec0>
tests	Run python -m pytest -q	2026-10-04T08:21:48.8545709Z ignore_dangling_symlinks = False, dirs_exist_ok = False
tests	Run python -m pytest -q	2026-10-04T08:21:48.8545909Z 
tests	Run python -m pytest -q	2026-10-04T08:21:48.8546114Z     def copytree(src, dst, symlinks=False, ignore=None, copy_function=copy2,
tests	Run python -m pytest -q	2026-10-04T08:21:48.8546522Z                  ignore_dangling_symlinks=False, dirs_exist_ok=False):
tests	Run python -m pytest -q	2026-10-04T08:21:48.8547032Z         """Recursively copy a directory tree and return the destination directory.
tests	Run python -m pytest -q	2026-10-04T08:21:48.8547404Z     
tests	Run python -m pytest -q	2026-10-04T08:21:48.8547709Z         If exception(s) occur, an Error is raised with a list of reasons.
tests	Run python -m pytest -q	2026-10-04T08:21:48.8548051Z     
tests	Run python -m pytest -q	2026-10-04T08:21:48.8548365Z         If the optional symlinks flag is true, symbolic links in the
tests	Run python -m pytest -q	2026-10-04T08:21:48.8548795Z         source tree result in symbolic links in the destination tree; if
tests	Run python -m pytest -q	2026-10-04T08:21:48.8549202Z         it is false, the contents of the files pointed to by symbolic
tests	Run python -m pytest -q	2026-10-04T08:21:48.8549613Z         links are copied. If the file pointed to by the symlink doesn't
tests	Run python -m pytest -q	2026-10-04T08:21:48.8550021Z         exist, an exception will be added in the list of errors raised in
tests	Run python -m pytest -q	2026-10-04T08:21:48.8550412Z         an Error exception at the end of the copy process.
tests	Run python -m pytest -q	2026-10-04T08:21:48.8550767Z     
tests	Run python -m pytest -q	2026-10-04T08:21:48.8551071Z         You can set the optional ignore_dangling_symlinks flag to true if you
tests	Run python -m pytest -q	2026-10-04T08:21:48.8551524Z         want to silence this exception. Notice that this has no effect on
tests	Run python -m pytest -q	2026-10-04T08:21:48.8551889Z         platforms that don't support os.symlink.
tests	Run python -m pytest -q	2026-10-04T08:21:48.8552168Z     
tests	Run python -m pytest -q	2026-10-04T08:21:48.8552498Z         The optional ignore argument is a callable. If given, it
tests	Run python -m pytest -q	2026-10-04T08:21:48.8552879Z         is called with the `src` parameter, which is the directory
tests	Run python -m pytest -q	2026-10-04T08:21:48.8553275Z         being visited by copytree(), and `names` which is the list of
tests	Run python -m pytest -q	2026-10-04T08:21:48.8553705Z         `src` contents, as returned by os.listdir():
tests	Run python -m pytest -q	2026-10-04T08:21:48.8554025Z     
tests	Run python -m pytest -q	2026-10-04T08:21:48.8554320Z             callable(src, names) -> ignored_names
tests	Run python -m pytest -q	2026-10-04T08:21:48.8554613Z     
tests	Run python -m pytest -q	2026-10-04T08:21:48.8554900Z         Since copytree() is called recursively, the callable will be
tests	Run python -m pytest -q	2026-10-04T08:21:48.8555307Z         called once for each directory that is copied. It returns a
tests	Run python -m pytest -q	2026-10-04T08:21:48.8555709Z         list of names relative to the `src` directory that should
tests	Run python -m pytest -q	2026-10-04T08:21:48.8556055Z         not be copied.
tests	Run python -m pytest -q	2026-10-04T08:21:48.8556300Z     
tests	Run python -m pytest -q	2026-10-04T08:21:48.8556592Z         The optional copy_function argument is a callable that will be used
tests	Run python -m pytest -q	2026-10-04T08:21:48.8557642Z         to copy each file. It will be called with the source path and the
tests	Run python -m pytest -q	2026-10-04T08:21:48.8558127Z         destination path as arguments. By default, copy2() is used, but any
tests	Run python -m pytest -q	2026-10-04T08:21:48.8558577Z         function that supports the same signature (like copy()) can be used.
tests	Run python -m pytest -q	2026-10-04T08:21:48.8558936Z     
tests	Run python -m pytest -q	2026-10-04T08:21:48.8559215Z         If dirs_exist_ok is false (the default) and `dst` already exists, a
tests	Run python -m pytest -q	2026-10-04T08:21:48.8559655Z         `FileExistsError` is raised. If `dirs_exist_ok` is true, the copying
tests	Run python -m pytest -q	2026-10-04T08:21:48.8560112Z         operation will continue if it encounters existing directories, and files
tests	Run python -m pytest -q	2026-10-04T08:21:48.8560567Z         within the `dst` tree will be overwritten by corresponding files from the
tests	Run python -m pytest -q	2026-10-04T08:21:48.8560970Z         `src` tree.
tests	Run python -m pytest -q	2026-10-04T08:21:48.8561201Z         """
tests	Run python -m pytest -q	2026-10-04T08:21:48.8561490Z         sys.audit("shutil.copytree", src, dst)
tests	Run python -m pytest -q	2026-10-04T08:21:48.8561818Z >       with os.scandir(src) as itr:
tests	Run python -m pytest -q	2026-10-04T08:21:48.8562106Z              ^^^^^^^^^^^^^^^
tests	Run python -m pytest -q	2026-10-04T08:21:48.8562689Z E       FileNotFoundError: [Errno 2] No such file or directory: '/home/runner/work/policy-as-versioned-flux/policy-as-versioned-flux/.estate-clone/tuppence/inventory'
tests	Run python -m pytest -q	2026-10-04T08:21:48.8563180Z 
tests	Run python -m pytest -q	2026-10-04T08:21:48.8563389Z /opt/hostedtoolcache/Python/3.12.14/x64/lib/python3.12/shutil.py:598: FileNotFoundError
tests	Run python -m pytest -q	2026-10-04T08:21:48.8563986Z _ test_a_control_the_regulator_withdraws_after_the_overlay_selected_it_is_the_regulators _
tests	Run python -m pytest -q	2026-10-04T08:21:48.8564524Z [gw1] linux -- Python 3.12.14 /opt/hostedtoolcache/Python/3.12.14/x64/bin/python
tests	Run python -m pytest -q	2026-10-04T08:21:48.8564767Z 
tests	Run python -m pytest -q	2026-10-04T08:21:48.8565039Z tmp_path = PosixPath('/tmp/pytest-of-runner/pytest-0/popen-gw1/test_a_control_the_regulator_w0')
tests	Run python -m pytest -q	2026-10-04T08:21:48.8565357Z 
tests	Run python -m pytest -q	2026-10-04T08:21:48.8565629Z     def test_a_control_the_regulator_withdraws_after_the_overlay_selected_it_is_the_regulators(tmp_path):
tests	Run python -m pytest -q	2026-10-04T08:21:48.8566166Z         """Eco-system ticket 126. tuppence's overlay selects a control NIST defines outside
tests	Run python -m pytest -q	2026-10-04T08:21:48.8566697Z         MODERATE, and composes under the new rule, so its header records `withdrawn-selectable:
tests	Run python -m pytest -q	2026-10-04T08:21:48.8567301Z         false`. NIST's next tag marks that control `status: withdrawn`. tuppence keeping it in its
tests	Run python -m pytest -q	2026-10-04T08:21:48.8567877Z         overlay refuses `unknown-control-id`. tuppence dropping it composes, and the control prints
tests	Run python -m pytest -q	2026-10-04T08:21:48.8568419Z         as NIST's `withdrawn-control`: the last overlay would no longer select it against the new
tests	Run python -m pytest -q	2026-10-04T08:21:48.8568899Z         catalogue, and the header proves it was defined when it was selected."""
tests	Run python -m pytest -q	2026-10-04T08:21:48.8569281Z         comp = _composition()
tests	Run python -m pytest -q	2026-10-04T08:21:48.8569633Z         moderate = comp._baseline_ids(ESTATE / "nist", "MODERATE")
tests	Run python -m pytest -q	2026-10-04T08:21:48.8570035Z         extra = sorted(comp._baseline_ids(ESTATE / "nist", "HIGH") - moderate)[0]
tests	Run python -m pytest -q	2026-10-04T08:21:48.8570478Z         assert _status(ESTATE / "nist", extra) is None
tests	Run python -m pytest -q	2026-10-04T08:21:48.8570817Z >       work = _tuppence(tmp_path / "tuppence")
tests	Run python -m pytest -q	2026-10-04T08:21:48.8571154Z                ^^^^^^^^^^^^^^^^^^^^^^^^^^^^^^^^
tests	Run python -m pytest -q	2026-10-04T08:21:48.8571314Z 
tests	Run python -m pytest -q	2026-10-04T08:21:48.8571460Z tests/test_loophole_adr_0026.py:818: 
tests	Run python -m pytest -q	2026-10-04T08:21:48.8571774Z _ _ _ _ _ _ _ _ _ _ _ _ _ _ _ _ _ _ _ _ _ _ _ _ _ _ _ _ _ _ _ _ _ _ _ _ _ _ _ _ 
tests	Run python -m pytest -q	2026-10-04T08:21:48.8572229Z tests/test_loophole_adr_0026.py:204: in _tuppence
tests	Run python -m pytest -q	2026-10-04T08:21:48.8572584Z     shutil.copytree(src / "inventory", work / "inventory")
tests	Run python -m pytest -q	2026-10-04T08:21:48.8572964Z _ _ _ _ _ _ _ _ _ _ _ _ _ _ _ _ _ _ _ _ _ _ _ _ _ _ _ _ _ _ _ _ _ _ _ _ _ _ _ _ 
tests	Run python -m pytest -q	2026-10-04T08:21:48.8573208Z 
tests	Run python -m pytest -q	2026-10-04T08:21:48.8573575Z src = PosixPath('/home/runner/work/policy-as-versioned-flux/policy-as-versioned-flux/.estate-clone/tuppence/inventory')
tests	Run python -m pytest -q	2026-10-04T08:21:48.8574254Z dst = PosixPath('/tmp/pytest-of-runner/pytest-0/popen-gw1/test_a_control_the_regulator_w0/tuppence/tuppence/inventory')
tests	Run python -m pytest -q	2026-10-04T08:21:48.8574758Z symlinks = False, ignore = None
tests	Run python -m pytest -q	2026-10-04T08:21:48.8575069Z copy_function = <function copy2 at 0x7f40327e3ec0>
tests	Run python -m pytest -q	2026-10-04T08:21:48.8575449Z ignore_dangling_symlinks = False, dirs_exist_ok = False
tests	Run python -m pytest -q	2026-10-04T08:21:48.8575686Z 
tests	Run python -m pytest -q	2026-10-04T08:21:48.8575860Z     def copytree(src, dst, symlinks=False, ignore=None, copy_function=copy2,
tests	Run python -m pytest -q	2026-10-04T08:21:48.8576277Z                  ignore_dangling_symlinks=False, dirs_exist_ok=False):
tests	Run python -m pytest -q	2026-10-04T08:21:48.8576748Z         """Recursively copy a directory tree and return the destination directory.
tests	Run python -m pytest -q	2026-10-04T08:21:48.8577296Z     
tests	Run python -m pytest -q	2026-10-04T08:21:48.8577621Z         If exception(s) occur, an Error is raised with a list of reasons.
tests	Run python -m pytest -q	2026-10-04T08:21:48.8577976Z     
tests	Run python -m pytest -q	2026-10-04T08:21:48.8578263Z         If the optional symlinks flag is true, symbolic links in the
tests	Run python -m pytest -q	2026-10-04T08:21:48.8578744Z         source tree result in symbolic links in the destination tree; if
tests	Run python -m pytest -q	2026-10-04T08:21:48.8579143Z         it is false, the contents of the files pointed to by symbolic
tests	Run python -m pytest -q	2026-10-04T08:21:48.8579585Z         links are copied. If the file pointed to by the symlink doesn't
tests	Run python -m pytest -q	2026-10-04T08:21:48.8580005Z         exist, an exception will be added in the list of errors raised in
tests	Run python -m pytest -q	2026-10-04T08:21:48.8580390Z         an Error exception at the end of the copy process.
tests	Run python -m pytest -q	2026-10-04T08:21:48.8580708Z     
tests	Run python -m pytest -q	2026-10-04T08:21:48.8581012Z         You can set the optional ignore_dangling_symlinks flag to true if you
tests	Run python -m pytest -q	2026-10-04T08:21:48.8581494Z         want to silence this exception. Notice that this has no effect on
tests	Run python -m pytest -q	2026-10-04T08:21:48.8581879Z         platforms that don't support os.symlink.
tests	Run python -m pytest -q	2026-10-04T08:21:48.8582177Z     
tests	Run python -m pytest -q	2026-10-04T08:21:48.8582497Z         The optional ignore argument is a callable. If given, it
tests	Run python -m pytest -q	2026-10-04T08:21:48.8582898Z         is called with the `src` parameter, which is the directory
tests	Run python -m pytest -q	2026-10-04T08:21:48.8583276Z         being visited by copytree(), and `names` which is the list of
tests	Run python -m pytest -q	2026-10-04T08:21:48.8583666Z         `src` contents, as returned by os.listdir():
tests	Run python -m pytest -q	2026-10-04T08:21:48.8583964Z     
tests	Run python -m pytest -q	2026-10-04T08:21:48.8584212Z             callable(src, names) -> ignored_names
tests	Run python -m pytest -q	2026-10-04T08:21:48.8584532Z     
tests	Run python -m pytest -q	2026-10-04T08:21:48.8584816Z         Since copytree() is called recursively, the callable will be
tests	Run python -m pytest -q	2026-10-04T08:21:48.8585218Z         called once for each directory that is copied. It returns a
tests	Run python -m pytest -q	2026-10-04T08:21:48.8585632Z         list of names relative to the `src` directory that should
tests	Run python -m pytest -q	2026-10-04T08:21:48.8585964Z         not be copied.
tests	Run python -m pytest -q	2026-10-04T08:21:48.8586240Z     
tests	Run python -m pytest -q	2026-10-04T08:21:48.8586547Z         The optional copy_function argument is a callable that will be used
tests	Run python -m pytest -q	2026-10-04T08:21:48.8587117Z         to copy each file. It will be called with the source path and the
tests	Run python -m pytest -q	2026-10-04T08:21:48.8587542Z         destination path as arguments. By default, copy2() is used, but any
tests	Run python -m pytest -q	2026-10-04T08:21:48.8587964Z         function that supports the same signature (like copy()) can be used.
tests	Run python -m pytest -q	2026-10-04T08:21:48.8588357Z     
tests	Run python -m pytest -q	2026-10-04T08:21:48.8588686Z         If dirs_exist_ok is false (the default) and `dst` already exists, a
tests	Run python -m pytest -q	2026-10-04T08:21:48.8589117Z         `FileExistsError` is raised. If `dirs_exist_ok` is true, the copying
tests	Run python -m pytest -q	2026-10-04T08:21:48.8589553Z         operation will continue if it encounters existing directories, and files
tests	Run python -m pytest -q	2026-10-04T08:21:48.8589985Z         within the `dst` tree will be overwritten by corresponding files from the
tests	Run python -m pytest -q	2026-10-04T08:21:48.8591350Z         `src` tree.
tests	Run python -m pytest -q	2026-10-04T08:21:48.8591593Z         """
tests	Run python -m pytest -q	2026-10-04T08:21:48.8591858Z         sys.audit("shutil.copytree", src, dst)
tests	Run python -m pytest -q	2026-10-04T08:21:48.8592181Z >       with os.scandir(src) as itr:
tests	Run python -m pytest -q	2026-10-04T08:21:48.8592481Z              ^^^^^^^^^^^^^^^
tests	Run python -m pytest -q	2026-10-04T08:21:48.8593092Z E       FileNotFoundError: [Errno 2] No such file or directory: '/home/runner/work/policy-as-versioned-flux/policy-as-versioned-flux/.estate-clone/tuppence/inventory'
tests	Run python -m pytest -q	2026-10-04T08:21:48.8593549Z 
tests	Run python -m pytest -q	2026-10-04T08:21:48.8593789Z /opt/hostedtoolcache/Python/3.12.14/x64/lib/python3.12/shutil.py:598: FileNotFoundError
tests	Run python -m pytest -q	2026-10-04T08:21:48.8594295Z _ test_a_weights_feed_that_names_a_withdrawn_control_keeps_its_price_on_the_withdrawal _
tests	Run python -m pytest -q	2026-10-04T08:21:48.8594773Z [gw1] linux -- Python 3.12.14 /opt/hostedtoolcache/Python/3.12.14/x64/bin/python
tests	Run python -m pytest -q	2026-10-04T08:21:48.8595044Z 
tests	Run python -m pytest -q	2026-10-04T08:21:48.8595286Z tmp_path = PosixPath('/tmp/pytest-of-runner/pytest-0/popen-gw1/test_a_weights_feed_that_names0')
tests	Run python -m pytest -q	2026-10-04T08:21:48.8595649Z 
tests	Run python -m pytest -q	2026-10-04T08:21:48.8595925Z     def test_a_weights_feed_that_names_a_withdrawn_control_keeps_its_price_on_the_withdrawal(tmp_path):
tests	Run python -m pytest -q	2026-10-04T08:21:48.8596466Z         """Ticket 123 item 2, against tuppence's real pinned parents. NIST withdraws a control the
tests	Run python -m pytest -q	2026-10-04T08:21:48.8597083Z         way its catalogue already marks 182 of them: the control stays in the catalogue with
tests	Run python -m pytest -q	2026-10-04T08:21:48.8597718Z         `status: withdrawn` and leaves every baseline. The pinned ico weights still name it. That is
tests	Run python -m pytest -q	2026-10-04T08:21:48.8598236Z         the feed's own fact to fix in its next version (ADR-0026). The composition does not refuse
tests	Run python -m pytest -q	2026-10-04T08:21:48.8598796Z         and does not re-partition: the regime entry keeps its amount, its line for the control reads
tests	Run python -m pytest -q	2026-10-04T08:21:48.8599347Z         `withdrawn`, and the `withdrawn-control` delta carries the price the hole carried."""
tests	Run python -m pytest -q	2026-10-04T08:21:48.8599742Z         comp = _composition()
tests	Run python -m pytest -q	2026-10-04T08:21:48.8600043Z >       work = _tuppence(tmp_path / "tuppence")
tests	Run python -m pytest -q	2026-10-04T08:21:48.8600434Z                ^^^^^^^^^^^^^^^^^^^^^^^^^^^^^^^^
tests	Run python -m pytest -q	2026-10-04T08:21:48.8600635Z 
tests	Run python -m pytest -q	2026-10-04T08:21:48.8600765Z tests/test_loophole_adr_0026.py:856: 
tests	Run python -m pytest -q	2026-10-04T08:21:48.8601088Z _ _ _ _ _ _ _ _ _ _ _ _ _ _ _ _ _ _ _ _ _ _ _ _ _ _ _ _ _ _ _ _ _ _ _ _ _ _ _ _ 
tests	Run python -m pytest -q	2026-10-04T08:21:48.8601425Z tests/test_loophole_adr_0026.py:204: in _tuppence
tests	Run python -m pytest -q	2026-10-04T08:21:48.8601799Z     shutil.copytree(src / "inventory", work / "inventory")
tests	Run python -m pytest -q	2026-10-04T08:21:48.8602209Z _ _ _ _ _ _ _ _ _ _ _ _ _ _ _ _ _ _ _ _ _ _ _ _ _ _ _ _ _ _ _ _ _ _ _ _ _ _ _ _ 
tests	Run python -m pytest -q	2026-10-04T08:21:48.8602395Z 
tests	Run python -m pytest -q	2026-10-04T08:21:48.8602746Z src = PosixPath('/home/runner/work/policy-as-versioned-flux/policy-as-versioned-flux/.estate-clone/tuppence/inventory')
tests	Run python -m pytest -q	2026-10-04T08:21:48.8603417Z dst = PosixPath('/tmp/pytest-of-runner/pytest-0/popen-gw1/test_a_weights_feed_that_names0/tuppence/tuppence/inventory')
tests	Run python -m pytest -q	2026-10-04T08:21:48.8603881Z symlinks = False, ignore = None
tests	Run python -m pytest -q	2026-10-04T08:21:48.8604209Z copy_function = <function copy2 at 0x7f40327e3ec0>
tests	Run python -m pytest -q	2026-10-04T08:21:48.8604578Z ignore_dangling_symlinks = False, dirs_exist_ok = False
tests	Run python -m pytest -q	2026-10-04T08:21:48.8604786Z 
tests	Run python -m pytest -q	2026-10-04T08:21:48.8605007Z     def copytree(src, dst, symlinks=False, ignore=None, copy_function=copy2,
tests	Run python -m pytest -q	2026-10-04T08:21:48.8605416Z                  ignore_dangling_symlinks=False, dirs_exist_ok=False):
tests	Run python -m pytest -q	2026-10-04T08:21:48.8605818Z         """Recursively copy a directory tree and return the destination directory.
tests	Run python -m pytest -q	2026-10-04T08:21:48.8606199Z     
tests	Run python -m pytest -q	2026-10-04T08:21:48.8606514Z         If exception(s) occur, an Error is raised with a list of reasons.
tests	Run python -m pytest -q	2026-10-04T08:21:48.8606905Z     
tests	Run python -m pytest -q	2026-10-04T08:21:48.8607212Z         If the optional symlinks flag is true, symbolic links in the
tests	Run python -m pytest -q	2026-10-04T08:21:48.8607602Z         source tree result in symbolic links in the destination tree; if
tests	Run python -m pytest -q	2026-10-04T08:21:48.8608032Z         it is false, the contents of the files pointed to by symbolic
tests	Run python -m pytest -q	2026-10-04T08:21:48.8608435Z         links are copied. If the file pointed to by the symlink doesn't
tests	Run python -m pytest -q	2026-10-04T08:21:48.8608883Z         exist, an exception will be added in the list of errors raised in
tests	Run python -m pytest -q	2026-10-04T08:21:48.8609264Z         an Error exception at the end of the copy process.
tests	Run python -m pytest -q	2026-10-04T08:21:48.8609565Z     
tests	Run python -m pytest -q	2026-10-04T08:21:48.8609876Z         You can set the optional ignore_dangling_symlinks flag to true if you
tests	Run python -m pytest -q	2026-10-04T08:21:48.8610307Z         want to silence this exception. Notice that this has no effect on
tests	Run python -m pytest -q	2026-10-04T08:21:48.8610662Z         platforms that don't support os.symlink.
tests	Run python -m pytest -q	2026-10-04T08:21:48.8611005Z     
tests	Run python -m pytest -q	2026-10-04T08:21:48.8611280Z         The optional ignore argument is a callable. If given, it
tests	Run python -m pytest -q	2026-10-04T08:21:48.8611674Z         is called with the `src` parameter, which is the directory
tests	Run python -m pytest -q	2026-10-04T08:21:48.8612086Z         being visited by copytree(), and `names` which is the list of
tests	Run python -m pytest -q	2026-10-04T08:21:48.8612453Z         `src` contents, as returned by os.listdir():
tests	Run python -m pytest -q	2026-10-04T08:21:48.8612772Z     
tests	Run python -m pytest -q	2026-10-04T08:21:48.8613024Z             callable(src, names) -> ignored_names
tests	Run python -m pytest -q	2026-10-04T08:21:48.8613322Z     
tests	Run python -m pytest -q	2026-10-04T08:21:48.8613637Z         Since copytree() is called recursively, the callable will be
tests	Run python -m pytest -q	2026-10-04T08:21:48.8614043Z         called once for each directory that is copied. It returns a
tests	Run python -m pytest -q	2026-10-04T08:21:48.8614451Z         list of names relative to the `src` directory that should
tests	Run python -m pytest -q	2026-10-04T08:21:48.8614778Z         not be copied.
tests	Run python -m pytest -q	2026-10-04T08:21:48.8615028Z     
tests	Run python -m pytest -q	2026-10-04T08:21:48.8615354Z         The optional copy_function argument is a callable that will be used
tests	Run python -m pytest -q	2026-10-04T08:21:48.8615769Z         to copy each file. It will be called with the source path and the
tests	Run python -m pytest -q	2026-10-04T08:21:48.8616203Z         destination path as arguments. By default, copy2() is used, but any
tests	Run python -m pytest -q	2026-10-04T08:21:48.8616628Z         function that supports the same signature (like copy()) can be used.
tests	Run python -m pytest -q	2026-10-04T08:21:48.8617272Z     
tests	Run python -m pytest -q	2026-10-04T08:21:48.8617611Z         If dirs_exist_ok is false (the default) and `dst` already exists, a
tests	Run python -m pytest -q	2026-10-04T08:21:48.8618039Z         `FileExistsError` is raised. If `dirs_exist_ok` is true, the copying
tests	Run python -m pytest -q	2026-10-04T08:21:48.8618549Z         operation will continue if it encounters existing directories, and files
tests	Run python -m pytest -q	2026-10-04T08:21:48.8618995Z         within the `dst` tree will be overwritten by corresponding files from the
tests	Run python -m pytest -q	2026-10-04T08:21:48.8619362Z         `src` tree.
tests	Run python -m pytest -q	2026-10-04T08:21:48.8619630Z         """
tests	Run python -m pytest -q	2026-10-04T08:21:48.8619889Z         sys.audit("shutil.copytree", src, dst)
tests	Run python -m pytest -q	2026-10-04T08:21:48.8620236Z >       with os.scandir(src) as itr:
tests	Run python -m pytest -q	2026-10-04T08:21:48.8620522Z              ^^^^^^^^^^^^^^^
tests	Run python -m pytest -q	2026-10-04T08:21:48.8621097Z E       FileNotFoundError: [Errno 2] No such file or directory: '/home/runner/work/policy-as-versioned-flux/policy-as-versioned-flux/.estate-clone/tuppence/inventory'
tests	Run python -m pytest -q	2026-10-04T08:21:48.8621554Z 
tests	Run python -m pytest -q	2026-10-04T08:21:48.8621805Z /opt/hostedtoolcache/Python/3.12.14/x64/lib/python3.12/shutil.py:598: FileNotFoundError
tests	Run python -m pytest -q	2026-10-04T08:21:48.8622301Z ___ test_a_narrowing_prices_a_weighted_removal_and_names_each_unweighted_one ___
tests	Run python -m pytest -q	2026-10-04T08:21:48.8622760Z [gw1] linux -- Python 3.12.14 /opt/hostedtoolcache/Python/3.12.14/x64/bin/python
tests	Run python -m pytest -q	2026-10-04T08:21:48.8623045Z 
tests	Run python -m pytest -q	2026-10-04T08:21:48.8623311Z tmp_path = PosixPath('/tmp/pytest-of-runner/pytest-0/popen-gw1/test_a_narrowing_prices_a_weig0')
tests	Run python -m pytest -q	2026-10-04T08:21:48.8623611Z 
tests	Run python -m pytest -q	2026-10-04T08:21:48.8623868Z     def test_a_narrowing_prices_a_weighted_removal_and_names_each_unweighted_one(tmp_path):
tests	Run python -m pytest -q	2026-10-04T08:21:48.8624416Z         """Round 2 `loophole-1`: a mass removal of unweighted controls prints only absences. True,
tests	Run python -m pytest -q	2026-10-04T08:21:48.8624934Z         and it is what ADR-0026 says: no pinned weight prices those controls, so the pound they
tests	Run python -m pytest -q	2026-10-04T08:21:48.8625467Z         carry is nothing any regulator named. The weighted pound is the regime entry, and a removal
tests	Run python -m pytest -q	2026-10-04T08:21:48.8626020Z         does not move it. tuppence narrows from MODERATE to LOW against a nist copy whose LOW also
tests	Run python -m pytest -q	2026-10-04T08:21:48.8626567Z         drops the weighted `ra-3`. The one weighted removal prints the price its hole carried; every
tests	Run python -m pytest -q	2026-10-04T08:21:48.8627263Z         other removal is a named absence; the summary delta counts both; the regime entry and its
tests	Run python -m pytest -q	2026-10-04T08:21:48.8627736Z         `ra-3` line keep their amounts, and the line reads `unselected`."""
tests	Run python -m pytest -q	2026-10-04T08:21:48.8628101Z         comp = _composition()
tests	Run python -m pytest -q	2026-10-04T08:21:48.8628395Z         nist = tmp_path / "nist"
tests	Run python -m pytest -q	2026-10-04T08:21:48.8628790Z         shutil.copytree(ESTATE / "nist", nist, ignore=shutil.ignore_patterns(".git"))
tests	Run python -m pytest -q	2026-10-04T08:21:48.8629267Z         low = nist / "catalog" / "NIST_SP-800-53_rev5.2.0_LOW-baseline_profile.json"
tests	Run python -m pytest -q	2026-10-04T08:21:48.8629661Z         profile = json.loads(low.read_text())
tests	Run python -m pytest -q	2026-10-04T08:21:48.8630022Z         for imp in profile["profile"]["imports"]:
tests	Run python -m pytest -q	2026-10-04T08:21:48.8630392Z             for inc in imp.get("include-controls", []):
tests	Run python -m pytest -q	2026-10-04T08:21:48.8630730Z                 if "ra-3" in inc.get("with-ids", []):
tests	Run python -m pytest -q	2026-10-04T08:21:48.8631065Z                     inc["with-ids"].remove("ra-3")
tests	Run python -m pytest -q	2026-10-04T08:21:48.8631389Z         low.write_text(json.dumps(profile))
tests	Run python -m pytest -q	2026-10-04T08:21:48.8631679Z         trees = _trees(nist=nist)
tests	Run python -m pytest -q	2026-10-04T08:21:48.8631983Z     
tests	Run python -m pytest -q	2026-10-04T08:21:48.8632258Z >       work = _tuppence(tmp_path / "tuppence")
tests	Run python -m pytest -q	2026-10-04T08:21:48.8632612Z                ^^^^^^^^^^^^^^^^^^^^^^^^^^^^^^^^
tests	Run python -m pytest -q	2026-10-04T08:21:48.8632779Z 
tests	Run python -m pytest -q	2026-10-04T08:21:48.8632930Z tests/test_loophole_adr_0026.py:947: 
tests	Run python -m pytest -q	2026-10-04T08:21:48.8633253Z _ _ _ _ _ _ _ _ _ _ _ _ _ _ _ _ _ _ _ _ _ _ _ _ _ _ _ _ _ _ _ _ _ _ _ _ _ _ _ _ 
tests	Run python -m pytest -q	2026-10-04T08:21:48.8633655Z tests/test_loophole_adr_0026.py:204: in _tuppence
tests	Run python -m pytest -q	2026-10-04T08:21:48.8634007Z     shutil.copytree(src / "inventory", work / "inventory")
tests	Run python -m pytest -q	2026-10-04T08:21:48.8634387Z _ _ _ _ _ _ _ _ _ _ _ _ _ _ _ _ _ _ _ _ _ _ _ _ _ _ _ _ _ _ _ _ _ _ _ _ _ _ _ _ 
tests	Run python -m pytest -q	2026-10-04T08:21:48.8634627Z 
tests	Run python -m pytest -q	2026-10-04T08:21:48.8634927Z src = PosixPath('/home/runner/work/policy-as-versioned-flux/policy-as-versioned-flux/.estate-clone/tuppence/inventory')
tests	Run python -m pytest -q	2026-10-04T08:21:48.8635629Z dst = PosixPath('/tmp/pytest-of-runner/pytest-0/popen-gw1/test_a_narrowing_prices_a_weig0/tuppence/tuppence/inventory')
tests	Run python -m pytest -q	2026-10-04T08:21:48.8636236Z symlinks = False, ignore = None
tests	Run python -m pytest -q	2026-10-04T08:21:48.8636544Z copy_function = <function copy2 at 0x7f40327e3ec0>
tests	Run python -m pytest -q	2026-10-04T08:21:48.8636999Z ignore_dangling_symlinks = False, dirs_exist_ok = False
tests	Run python -m pytest -q	2026-10-04T08:21:48.8637394Z 
tests	Run python -m pytest -q	2026-10-04T08:21:48.8637574Z     def copytree(src, dst, symlinks=False, ignore=None, copy_function=copy2,
tests	Run python -m pytest -q	2026-10-04T08:21:48.8637988Z                  ignore_dangling_symlinks=False, dirs_exist_ok=False):
tests	Run python -m pytest -q	2026-10-04T08:21:48.8638435Z         """Recursively copy a directory tree and return the destination directory.
tests	Run python -m pytest -q	2026-10-04T08:21:48.8638831Z     
tests	Run python -m pytest -q	2026-10-04T08:21:48.8639142Z         If exception(s) occur, an Error is raised with a list of reasons.
tests	Run python -m pytest -q	2026-10-04T08:21:48.8639492Z     
tests	Run python -m pytest -q	2026-10-04T08:21:48.8639782Z         If the optional symlinks flag is true, symbolic links in the
tests	Run python -m pytest -q	2026-10-04T08:21:48.8640218Z         source tree result in symbolic links in the destination tree; if
tests	Run python -m pytest -q	2026-10-04T08:21:48.8640629Z         it is false, the contents of the files pointed to by symbolic
tests	Run python -m pytest -q	2026-10-04T08:21:48.8641017Z         links are copied. If the file pointed to by the symlink doesn't
tests	Run python -m pytest -q	2026-10-04T08:21:48.8641454Z         exist, an exception will be added in the list of errors raised in
tests	Run python -m pytest -q	2026-10-04T08:21:48.8641869Z         an Error exception at the end of the copy process.
tests	Run python -m pytest -q	2026-10-04T08:21:48.8642219Z     
tests	Run python -m pytest -q	2026-10-04T08:21:48.8642528Z         You can set the optional ignore_dangling_symlinks flag to true if you
tests	Run python -m pytest -q	2026-10-04T08:21:48.8642938Z         want to silence this exception. Notice that this has no effect on
tests	Run python -m pytest -q	2026-10-04T08:21:48.8643341Z         platforms that don't support os.symlink.
tests	Run python -m pytest -q	2026-10-04T08:21:48.8643632Z     
tests	Run python -m pytest -q	2026-10-04T08:21:48.8643930Z         The optional ignore argument is a callable. If given, it
tests	Run python -m pytest -q	2026-10-04T08:21:48.8644327Z         is called with the `src` parameter, which is the directory
tests	Run python -m pytest -q	2026-10-04T08:21:48.8644713Z         being visited by copytree(), and `names` which is the list of
tests	Run python -m pytest -q	2026-10-04T08:21:48.8645180Z         `src` contents, as returned by os.listdir():
tests	Run python -m pytest -q	2026-10-04T08:21:48.8645499Z     
tests	Run python -m pytest -q	2026-10-04T08:21:48.8645791Z             callable(src, names) -> ignored_names
tests	Run python -m pytest -q	2026-10-04T08:21:48.8646097Z     
tests	Run python -m pytest -q	2026-10-04T08:21:48.8646387Z         Since copytree() is called recursively, the callable will be
tests	Run python -m pytest -q	2026-10-04T08:21:48.8646857Z         called once for each directory that is copied. It returns a
tests	Run python -m pytest -q	2026-10-04T08:21:48.8647251Z         list of names relative to the `src` directory that should
tests	Run python -m pytest -q	2026-10-04T08:21:48.8647588Z         not be copied.
tests	Run python -m pytest -q	2026-10-04T08:21:48.8647894Z     
tests	Run python -m pytest -q	2026-10-04T08:21:48.8648194Z         The optional copy_function argument is a callable that will be used
tests	Run python -m pytest -q	2026-10-04T08:21:48.8648618Z         to copy each file. It will be called with the source path and the
tests	Run python -m pytest -q	2026-10-04T08:21:48.8649058Z         destination path as arguments. By default, copy2() is used, but any
tests	Run python -m pytest -q	2026-10-04T08:21:48.8649473Z         function that supports the same signature (like copy()) can be used.
tests	Run python -m pytest -q	2026-10-04T08:21:48.8649850Z     
tests	Run python -m pytest -q	2026-10-04T08:21:48.8650145Z         If dirs_exist_ok is false (the default) and `dst` already exists, a
tests	Run python -m pytest -q	2026-10-04T08:21:48.8650562Z         `FileExistsError` is raised. If `dirs_exist_ok` is true, the copying
tests	Run python -m pytest -q	2026-10-04T08:21:48.8651062Z         operation will continue if it encounters existing directories, and files
tests	Run python -m pytest -q	2026-10-04T08:21:48.8651500Z         within the `dst` tree will be overwritten by corresponding files from the
tests	Run python -m pytest -q	2026-10-04T08:21:48.8651885Z         `src` tree.
tests	Run python -m pytest -q	2026-10-04T08:21:48.8652128Z         """
tests	Run python -m pytest -q	2026-10-04T08:21:48.8652386Z         sys.audit("shutil.copytree", src, dst)
tests	Run python -m pytest -q	2026-10-04T08:21:48.8652736Z >       with os.scandir(src) as itr:
tests	Run python -m pytest -q	2026-10-04T08:21:48.8653021Z              ^^^^^^^^^^^^^^^
tests	Run python -m pytest -q	2026-10-04T08:21:48.8653597Z E       FileNotFoundError: [Errno 2] No such file or directory: '/home/runner/work/policy-as-versioned-flux/policy-as-versioned-flux/.estate-clone/tuppence/inventory'
tests	Run python -m pytest -q	2026-10-04T08:21:48.8654138Z 
tests	Run python -m pytest -q	2026-10-04T08:21:48.8654383Z /opt/hostedtoolcache/Python/3.12.14/x64/lib/python3.12/shutil.py:598: FileNotFoundError
tests	Run python -m pytest -q	2026-10-04T08:21:48.8654868Z _______ test_a_bespoke_hole_is_priced_on_its_own_line_and_moves_no_tier ________
tests	Run python -m pytest -q	2026-10-04T08:21:48.8655348Z [gw1] linux -- Python 3.12.14 /opt/hostedtoolcache/Python/3.12.14/x64/bin/python
tests	Run python -m pytest -q	2026-10-04T08:21:48.8655616Z 
tests	Run python -m pytest -q	2026-10-04T08:21:48.8655854Z tmp_path = PosixPath('/tmp/pytest-of-runner/pytest-0/popen-gw1/test_a_bespoke_hole_is_priced_0')
tests	Run python -m pytest -q	2026-10-04T08:21:48.8656189Z 
tests	Run python -m pytest -q	2026-10-04T08:21:48.8656387Z     def test_a_bespoke_hole_is_priced_on_its_own_line_and_moves_no_tier(tmp_path):
tests	Run python -m pytest -q	2026-10-04T08:21:48.8658946Z         """Round 1 `loophole-1`, round 3 `loophole-1`. Both need a bespoke control's price to move
tests	Run python -m pytest -q	2026-10-04T08:21:48.8659504Z         something that a later removal or a cheaper replacement could move back. A bespoke hole is
tests	Run python -m pytest -q	2026-10-04T08:21:48.8660056Z         priced, on its own line, by the adopter's own scenario, and nothing reads that line: the
tests	Run python -m pytest -q	2026-10-04T08:21:48.8660566Z         regime entry, the exposure total and every tier match the composition without it. Ticket
tests	Run python -m pytest -q	2026-10-04T08:21:48.8661095Z         38 D5 named this limit ("priced but not yet tiered"), so the place is already held. The
tests	Run python -m pytest -q	2026-10-04T08:21:48.8661611Z         withdrawal both candidates need composes since ticket 124 and prints a `removed-control`
tests	Run python -m pytest -q	2026-10-04T08:21:48.8662101Z         delta at the scenario's own residual, so the withdrawn pound is on the record."""
tests	Run python -m pytest -q	2026-10-04T08:21:48.8662574Z         comp = _composition()
tests	Run python -m pytest -q	2026-10-04T08:21:48.8662949Z >       plain, plain_rendered = comp.compose(_tuppence(tmp_path / "plain"), _trees())
tests	Run python -m pytest -q	2026-10-04T08:21:48.8663368Z                                              ^^^^^^^^^^^^^^^^^^^^^^^^^^^^^
tests	Run python -m pytest -q	2026-10-04T08:21:48.8663556Z 
tests	Run python -m pytest -q	2026-10-04T08:21:48.8663701Z tests/test_loophole_adr_0026.py:985: 
tests	Run python -m pytest -q	2026-10-04T08:21:48.8664011Z _ _ _ _ _ _ _ _ _ _ _ _ _ _ _ _ _ _ _ _ _ _ _ _ _ _ _ _ _ _ _ _ _ _ _ _ _ _ _ _ 
tests	Run python -m pytest -q	2026-10-04T08:21:48.8664463Z tests/test_loophole_adr_0026.py:204: in _tuppence
tests	Run python -m pytest -q	2026-10-04T08:21:48.8664823Z     shutil.copytree(src / "inventory", work / "inventory")
tests	Run python -m pytest -q	2026-10-04T08:21:48.8665230Z _ _ _ _ _ _ _ _ _ _ _ _ _ _ _ _ _ _ _ _ _ _ _ _ _ _ _ _ _ _ _ _ _ _ _ _ _ _ _ _ 
tests	Run python -m pytest -q	2026-10-04T08:21:48.8665425Z 
tests	Run python -m pytest -q	2026-10-04T08:21:48.8665759Z src = PosixPath('/home/runner/work/policy-as-versioned-flux/policy-as-versioned-flux/.estate-clone/tuppence/inventory')
tests	Run python -m pytest -q	2026-10-04T08:21:48.8666438Z dst = PosixPath('/tmp/pytest-of-runner/pytest-0/popen-gw1/test_a_bespoke_hole_is_priced_0/plain/tuppence/inventory')
tests	Run python -m pytest -q	2026-10-04T08:21:48.8667021Z symlinks = False, ignore = None
tests	Run python -m pytest -q	2026-10-04T08:21:48.8667335Z copy_function = <function copy2 at 0x7f40327e3ec0>
tests	Run python -m pytest -q	2026-10-04T08:21:48.8667690Z ignore_dangling_symlinks = False, dirs_exist_ok = False
tests	Run python -m pytest -q	2026-10-04T08:21:48.8667932Z 
tests	Run python -m pytest -q	2026-10-04T08:21:48.8668108Z     def copytree(src, dst, symlinks=False, ignore=None, copy_function=copy2,
tests	Run python -m pytest -q	2026-10-04T08:21:48.8668562Z                  ignore_dangling_symlinks=False, dirs_exist_ok=False):
tests	Run python -m pytest -q	2026-10-04T08:21:48.8669007Z         """Recursively copy a directory tree and return the destination directory.
tests	Run python -m pytest -q	2026-10-04T08:21:48.8669364Z     
tests	Run python -m pytest -q	2026-10-04T08:21:48.8669661Z         If exception(s) occur, an Error is raised with a list of reasons.
tests	Run python -m pytest -q	2026-10-04T08:21:48.8670011Z     
tests	Run python -m pytest -q	2026-10-04T08:21:48.8670321Z         If the optional symlinks flag is true, symbolic links in the
tests	Run python -m pytest -q	2026-10-04T08:21:48.8670731Z         source tree result in symbolic links in the destination tree; if
tests	Run python -m pytest -q	2026-10-04T08:21:48.8671133Z         it is false, the contents of the files pointed to by symbolic
tests	Run python -m pytest -q	2026-10-04T08:21:48.8671562Z         links are copied. If the file pointed to by the symlink doesn't
tests	Run python -m pytest -q	2026-10-04T08:21:48.8671977Z         exist, an exception will be added in the list of errors raised in
tests	Run python -m pytest -q	2026-10-04T08:21:48.8672383Z         an Error exception at the end of the copy process.
tests	Run python -m pytest -q	2026-10-04T08:21:48.8672705Z     
tests	Run python -m pytest -q	2026-10-04T08:21:48.8673009Z         You can set the optional ignore_dangling_symlinks flag to true if you
tests	Run python -m pytest -q	2026-10-04T08:21:48.8673498Z         want to silence this exception. Notice that this has no effect on
tests	Run python -m pytest -q	2026-10-04T08:21:48.8673906Z         platforms that don't support os.symlink.
tests	Run python -m pytest -q	2026-10-04T08:21:48.8674222Z     
tests	Run python -m pytest -q	2026-10-04T08:21:48.8674545Z         The optional ignore argument is a callable. If given, it
tests	Run python -m pytest -q	2026-10-04T08:21:48.8674926Z         is called with the `src` parameter, which is the directory
tests	Run python -m pytest -q	2026-10-04T08:21:48.8675302Z         being visited by copytree(), and `names` which is the list of
tests	Run python -m pytest -q	2026-10-04T08:21:48.8675691Z         `src` contents, as returned by os.listdir():
tests	Run python -m pytest -q	2026-10-04T08:21:48.8676004Z     
tests	Run python -m pytest -q	2026-10-04T08:21:48.8676260Z             callable(src, names) -> ignored_names
tests	Run python -m pytest -q	2026-10-04T08:21:48.8676569Z     
tests	Run python -m pytest -q	2026-10-04T08:21:48.8676910Z         Since copytree() is called recursively, the callable will be
tests	Run python -m pytest -q	2026-10-04T08:21:48.8677452Z         called once for each directory that is copied. It returns a
tests	Run python -m pytest -q	2026-10-04T08:21:48.8677863Z         list of names relative to the `src` directory that should
tests	Run python -m pytest -q	2026-10-04T08:21:48.8678203Z         not be copied.
tests	Run python -m pytest -q	2026-10-04T08:21:48.8678466Z     
tests	Run python -m pytest -q	2026-10-04T08:21:48.8678770Z         The optional copy_function argument is a callable that will be used
tests	Run python -m pytest -q	2026-10-04T08:21:48.8679205Z         to copy each file. It will be called with the source path and the
tests	Run python -m pytest -q	2026-10-04T08:21:48.8679638Z         destination path as arguments. By default, copy2() is used, but any
tests	Run python -m pytest -q	2026-10-04T08:21:48.8680060Z         function that supports the same signature (like copy()) can be used.
tests	Run python -m pytest -q	2026-10-04T08:21:48.8680464Z     
tests	Run python -m pytest -q	2026-10-04T08:21:48.8680758Z         If dirs_exist_ok is false (the default) and `dst` already exists, a
tests	Run python -m pytest -q	2026-10-04T08:21:48.8681203Z         `FileExistsError` is raised. If `dirs_exist_ok` is true, the copying
tests	Run python -m pytest -q	2026-10-04T08:21:48.8681665Z         operation will continue if it encounters existing directories, and files
tests	Run python -m pytest -q	2026-10-04T08:21:48.8682102Z         within the `dst` tree will be overwritten by corresponding files from the
tests	Run python -m pytest -q	2026-10-04T08:21:48.8682513Z         `src` tree.
tests	Run python -m pytest -q	2026-10-04T08:21:48.8682818Z         """
tests	Run python -m pytest -q	2026-10-04T08:21:48.8683077Z         sys.audit("shutil.copytree", src, dst)
tests	Run python -m pytest -q	2026-10-04T08:21:48.8683452Z >       with os.scandir(src) as itr:
tests	Run python -m pytest -q	2026-10-04T08:21:48.8683723Z              ^^^^^^^^^^^^^^^
tests	Run python -m pytest -q	2026-10-04T08:21:48.8684314Z E       FileNotFoundError: [Errno 2] No such file or directory: '/home/runner/work/policy-as-versioned-flux/policy-as-versioned-flux/.estate-clone/tuppence/inventory'
tests	Run python -m pytest -q	2026-10-04T08:21:48.8684760Z 
tests	Run python -m pytest -q	2026-10-04T08:21:48.8685003Z /opt/hostedtoolcache/Python/3.12.14/x64/lib/python3.12/shutil.py:598: FileNotFoundError
tests	Run python -m pytest -q	2026-10-04T08:21:48.8685516Z _____ test_a_bespoke_id_never_covers_the_regulators_control_of_the_same_id _____
tests	Run python -m pytest -q	2026-10-04T08:21:48.8685976Z [gw1] linux -- Python 3.12.14 /opt/hostedtoolcache/Python/3.12.14/x64/bin/python
tests	Run python -m pytest -q	2026-10-04T08:21:48.8686248Z 
tests	Run python -m pytest -q	2026-10-04T08:21:48.8686485Z tmp_path = PosixPath('/tmp/pytest-of-runner/pytest-0/popen-gw1/test_a_bespoke_id_never_covers0')
tests	Run python -m pytest -q	2026-10-04T08:21:48.8686874Z 
tests	Run python -m pytest -q	2026-10-04T08:21:48.8687123Z     def test_a_bespoke_id_never_covers_the_regulators_control_of_the_same_id(tmp_path):
tests	Run python -m pytest -q	2026-10-04T08:21:48.8687634Z         """Round 1 `loophole-3`, round 2 `loophole-2`, round 3 `overreach-5`. tuppence publishes a
tests	Run python -m pytest -q	2026-10-04T08:21:48.8688157Z         bespoke `pl-2`, one of the regulator's weighted ids, and claims it. The claim covers
tests	Run python -m pytest -q	2026-10-04T08:21:48.8688672Z         `tuppence:pl-2` only. The regulator's `pl-2` stays a hole and its weighted line is not
tests	Run python -m pytest -q	2026-10-04T08:21:48.8689183Z         `covered`. The header lists both keys, one bare and one with its source, so one id from two
tests	Run python -m pytest -q	2026-10-04T08:21:48.8689664Z         sources is two selected controls: nothing collapses them."""
tests	Run python -m pytest -q	2026-10-04T08:21:48.8690048Z         comp = _composition()
tests	Run python -m pytest -q	2026-10-04T08:21:48.8690355Z >       work = _tuppence(tmp_path)
tests	Run python -m pytest -q	2026-10-04T08:21:48.8690646Z                ^^^^^^^^^^^^^^^^^^^
tests	Run python -m pytest -q	2026-10-04T08:21:48.8690793Z 
tests	Run python -m pytest -q	2026-10-04T08:21:48.8690938Z tests/test_loophole_adr_0026.py:1022: 
tests	Run python -m pytest -q	2026-10-04T08:21:48.8691276Z _ _ _ _ _ _ _ _ _ _ _ _ _ _ _ _ _ _ _ _ _ _ _ _ _ _ _ _ _ _ _ _ _ _ _ _ _ _ _ _ 
tests	Run python -m pytest -q	2026-10-04T08:21:48.8691688Z tests/test_loophole_adr_0026.py:204: in _tuppence
tests	Run python -m pytest -q	2026-10-04T08:21:48.8692048Z     shutil.copytree(src / "inventory", work / "inventory")
tests	Run python -m pytest -q	2026-10-04T08:21:48.8692443Z _ _ _ _ _ _ _ _ _ _ _ _ _ _ _ _ _ _ _ _ _ _ _ _ _ _ _ _ _ _ _ _ _ _ _ _ _ _ _ _ 
tests	Run python -m pytest -q	2026-10-04T08:21:48.8692674Z 
tests	Run python -m pytest -q	2026-10-04T08:21:48.8693007Z src = PosixPath('/home/runner/work/policy-as-versioned-flux/policy-as-versioned-flux/.estate-clone/tuppence/inventory')
tests	Run python -m pytest -q	2026-10-04T08:21:48.8693681Z dst = PosixPath('/tmp/pytest-of-runner/pytest-0/popen-gw1/test_a_bespoke_id_never_covers0/tuppence/inventory')
tests	Run python -m pytest -q	2026-10-04T08:21:48.8694153Z symlinks = False, ignore = None
tests	Run python -m pytest -q	2026-10-04T08:21:48.8694468Z copy_function = <function copy2 at 0x7f40327e3ec0>
tests	Run python -m pytest -q	2026-10-04T08:21:48.8694849Z ignore_dangling_symlinks = False, dirs_exist_ok = False
tests	Run python -m pytest -q	2026-10-04T08:21:48.8695074Z 
tests	Run python -m pytest -q	2026-10-04T08:21:48.8695250Z     def copytree(src, dst, symlinks=False, ignore=None, copy_function=copy2,
tests	Run python -m pytest -q	2026-10-04T08:21:48.8695706Z                  ignore_dangling_symlinks=False, dirs_exist_ok=False):
tests	Run python -m pytest -q	2026-10-04T08:21:48.8696137Z         """Recursively copy a directory tree and return the destination directory.
tests	Run python -m pytest -q	2026-10-04T08:21:48.8696484Z     
tests	Run python -m pytest -q	2026-10-04T08:21:48.8696990Z         If exception(s) occur, an Error is raised with a list of reasons.
tests	Run python -m pytest -q	2026-10-04T08:21:48.8697340Z     
tests	Run python -m pytest -q	2026-10-04T08:21:48.8697625Z         If the optional symlinks flag is true, symbolic links in the
tests	Run python -m pytest -q	2026-10-04T08:21:48.8698029Z         source tree result in symbolic links in the destination tree; if
tests	Run python -m pytest -q	2026-10-04T08:21:48.8698452Z         it is false, the contents of the files pointed to by symbolic
tests	Run python -m pytest -q	2026-10-04T08:21:48.8698895Z         links are copied. If the file pointed to by the symlink doesn't
tests	Run python -m pytest -q	2026-10-04T08:21:48.8699298Z         exist, an exception will be added in the list of errors raised in
tests	Run python -m pytest -q	2026-10-04T08:21:48.8699684Z         an Error exception at the end of the copy process.
tests	Run python -m pytest -q	2026-10-04T08:21:48.8700025Z     
tests	Run python -m pytest -q	2026-10-04T08:21:48.8700386Z         You can set the optional ignore_dangling_symlinks flag to true if you
tests	Run python -m pytest -q	2026-10-04T08:21:48.8700812Z         want to silence this exception. Notice that this has no effect on
tests	Run python -m pytest -q	2026-10-04T08:21:48.8701187Z         platforms that don't support os.symlink.
tests	Run python -m pytest -q	2026-10-04T08:21:48.8701465Z     
tests	Run python -m pytest -q	2026-10-04T08:21:48.8701818Z         The optional ignore argument is a callable. If given, it
tests	Run python -m pytest -q	2026-10-04T08:21:48.8702200Z         is called with the `src` parameter, which is the directory
tests	Run python -m pytest -q	2026-10-04T08:21:48.8702600Z         being visited by copytree(), and `names` which is the list of
tests	Run python -m pytest -q	2026-10-04T08:21:48.8702971Z         `src` contents, as returned by os.listdir():
tests	Run python -m pytest -q	2026-10-04T08:21:48.8703258Z     
tests	Run python -m pytest -q	2026-10-04T08:21:48.8703553Z             callable(src, names) -> ignored_names
tests	Run python -m pytest -q	2026-10-04T08:21:48.8703843Z     
tests	Run python -m pytest -q	2026-10-04T08:21:48.8704128Z         Since copytree() is called recursively, the callable will be
tests	Run python -m pytest -q	2026-10-04T08:21:48.8704534Z         called once for each directory that is copied. It returns a
tests	Run python -m pytest -q	2026-10-04T08:21:48.8704947Z         list of names relative to the `src` directory that should
tests	Run python -m pytest -q	2026-10-04T08:21:48.8705327Z         not be copied.
tests	Run python -m pytest -q	2026-10-04T08:21:48.8705576Z     
tests	Run python -m pytest -q	2026-10-04T08:21:48.8705881Z         The optional copy_function argument is a callable that will be used
tests	Run python -m pytest -q	2026-10-04T08:21:48.8706311Z         to copy each file. It will be called with the source path and the
tests	Run python -m pytest -q	2026-10-04T08:21:48.8706732Z         destination path as arguments. By default, copy2() is used, but any
tests	Run python -m pytest -q	2026-10-04T08:21:48.8707254Z         function that supports the same signature (like copy()) can be used.
tests	Run python -m pytest -q	2026-10-04T08:21:48.8707605Z     
tests	Run python -m pytest -q	2026-10-04T08:21:48.8707940Z         If dirs_exist_ok is false (the default) and `dst` already exists, a
tests	Run python -m pytest -q	2026-10-04T08:21:48.8708375Z         `FileExistsError` is raised. If `dirs_exist_ok` is true, the copying
tests	Run python -m pytest -q	2026-10-04T08:21:48.8708808Z         operation will continue if it encounters existing directories, and files
tests	Run python -m pytest -q	2026-10-04T08:21:48.8709297Z         within the `dst` tree will be overwritten by corresponding files from the
tests	Run python -m pytest -q	2026-10-04T08:21:48.8709717Z         `src` tree.
tests	Run python -m pytest -q	2026-10-04T08:21:48.8709950Z         """
tests	Run python -m pytest -q	2026-10-04T08:21:48.8710248Z         sys.audit("shutil.copytree", src, dst)
tests	Run python -m pytest -q	2026-10-04T08:21:48.8710559Z >       with os.scandir(src) as itr:
tests	Run python -m pytest -q	2026-10-04T08:21:48.8710905Z              ^^^^^^^^^^^^^^^
tests	Run python -m pytest -q	2026-10-04T08:21:48.8711475Z E       FileNotFoundError: [Errno 2] No such file or directory: '/home/runner/work/policy-as-versioned-flux/policy-as-versioned-flux/.estate-clone/tuppence/inventory'
tests	Run python -m pytest -q	2026-10-04T08:21:48.8711929Z 
tests	Run python -m pytest -q	2026-10-04T08:21:48.8712157Z /opt/hostedtoolcache/Python/3.12.14/x64/lib/python3.12/shutil.py:598: FileNotFoundError
tests	Run python -m pytest -q	2026-10-04T08:21:48.8712689Z _ test_an_ungoverned_namespace_is_a_workload_share_while_it_exists_and_moves_no_tier _
tests	Run python -m pytest -q	2026-10-04T08:21:48.8713164Z [gw1] linux -- Python 3.12.14 /opt/hostedtoolcache/Python/3.12.14/x64/bin/python
tests	Run python -m pytest -q	2026-10-04T08:21:48.8713440Z 
tests	Run python -m pytest -q	2026-10-04T08:21:48.8713692Z tmp_path = PosixPath('/tmp/pytest-of-runner/pytest-0/popen-gw1/test_an_ungoverned_namespace_i0')
tests	Run python -m pytest -q	2026-10-04T08:21:48.8714033Z 
tests	Run python -m pytest -q	2026-10-04T08:21:48.8714294Z     def test_an_ungoverned_namespace_is_a_workload_share_while_it_exists_and_moves_no_tier(tmp_path):
tests	Run python -m pytest -q	2026-10-04T08:21:48.8714786Z         """Round 1 `overreach-5`, round 3 `overreach-6`. A directory of manifests is not a
tests	Run python -m pytest -q	2026-10-04T08:21:48.8715395Z         Namespace: the walk reads `kind: Namespace` documents and the Namespace a workload names.
tests	Run python -m pytest -q	2026-10-04T08:21:48.8715932Z         Since ticket 119 a scratch Job that names a Namespace makes it an ungoverned Namespace, as
tests	Run python -m pytest -q	2026-10-04T08:21:48.8716465Z         the candidates say, because silence buys no exemption and neither does intent. An ungoverned
tests	Run python -m pytest -q	2026-10-04T08:21:48.8717282Z         Namespace with no workload prices at zero. One that is deleted closes and carries no price.
tests	Run python -m pytest -q	2026-10-04T08:21:48.8717833Z         One with workloads is priced, and that price moves no tier and no exposure total."""
tests	Run python -m pytest -q	2026-10-04T08:21:48.8718283Z         comp = _composition()
tests	Run python -m pytest -q	2026-10-04T08:21:48.8718596Z         scratch = tmp_path / "scratch-dir"
tests	Run python -m pytest -q	2026-10-04T08:21:48.8718998Z         (scratch / "gitops" / "scratch").mkdir(parents=True)
tests	Run python -m pytest -q	2026-10-04T08:21:48.8719404Z         (scratch / "gitops" / "scratch" / "notes.yaml").write_text(yaml.safe_dump(
tests	Run python -m pytest -q	2026-10-04T08:21:48.8719839Z             {"apiVersion": "v1", "kind": "ConfigMap", "metadata": {"name": "grant"}}))
tests	Run python -m pytest -q	2026-10-04T08:21:48.8720344Z         assert comp.ungoverned_namespaces(scratch) == [], "a directory was read as a Namespace"
tests	Run python -m pytest -q	2026-10-04T08:21:48.8720837Z         (scratch / "gitops" / "scratch" / "job.yaml").write_text(yaml.safe_dump(
tests	Run python -m pytest -q	2026-10-04T08:21:48.8721348Z             {"apiVersion": "batch/v1", "kind": "Job", "metadata": {"name": "grant", "namespace": "scratch"}}))
tests	Run python -m pytest -q	2026-10-04T08:21:48.8721911Z         assert comp.ungoverned_namespaces(scratch) == ["scratch"], "a Namespace a workload names went unpriced"
tests	Run python -m pytest -q	2026-10-04T08:21:48.8722344Z     
tests	Run python -m pytest -q	2026-10-04T08:21:48.8722628Z         empty = [{"namespace": "side", "status": "new"}]
tests	Run python -m pytest -q	2026-10-04T08:21:48.8722964Z         repo = tmp_path / "empty"
tests	Run python -m pytest -q	2026-10-04T08:21:48.8723254Z         (repo / "gitops").mkdir(parents=True)
tests	Run python -m pytest -q	2026-10-04T08:21:48.8723631Z         (repo / "gitops" / "ns.yaml").write_text(yaml.safe_dump(
tests	Run python -m pytest -q	2026-10-04T08:21:48.8724124Z             {"apiVersion": "v1", "kind": "Namespace", "metadata": {"name": "side", "labels": {INSTITUTION: "x"}}}))
tests	Run python -m pytest -q	2026-10-04T08:21:48.8724641Z         comp.price_ungoverned(empty, repo, "adopter", "GBP", 10_000.0, "2026-09-01")
tests	Run python -m pytest -q	2026-10-04T08:21:48.8725070Z         assert empty[0]["price"]["amount"] == 0.0, empty
tests	Run python -m pytest -q	2026-10-04T08:21:48.8725360Z     
tests	Run python -m pytest -q	2026-10-04T08:21:48.8725653Z         deleted = comp.compute_ungoverned(set(), {"side"})
tests	Run python -m pytest -q	2026-10-04T08:21:48.8726051Z         comp.price_ungoverned(deleted, repo, "adopter", "GBP", 10_000.0, "2026-09-01")
tests	Run python -m pytest -q	2026-10-04T08:21:48.8726500Z         assert deleted == [{"namespace": "side", "status": "closed"}], deleted
tests	Run python -m pytest -q	2026-10-04T08:21:48.8727140Z     
tests	Run python -m pytest -q	2026-10-04T08:21:48.8727483Z >       plain, plain_rendered = comp.compose(_tuppence(tmp_path / "plain"), _trees())
tests	Run python -m pytest -q	2026-10-04T08:21:48.8727947Z                                              ^^^^^^^^^^^^^^^^^^^^^^^^^^^^^
tests	Run python -m pytest -q	2026-10-04T08:21:48.8728133Z 
tests	Run python -m pytest -q	2026-10-04T08:21:48.8728264Z tests/test_loophole_adr_0026.py:1074: 
tests	Run python -m pytest -q	2026-10-04T08:21:48.8728638Z _ _ _ _ _ _ _ _ _ _ _ _ _ _ _ _ _ _ _ _ _ _ _ _ _ _ _ _ _ _ _ _ _ _ _ _ _ _ _ _ 
tests	Run python -m pytest -q	2026-10-04T08:21:48.8728987Z tests/test_loophole_adr_0026.py:204: in _tuppence
tests	Run python -m pytest -q	2026-10-04T08:21:48.8729340Z     shutil.copytree(src / "inventory", work / "inventory")
tests	Run python -m pytest -q	2026-10-04T08:21:48.8729709Z _ _ _ _ _ _ _ _ _ _ _ _ _ _ _ _ _ _ _ _ _ _ _ _ _ _ _ _ _ _ _ _ _ _ _ _ _ _ _ _ 
tests	Run python -m pytest -q	2026-10-04T08:21:48.8729939Z 
tests	Run python -m pytest -q	2026-10-04T08:21:48.8730262Z src = PosixPath('/home/runner/work/policy-as-versioned-flux/policy-as-versioned-flux/.estate-clone/tuppence/inventory')
tests	Run python -m pytest -q	2026-10-04T08:21:48.8730985Z dst = PosixPath('/tmp/pytest-of-runner/pytest-0/popen-gw1/test_an_ungoverned_namespace_i0/plain/tuppence/inventory')
tests	Run python -m pytest -q	2026-10-04T08:21:48.8731466Z symlinks = False, ignore = None
tests	Run python -m pytest -q	2026-10-04T08:21:48.8731783Z copy_function = <function copy2 at 0x7f40327e3ec0>
tests	Run python -m pytest -q	2026-10-04T08:21:48.8732155Z ignore_dangling_symlinks = False, dirs_exist_ok = False
tests	Run python -m pytest -q	2026-10-04T08:21:48.8732382Z 
tests	Run python -m pytest -q	2026-10-04T08:21:48.8732562Z     def copytree(src, dst, symlinks=False, ignore=None, copy_function=copy2,
tests	Run python -m pytest -q	2026-10-04T08:21:48.8733039Z                  ignore_dangling_symlinks=False, dirs_exist_ok=False):
tests	Run python -m pytest -q	2026-10-04T08:21:48.8733458Z         """Recursively copy a directory tree and return the destination directory.
tests	Run python -m pytest -q	2026-10-04T08:21:48.8733828Z     
tests	Run python -m pytest -q	2026-10-04T08:21:48.8734138Z         If exception(s) occur, an Error is raised with a list of reasons.
tests	Run python -m pytest -q	2026-10-04T08:21:48.8734498Z     
tests	Run python -m pytest -q	2026-10-04T08:21:48.8734795Z         If the optional symlinks flag is true, symbolic links in the
tests	Run python -m pytest -q	2026-10-04T08:21:48.8735191Z         source tree result in symbolic links in the destination tree; if
tests	Run python -m pytest -q	2026-10-04T08:21:48.8735582Z         it is false, the contents of the files pointed to by symbolic
tests	Run python -m pytest -q	2026-10-04T08:21:48.8736036Z         links are copied. If the file pointed to by the symlink doesn't
tests	Run python -m pytest -q	2026-10-04T08:21:48.8736517Z         exist, an exception will be added in the list of errors raised in
tests	Run python -m pytest -q	2026-10-04T08:21:48.8736966Z         an Error exception at the end of the copy process.
tests	Run python -m pytest -q	2026-10-04T08:21:48.8737287Z     
tests	Run python -m pytest -q	2026-10-04T08:21:48.8737574Z         You can set the optional ignore_dangling_symlinks flag to true if you
tests	Run python -m pytest -q	2026-10-04T08:21:48.8738014Z         want to silence this exception. Notice that this has no effect on
tests	Run python -m pytest -q	2026-10-04T08:21:48.8738413Z         platforms that don't support os.symlink.
tests	Run python -m pytest -q	2026-10-04T08:21:48.8738713Z     
tests	Run python -m pytest -q	2026-10-04T08:21:48.8739036Z         The optional ignore argument is a callable. If given, it
tests	Run python -m pytest -q	2026-10-04T08:21:48.8739403Z         is called with the `src` parameter, which is the directory
tests	Run python -m pytest -q	2026-10-04T08:21:48.8739823Z         being visited by copytree(), and `names` which is the list of
tests	Run python -m pytest -q	2026-10-04T08:21:48.8740207Z         `src` contents, as returned by os.listdir():
tests	Run python -m pytest -q	2026-10-04T08:21:48.8740509Z     
tests	Run python -m pytest -q	2026-10-04T08:21:48.8740776Z             callable(src, names) -> ignored_names
tests	Run python -m pytest -q	2026-10-04T08:21:48.8741073Z     
tests	Run python -m pytest -q	2026-10-04T08:21:48.8741373Z         Since copytree() is called recursively, the callable will be
tests	Run python -m pytest -q	2026-10-04T08:21:48.8741791Z         called once for each directory that is copied. It returns a
tests	Run python -m pytest -q	2026-10-04T08:21:48.8742211Z         list of names relative to the `src` directory that should
tests	Run python -m pytest -q	2026-10-04T08:21:48.8742548Z         not be copied.
tests	Run python -m pytest -q	2026-10-04T08:21:48.8742799Z     
tests	Run python -m pytest -q	2026-10-04T08:21:48.8743119Z         The optional copy_function argument is a callable that will be used
tests	Run python -m pytest -q	2026-10-04T08:21:48.8743557Z         to copy each file. It will be called with the source path and the
tests	Run python -m pytest -q	2026-10-04T08:21:48.8743958Z         destination path as arguments. By default, copy2() is used, but any
tests	Run python -m pytest -q	2026-10-04T08:21:48.8744417Z         function that supports the same signature (like copy()) can be used.
tests	Run python -m pytest -q	2026-10-04T08:21:48.8744767Z     
tests	Run python -m pytest -q	2026-10-04T08:21:48.8745099Z         If dirs_exist_ok is false (the default) and `dst` already exists, a
tests	Run python -m pytest -q	2026-10-04T08:21:48.8745551Z         `FileExistsError` is raised. If `dirs_exist_ok` is true, the copying
tests	Run python -m pytest -q	2026-10-04T08:21:48.8746040Z         operation will continue if it encounters existing directories, and files
tests	Run python -m pytest -q	2026-10-04T08:21:48.8746512Z         within the `dst` tree will be overwritten by corresponding files from the
tests	Run python -m pytest -q	2026-10-04T08:21:48.8746926Z         `src` tree.
tests	Run python -m pytest -q	2026-10-04T08:21:48.8747193Z         """
tests	Run python -m pytest -q	2026-10-04T08:21:48.8747490Z         sys.audit("shutil.copytree", src, dst)
tests	Run python -m pytest -q	2026-10-04T08:21:48.8747800Z >       with os.scandir(src) as itr:
tests	Run python -m pytest -q	2026-10-04T08:21:48.8748141Z              ^^^^^^^^^^^^^^^
tests	Run python -m pytest -q	2026-10-04T08:21:48.8748711Z E       FileNotFoundError: [Errno 2] No such file or directory: '/home/runner/work/policy-as-versioned-flux/policy-as-versioned-flux/.estate-clone/tuppence/inventory'
tests	Run python -m pytest -q	2026-10-04T08:21:48.8749161Z 
tests	Run python -m pytest -q	2026-10-04T08:21:48.8749405Z /opt/hostedtoolcache/Python/3.12.14/x64/lib/python3.12/shutil.py:598: FileNotFoundError
tests	Run python -m pytest -q	2026-10-04T08:21:48.8749938Z _____ test_a_mistranscribed_weight_moves_the_price_of_what_is_implemented ______
tests	Run python -m pytest -q	2026-10-04T08:21:48.8750410Z [gw1] linux -- Python 3.12.14 /opt/hostedtoolcache/Python/3.12.14/x64/bin/python
tests	Run python -m pytest -q	2026-10-04T08:21:48.8750678Z 
tests	Run python -m pytest -q	2026-10-04T08:21:48.8750928Z tmp_path = PosixPath('/tmp/pytest-of-runner/pytest-0/popen-gw1/test_a_mistranscribed_weight_m0')
tests	Run python -m pytest -q	2026-10-04T08:21:48.8751262Z 
tests	Run python -m pytest -q	2026-10-04T08:21:48.8751495Z     def test_a_mistranscribed_weight_moves_the_price_of_what_is_implemented(tmp_path):
tests	Run python -m pytest -q	2026-10-04T08:21:48.8752024Z         """Round 2 `overreach-6`. A clone of the regulator's repo carries a wrong partition: 0.7 on
tests	Run python -m pytest -q	2026-10-04T08:21:48.8752564Z         one lower-tier control and 0.1 on the others. With nothing implemented, tuppence composed
tests	Run python -m pytest -q	2026-10-04T08:21:48.8753071Z         against it prices the regime entry, the exposure and every tier exactly as against the
tests	Run python -m pytest -q	2026-10-04T08:21:48.8753601Z         published weights: a weight splits the entry, and every line is open. Since ticket 121 the
tests	Run python -m pytest -q	2026-10-04T08:21:48.8754115Z         entry is the sum of its open lines, so a wrong weight moves the price once the adopter
tests	Run python -m pytest -q	2026-10-04T08:21:48.8754752Z         implements a control it names. Claiming that control takes 0.7 of the entry off instead of
tests	Run python -m pytest -q	2026-10-04T08:21:48.8755297Z         its published share. The recourse the candidate asks for exists: the adopter's own pin holds
tests	Run python -m pytest -q	2026-10-04T08:21:48.8755828Z         the version it priced against, and a correction is a pull request to the publisher's repo."""
tests	Run python -m pytest -q	2026-10-04T08:21:48.8756259Z         comp = _composition()
tests	Run python -m pytest -q	2026-10-04T08:21:48.8756627Z >       right, right_rendered = comp.compose(_tuppence(tmp_path / "right"), _trees())
tests	Run python -m pytest -q	2026-10-04T08:21:48.8757212Z                                              ^^^^^^^^^^^^^^^^^^^^^^^^^^^^^
tests	Run python -m pytest -q	2026-10-04T08:21:48.8757469Z 
tests	Run python -m pytest -q	2026-10-04T08:21:48.8757586Z tests/test_loophole_adr_0026.py:1114: 
tests	Run python -m pytest -q	2026-10-04T08:21:48.8757952Z _ _ _ _ _ _ _ _ _ _ _ _ _ _ _ _ _ _ _ _ _ _ _ _ _ _ _ _ _ _ _ _ _ _ _ _ _ _ _ _ 
tests	Run python -m pytest -q	2026-10-04T08:21:48.8758315Z tests/test_loophole_adr_0026.py:204: in _tuppence
tests	Run python -m pytest -q	2026-10-04T08:21:48.8758673Z     shutil.copytree(src / "inventory", work / "inventory")
tests	Run python -m pytest -q	2026-10-04T08:21:48.8759043Z _ _ _ _ _ _ _ _ _ _ _ _ _ _ _ _ _ _ _ _ _ _ _ _ _ _ _ _ _ _ _ _ _ _ _ _ _ _ _ _ 
tests	Run python -m pytest -q	2026-10-04T08:21:48.8759300Z 
tests	Run python -m pytest -q	2026-10-04T08:21:48.8759600Z src = PosixPath('/home/runner/work/policy-as-versioned-flux/policy-as-versioned-flux/.estate-clone/tuppence/inventory')
tests	Run python -m pytest -q	2026-10-04T08:21:48.8760270Z dst = PosixPath('/tmp/pytest-of-runner/pytest-0/popen-gw1/test_a_mistranscribed_weight_m0/right/tuppence/inventory')
tests	Run python -m pytest -q	2026-10-04T08:21:48.8760751Z symlinks = False, ignore = None
tests	Run python -m pytest -q	2026-10-04T08:21:48.8761108Z copy_function = <function copy2 at 0x7f40327e3ec0>
tests	Run python -m pytest -q	2026-10-04T08:21:48.8761479Z ignore_dangling_symlinks = False, dirs_exist_ok = False
tests	Run python -m pytest -q	2026-10-04T08:21:48.8761690Z 
tests	Run python -m pytest -q	2026-10-04T08:21:48.8761905Z     def copytree(src, dst, symlinks=False, ignore=None, copy_function=copy2,
tests	Run python -m pytest -q	2026-10-04T08:21:48.8762315Z                  ignore_dangling_symlinks=False, dirs_exist_ok=False):
tests	Run python -m pytest -q	2026-10-04T08:21:48.8762729Z         """Recursively copy a directory tree and return the destination directory.
tests	Run python -m pytest -q	2026-10-04T08:21:48.8763185Z     
tests	Run python -m pytest -q	2026-10-04T08:21:48.8763483Z         If exception(s) occur, an Error is raised with a list of reasons.
tests	Run python -m pytest -q	2026-10-04T08:21:48.8763870Z     
tests	Run python -m pytest -q	2026-10-04T08:21:48.8764156Z         If the optional symlinks flag is true, symbolic links in the
tests	Run python -m pytest -q	2026-10-04T08:21:48.8764555Z         source tree result in symbolic links in the destination tree; if
tests	Run python -m pytest -q	2026-10-04T08:21:48.8764988Z         it is false, the contents of the files pointed to by symbolic
tests	Run python -m pytest -q	2026-10-04T08:21:48.8765384Z         links are copied. If the file pointed to by the symlink doesn't
tests	Run python -m pytest -q	2026-10-04T08:21:48.8765796Z         exist, an exception will be added in the list of errors raised in
tests	Run python -m pytest -q	2026-10-04T08:21:48.8766190Z         an Error exception at the end of the copy process.
tests	Run python -m pytest -q	2026-10-04T08:21:48.8766485Z     
tests	Run python -m pytest -q	2026-10-04T08:21:48.8766926Z         You can set the optional ignore_dangling_symlinks flag to true if you
tests	Run python -m pytest -q	2026-10-04T08:21:48.8767358Z         want to silence this exception. Notice that this has no effect on
tests	Run python -m pytest -q	2026-10-04T08:21:48.8767745Z         platforms that don't support os.symlink.
tests	Run python -m pytest -q	2026-10-04T08:21:48.8768039Z     
tests	Run python -m pytest -q	2026-10-04T08:21:48.8768307Z         The optional ignore argument is a callable. If given, it
tests	Run python -m pytest -q	2026-10-04T08:21:48.8768744Z         is called with the `src` parameter, which is the directory
tests	Run python -m pytest -q	2026-10-04T08:21:48.8769132Z         being visited by copytree(), and `names` which is the list of
tests	Run python -m pytest -q	2026-10-04T08:21:48.8769502Z         `src` contents, as returned by os.listdir():
tests	Run python -m pytest -q	2026-10-04T08:21:48.8769841Z     
tests	Run python -m pytest -q	2026-10-04T08:21:48.8770079Z             callable(src, names) -> ignored_names
tests	Run python -m pytest -q	2026-10-04T08:21:48.8770420Z     
tests	Run python -m pytest -q	2026-10-04T08:21:48.8770709Z         Since copytree() is called recursively, the callable will be
tests	Run python -m pytest -q	2026-10-04T08:21:48.8771101Z         called once for each directory that is copied. It returns a
tests	Run python -m pytest -q	2026-10-04T08:21:48.8771491Z         list of names relative to the `src` directory that should
tests	Run python -m pytest -q	2026-10-04T08:21:48.8771819Z         not be copied.
tests	Run python -m pytest -q	2026-10-04T08:21:48.8772170Z     
tests	Run python -m pytest -q	2026-10-04T08:21:48.8772471Z         The optional copy_function argument is a callable that will be used
tests	Run python -m pytest -q	2026-10-04T08:21:48.8772922Z         to copy each file. It will be called with the source path and the
tests	Run python -m pytest -q	2026-10-04T08:21:48.8773350Z         destination path as arguments. By default, copy2() is used, but any
tests	Run python -m pytest -q	2026-10-04T08:21:48.8773810Z         function that supports the same signature (like copy()) can be used.
tests	Run python -m pytest -q	2026-10-04T08:21:48.8774200Z     
tests	Run python -m pytest -q	2026-10-04T08:21:48.8774493Z         If dirs_exist_ok is false (the default) and `dst` already exists, a
tests	Run python -m pytest -q	2026-10-04T08:21:48.8774895Z         `FileExistsError` is raised. If `dirs_exist_ok` is true, the copying
tests	Run python -m pytest -q	2026-10-04T08:21:48.8775357Z         operation will continue if it encounters existing directories, and files
tests	Run python -m pytest -q	2026-10-04T08:21:48.8775804Z         within the `dst` tree will be overwritten by corresponding files from the
tests	Run python -m pytest -q	2026-10-04T08:21:48.8776227Z         `src` tree.
tests	Run python -m pytest -q	2026-10-04T08:21:48.8776476Z         """
tests	Run python -m pytest -q	2026-10-04T08:21:48.8776723Z         sys.audit("shutil.copytree", src, dst)
tests	Run python -m pytest -q	2026-10-04T08:21:48.8777287Z >       with os.scandir(src) as itr:
tests	Run python -m pytest -q	2026-10-04T08:21:48.8777579Z              ^^^^^^^^^^^^^^^
tests	Run python -m pytest -q	2026-10-04T08:21:48.8778176Z E       FileNotFoundError: [Errno 2] No such file or directory: '/home/runner/work/policy-as-versioned-flux/policy-as-versioned-flux/.estate-clone/tuppence/inventory'
tests	Run python -m pytest -q	2026-10-04T08:21:48.8778666Z 
tests	Run python -m pytest -q	2026-10-04T08:21:48.8778876Z /opt/hostedtoolcache/Python/3.12.14/x64/lib/python3.12/shutil.py:598: FileNotFoundError
tests	Run python -m pytest -q	2026-10-04T08:21:48.8779072Z ___________________________ test_the_suite_is_green ____________________________
tests	Run python -m pytest -q	2026-10-04T08:21:48.8779266Z [gw0] linux -- Python 3.12.14 /opt/hostedtoolcache/Python/3.12.14/x64/bin/python
tests	Run python -m pytest -q	2026-10-04T08:21:48.8779270Z 
tests	Run python -m pytest -q	2026-10-04T08:21:48.8779862Z suite_results = ({'a_challenge_to_a_constituent_survives_an_unrelated_resolution': Result(number=12, name='a_challenge_to_a_constituen...88888.89 vs 366666.67); xi>=1 refuses at the shape boundary and xi=0.99 still computes', invariant=False), ...}, False)
tests	Run python -m pytest -q	2026-10-04T08:21:48.8779933Z 
tests	Run python -m pytest -q	2026-10-04T08:21:48.8780174Z     def test_the_suite_is_green(suite_results: tuple[dict[str, Result], bool]) -> None:
tests	Run python -m pytest -q	2026-10-04T08:21:48.8780310Z         by_name, ok = suite_results
tests	Run python -m pytest -q	2026-10-04T08:21:48.8780480Z         failed = [r for r in by_name.values() if r.status == FAIL]
tests	Run python -m pytest -q	2026-10-04T08:21:48.8780646Z >       assert not failed, [f"{r.name}: {r.detail}" for r in failed]
tests	Run python -m pytest -q	2026-10-04T08:21:48.8781623Z E       AssertionError: ["flux_coverage_floor_is_still_reachable: the pre-registered coverage floor of 90% can no longer be reached: 3/1966 sa... finding, not a defect in it** — see build ticket 70's finding 1. It goes green only if the floor is actually reached"]
tests	Run python -m pytest -q	2026-10-04T08:21:48.8782366Z E       assert not [Result(number=45, name='flux_coverage_floor_is_still_reachable', status='FAIL', detail="the pre-registered coverage f...fect in it** — see build ticket 70's finding 1. It goes green only if the floor is actually reached", invariant=False)]
tests	Run python -m pytest -q	2026-10-04T08:21:48.8782386Z 
tests	Run python -m pytest -q	2026-10-04T08:21:48.8782547Z tests/test_invariant_suite.py:43: AssertionError
tests	Run python -m pytest -q	2026-10-04T08:21:48.8782717Z ---------------------------- Captured stdout setup -----------------------------
tests	Run python -m pytest -q	2026-10-04T08:21:48.8783065Z ==> netflix: would-the-twin-have-flagged-it rewound to 2011-08-01 — scoring-eligible under as-consumed
tests	Run python -m pytest -q	2026-10-04T08:21:48.8783378Z forecast-bundle -> /tmp/pytest-of-runner/pytest-0/popen-gw0/verify0/netflix-engine-guard/threat.json
tests	Run python -m pytest -q	2026-10-04T08:21:48.8783671Z   attestation  threat.json.att.json (unsigned — no signing key present (set TWIN_SIGNING_KEY))
tests	Run python -m pytest -q	2026-10-04T08:21:48.8783914Z   sha256       de508f4550148b82262bbf9f89886d53796e70137281a34f0f86d4e8b3b57776
tests	Run python -m pytest -q	2026-10-04T08:21:48.8784012Z   depth        full
tests	Run python -m pytest -q	2026-10-04T08:21:48.8784183Z     domain-model       full     7/7 of decision ticket 07  unchecked: -
tests	Run python -m pytest -q	2026-10-04T08:21:48.8784418Z     provenance         full     4/4 of decision ticket 14  unchecked: -
tests	Run python -m pytest -q	2026-10-04T08:21:48.8784620Z     scenario-engine    full     7/7 of decision ticket 13  unchecked: -
tests	Run python -m pytest -q	2026-10-04T08:21:48.8784892Z ==> netflix as at 2011-08-01: commit 3d1fb95e715d, committed 2011-07-26T21:00:00Z
tests	Run python -m pytest -q	2026-10-04T08:21:48.8785002Z   3 components, 2 edges, 0 causal
tests	Run python -m pytest -q	2026-10-04T08:21:48.8785206Z   a model state, not a filtered view: everything downstream reads it unchanged
tests	Run python -m pytest -q	2026-10-04T08:21:48.8785466Z rewound-model -> /tmp/pytest-of-runner/pytest-0/popen-gw0/verify0/netflix-engine-guard/rewind.json
tests	Run python -m pytest -q	2026-10-04T08:21:48.8785794Z   attestation  rewind.json.att.json (unsigned — no signing key present (set TWIN_SIGNING_KEY))
tests	Run python -m pytest -q	2026-10-04T08:21:48.8786046Z   sha256       b204e47519ce3b432a45dee96ccae520affc274e4f23a78a59de6535ae3a4b38
tests	Run python -m pytest -q	2026-10-04T08:21:48.8786143Z   depth        full
tests	Run python -m pytest -q	2026-10-04T08:21:48.8786315Z     domain-model       full     7/7 of decision ticket 07  unchecked: -
tests	Run python -m pytest -q	2026-10-04T08:21:48.8786479Z     provenance         full     4/4 of decision ticket 14  unchecked: -
tests	Run python -m pytest -q	2026-10-04T08:21:48.8786680Z     scenario-engine    full     7/7 of decision ticket 13  unchecked: -
tests	Run python -m pytest -q	2026-10-04T08:21:48.8787005Z ==> gameplay sweep across 1 repo(s), 1 org(s): 1 opportunity candidate(s) pulled, 3 signal(s) pushed
tests	Run python -m pytest -q	2026-10-04T08:21:48.8787269Z opportunity-sweep -> /tmp/pytest-of-runner/pytest-0/popen-gw0/verify0/netflix-engine-guard/sweep.json
tests	Run python -m pytest -q	2026-10-04T08:21:48.8787569Z   attestation  sweep.json.att.json (unsigned — no signing key present (set TWIN_SIGNING_KEY))
tests	Run python -m pytest -q	2026-10-04T08:21:48.8787765Z   sha256       1104a8e18f44087395c05ac7989131633b5cd14495a9cdae13fd1b78c439fcfc
tests	Run python -m pytest -q	2026-10-04T08:21:48.8787923Z   depth        full
tests	Run python -m pytest -q	2026-10-04T08:21:48.8788107Z     domain-model       full     7/7 of decision ticket 07  unchecked: -
tests	Run python -m pytest -q	2026-10-04T08:21:48.8788254Z     provenance         full     4/4 of decision ticket 14  unchecked: -
tests	Run python -m pytest -q	2026-10-04T08:21:48.8788422Z     scenario-engine    full     7/7 of decision ticket 13  unchecked: -
tests	Run python -m pytest -q	2026-10-04T08:21:48.8788644Z ==> netflix: 3 option(s) considered for 'the-operator', 2 priced, 1 removed before pricing
tests	Run python -m pytest -q	2026-10-04T08:21:48.8789083Z   removed  rank-domestic-members-by-cancellation-risk forbidden — no-individual-level-output (universal tier), no figure
tests	Run python -m pytest -q	2026-10-04T08:21:48.8789463Z   priced   hold-the-bundled-price-for-one-quarter 30000000.0/45000000.0/70000000.0 mean 46666666.6667, sampled p50 46287011.5481
tests	Run python -m pytest -q	2026-10-04T08:21:48.8789837Z   priced   ship-one-bill-and-one-sign-in-across-the-two-plans 10000000.0/15000000.0/22000000.0 mean 15333333.3333, sampled p50 15142499.58
tests	Run python -m pytest -q	2026-10-04T08:21:48.8790048Z   a constraint is not a very large price: a removed option carries no number at all
tests	Run python -m pytest -q	2026-10-04T08:21:48.8790343Z priced-option-set -> /tmp/pytest-of-runner/pytest-0/popen-gw0/verify0/netflix-engine-guard/options-head.json
tests	Run python -m pytest -q	2026-10-04T08:21:48.8790715Z   attestation  options-head.json.att.json (unsigned — no signing key present (set TWIN_SIGNING_KEY))
tests	Run python -m pytest -q	2026-10-04T08:21:48.8790930Z   sha256       7b359d9cfe0573089d0863a582b7c384f220be3a96527bb58a0f7fb98a3e85d6
tests	Run python -m pytest -q	2026-10-04T08:21:48.8791027Z   depth        full
tests	Run python -m pytest -q	2026-10-04T08:21:48.8791204Z     currency-regimes   full     6/6 of decision ticket 09  unchecked: -
tests	Run python -m pytest -q	2026-10-04T08:21:48.8791386Z     domain-model       full     7/7 of decision ticket 07  unchecked: -
tests	Run python -m pytest -q	2026-10-04T08:21:48.8793766Z     provenance         full     4/4 of decision ticket 14  unchecked: -
tests	Run python -m pytest -q	2026-10-04T08:21:48.8793931Z ==> netflix: a shock at 'dvd-by-mail', priced under 1 perspective(s)
tests	Run python -m pytest -q	2026-10-04T08:21:48.8794061Z   the-operator
tests	Run python -m pytest -q	2026-10-04T08:21:48.8794257Z     price    streaming-service        23,800,000 / 47,600,000 / 95,200,000  grade 1
tests	Run python -m pytest -q	2026-10-04T08:21:48.8794481Z     option   hold-the-bundled-price-for-one-quarter cost 46,666,667, credit 19,040,000
tests	Run python -m pytest -q	2026-10-04T08:21:48.8794932Z     option   ship-one-bill-and-one-sign-in-across-the-two-plans cost 15,333,333, the-mitigation-claim-is-graded-outside-the-pricing-threshold
tests	Run python -m pytest -q	2026-10-04T08:21:48.8795228Z   prices, costs and credits in one unit, in the order they were authored. Nothing marks one option best and nothing recommends one
tests	Run python -m pytest -q	2026-10-04T08:21:48.8795507Z priced-impact -> /tmp/pytest-of-runner/pytest-0/popen-gw0/verify0/netflix-engine-guard/price.json
tests	Run python -m pytest -q	2026-10-04T08:21:48.8795855Z   attestation  price.json.att.json (unsigned — no signing key present (set TWIN_SIGNING_KEY))
tests	Run python -m pytest -q	2026-10-04T08:21:48.8796063Z   sha256       f45c9cb3ecc9aa4211799fa0e30745bdfa8a2ef973b4e21ab2ae3cb6f004a564
tests	Run python -m pytest -q	2026-10-04T08:21:48.8796201Z   depth        full
tests	Run python -m pytest -q	2026-10-04T08:21:48.8796350Z     causal-layer       full     5/5 of decision ticket 08  unchecked: -
tests	Run python -m pytest -q	2026-10-04T08:21:48.8796542Z     currency-regimes   full     6/6 of decision ticket 09  unchecked: -
tests	Run python -m pytest -q	2026-10-04T08:21:48.8796725Z     domain-model       full     7/7 of decision ticket 07  unchecked: -
tests	Run python -m pytest -q	2026-10-04T08:21:48.8796990Z     provenance         full     4/4 of decision ticket 14  unchecked: -
tests	Run python -m pytest -q	2026-10-04T08:21:48.8797280Z ==> netflix/the-operator: a shock at 'dvd-by-mail', 2 response(s) across 3 account(s)
tests	Run python -m pytest -q	2026-10-04T08:21:48.8797811Z   hold-the-bundled-price-for-one-quarter range=57,120,000  (the-damage-was-mostly-the-rebrand=35,480,000, the-shock-crossed-to-the-streaming-side=-21,640,000, the-shock-stayed-on-the-dvd-side=25,960,000)
tests	Run python -m pytest -q	2026-10-04T08:21:48.8798392Z   ship-one-bill-and-one-sign-in-across-the-two-plans range=0  (the-damage-was-mostly-the-rebrand=15,000,000, the-shock-crossed-to-the-streaming-side=15,000,000, the-shock-stayed-on-the-dvd-side=15,000,000)
tests	Run python -m pytest -q	2026-10-04T08:21:48.8799149Z   agreement  unanimous=False  the named accounts disagree about which response is cheapest — reported here rather than smoothed into the default below, because a credible disagreement about the mechanism is the most decision-relevant fact on the page
tests	Run python -m pytest -q	2026-10-04T08:21:48.8800250Z   default    hold-the-bundled-price-for-one-quarter — the option whose mean net cost of risk across the named accounts is lowest — a default point for a reader who wants one, computed rather than declared, and not a recommendation. No account is privileged, so the mean rather than any one account's own figure is what breaks the tie; naming or dropping a rival account can move it
tests	Run python -m pytest -q	2026-10-04T08:21:48.8800543Z trade-off-curve -> /tmp/pytest-of-runner/pytest-0/popen-gw0/verify0/netflix-engine-guard/curve.json
tests	Run python -m pytest -q	2026-10-04T08:21:48.8800913Z   attestation  curve.json.att.json (unsigned — no signing key present (set TWIN_SIGNING_KEY))
tests	Run python -m pytest -q	2026-10-04T08:21:48.8801114Z   sha256       05a68f85989616026b4ac38a96b0b15858499b45227ea4cd3001bdb9436e943a
tests	Run python -m pytest -q	2026-10-04T08:21:48.8801226Z   depth        full
tests	Run python -m pytest -q	2026-10-04T08:21:48.8801392Z     causal-layer       full     5/5 of decision ticket 08  unchecked: -
tests	Run python -m pytest -q	2026-10-04T08:21:48.8801594Z     currency-regimes   full     6/6 of decision ticket 09  unchecked: -
tests	Run python -m pytest -q	2026-10-04T08:21:48.8801770Z     domain-model       full     7/7 of decision ticket 07  unchecked: -
tests	Run python -m pytest -q	2026-10-04T08:21:48.8801918Z     provenance         full     4/4 of decision ticket 14  unchecked: -
tests	Run python -m pytest -q	2026-10-04T08:21:48.8802146Z ==> netflix: proposes hold-the-bundled-price-for-one-quarter via the 'record' channel
tests	Run python -m pytest -q	2026-10-04T08:21:48.8802851Z   means      the verification substrate — a lever that is not code, carrying a versioned signed record that it was enacted without being enforced by policy. Most levers are this one, and the £ engine's cross-domain comparison depends on it
tests	Run python -m pytest -q	2026-10-04T08:21:48.8803109Z   disposed   a human, out of band — this tool has no path to it
tests	Run python -m pytest -q	2026-10-04T08:21:48.8803266Z   layer      structural absence   twin/enact.py
tests	Run python -m pytest -q	2026-10-04T08:21:48.8803476Z     holds      no merge code path exists; the module's public surface is an allow-list
tests	Run python -m pytest -q	2026-10-04T08:21:48.8804009Z     fails when the twin is composed with a shell tool, an MCP GitHub server or a subagent with `gh` — the absence still holds and the guarantee is gone, with no diff to twin/ at all
tests	Run python -m pytest -q	2026-10-04T08:21:48.8804262Z   layer      tool-call boundary   twin/enact_guard.py, registered as a PreToolUse hook
tests	Run python -m pytest -q	2026-10-04T08:21:48.8804459Z     holds      a disposing tool call is refused before it runs, including a subagent's own
tests	Run python -m pytest -q	2026-10-04T08:21:48.8804999Z     fails when the registration is deleted, or the twin is driven by a runner that does not honour hooks — a policy check is a call site, and a forgotten call site fails open in silence
tests	Run python -m pytest -q	2026-10-04T08:21:48.8805588Z   dependency 17 cross-repository pin(s) (3 self-sync, counted separately): driftwood-composed, feeds, ico, insurer, ludlow-composed, nist, platform, tuppence-composed consumed by driftwood, insurer, ludlow, tuppence
tests	Run python -m pytest -q	2026-10-04T08:21:48.8806098Z     limit      0 of 20 pins name a tag and no commit, so the pin is only as immutable as the tag. Every commit line in this estate is a commented-out placeholder; until one is filled in, 'pinned' means 'pinned to a movable name'.
tests	Run python -m pytest -q	2026-10-04T08:21:48.8806588Z     limit      3 of 20 pins are a repository syncing itself rather than consuming anybody's policy, and are counted separately: only the 17 cross-repository pins evidence a dependency at all.
tests	Run python -m pytest -q	2026-10-04T08:21:48.8807526Z     limit      the signature is the sources' own declaration, checked by nothing here: no tag is verified, no Rekor entry is looked up, and estate/verify/provenance/verify-provenance.sh records that this repository's own commits are not keyless-signed either. 'Signed' is therefore a property of the design, not an observation, and the word does no work until something verifies it.
tests	Run python -m pytest -q	2026-10-04T08:21:48.8808555Z     limit      the consumer repositories are separate by URL and not yet by existence: estate/README.md describes a monorepo-style working tree whose top-level directories become their own GitHub repositories *at split*, and each up.sh rewrites the pinned URL to an in-cluster git server for the offline demo. The pins name real separate repositories; whether those repositories are live is a question this code does not ask.
tests	Run python -m pytest -q	2026-10-04T08:21:48.8809205Z     limit      read from committed sources, not from a running cluster: this evidences what the repositories declare they consume, never that a control is in force right now. Whether continuous proof of force is required at all is build ticket 65's question and is still open.
tests	Run python -m pytest -q	2026-10-04T08:21:48.8809994Z     limit      these pins are read from this tool's own repository (.estate-clone), not from any repository 'netflix' owns. The dependency block above evidences what THIS estate consumes; it names no pin, tag or repository belonging to the subject the proposal is about, and 'netflix' is not assumed to have an estate under Flux at all.
tests	Run python -m pytest -q	2026-10-04T08:21:48.8810873Z   narrowed   Policy-as-code is AN enactment arm, not THE definition of governance. Responses are priced by the FAIR factor they modify and most levers are not code, so if versioned policy were the shape of governance the cross-domain comparison the £ engine exists for could not exist.
tests	Run python -m pytest -q	2026-10-04T08:21:48.8811183Z enactment-proposal -> /tmp/pytest-of-runner/pytest-0/popen-gw0/verify0/netflix-engine-guard/proposal.json
tests	Run python -m pytest -q	2026-10-04T08:21:48.8811510Z   attestation  proposal.json.att.json (unsigned — no signing key present (set TWIN_SIGNING_KEY))
tests	Run python -m pytest -q	2026-10-04T08:21:48.8811696Z   sha256       1190a197430be696a04c73f71798d2346bb5e6915ee9765ac1dc778304ad19d7
tests	Run python -m pytest -q	2026-10-04T08:21:48.8811822Z   depth        full
tests	Run python -m pytest -q	2026-10-04T08:21:48.8811986Z     enactment          full     5/5 of decision ticket 18  unchecked: -
tests	Run python -m pytest -q	2026-10-04T08:21:48.8812230Z ==> netflix: substrate fidelity at 2011-10-24, detection scored at 2011-10-24
tests	Run python -m pytest -q	2026-10-04T08:21:48.8812354Z   signal_to_noise      0.121  within [0.05, 0.25]
tests	Run python -m pytest -q	2026-10-04T08:21:48.8812509Z   plant_difficulty     0.275  within [0.05, 0.5]
tests	Run python -m pytest -q	2026-10-04T08:21:48.8812684Z   plant_difficulty_spread 0.600  within [0.05, 1.0]
tests	Run python -m pytest -q	2026-10-04T08:21:48.8812816Z   spine_consistency    1.000  within [1.0, 1.0]
tests	Run python -m pytest -q	2026-10-04T08:21:48.8812965Z   reporting_asymmetry  0.667  within [0.6, 0.95]
tests	Run python -m pytest -q	2026-10-04T08:21:48.8813081Z   mundanity            0.879  within [0.7, 1.0]
tests	Run python -m pytest -q	2026-10-04T08:21:48.8813225Z   contamination        0.000  within [0.0, 0.0]
tests	Run python -m pytest -q	2026-10-04T08:21:48.8813609Z   free-running         28 line(s) against 5 anchored — the diff-against-the-spine attack has somewhere to hide a plant
tests	Run python -m pytest -q	2026-10-04T08:21:48.8813759Z   hit rate             25%, mean score 0.250
tests	Run python -m pytest -q	2026-10-04T08:21:48.8814192Z     events           missed  horizon 2011-09-30  not detected: no detection at events[3] ('an unusual incident review opens after hours, examining access to the member billing export')
tests	Run python -m pytest -q	2026-10-04T08:21:48.8814675Z     communications   missed  horizon 2011-10-24  not detected: no detection at communications[3] ('a press query is withdrawn abruptly, days after an earlier complaint thread was escalated')
tests	Run python -m pytest -q	2026-10-04T08:21:48.8815083Z     hr               timely  horizon 2011-11-15  detected at 2011-10-24, on or before the actionability horizon 2011-11-15 — still actionable
tests	Run python -m pytest -q	2026-10-04T08:21:48.8815524Z     telemetry        missed  horizon 2011-09-20  not detected: no detection at telemetry[3] ('an overnight export of the member table runs outside the scheduled batch, with no ticket raised')
tests	Run python -m pytest -q	2026-10-04T08:21:48.8816488Z   limitation:  planter and detector are the same model family and share model priors (decision ticket 12 Q2): a synthetic result is never evidence the twin anticipates the world, only evidence that the detection machinery works. The detector may find a plant because it thinks like the planter, not because the signal was findable by an independently-minded reader.
tests	Run python -m pytest -q	2026-10-04T08:21:48.8816861Z substrate-report -> /tmp/pytest-of-runner/pytest-0/popen-gw0/verify0/netflix-engine-guard/substrate.json
tests	Run python -m pytest -q	2026-10-04T08:21:48.8817212Z   attestation  substrate.json.att.json (unsigned — no signing key present (set TWIN_SIGNING_KEY))
tests	Run python -m pytest -q	2026-10-04T08:21:48.8817401Z   sha256       186420ffbed97daf866204328e573c3f9a601155f3a1ec474627fac73d1b1729
tests	Run python -m pytest -q	2026-10-04T08:21:48.8817551Z   depth        full
tests	Run python -m pytest -q	2026-10-04T08:21:48.8817736Z     synthetic-substrate full     7/7 of decision ticket 12  unchecked: -
tests	Run python -m pytest -q	2026-10-04T08:21:48.8817928Z ==> sweep across 1 repo(s): 2 execution(s), 4 forecast(s), 0 failure(s)
tests	Run python -m pytest -q	2026-10-04T08:21:48.8818178Z sweep -> /tmp/pytest-of-runner/pytest-0/popen-gw0/verify0/intel-forecast-guard/sweep.json
tests	Run python -m pytest -q	2026-10-04T08:21:48.8818342Z   attestation  sweep.json.att.json (agent-signed (origin only))
tests	Run python -m pytest -q	2026-10-04T08:21:48.8818555Z   sha256       9dfe5ec7212febd0999f0534de08030f5cb5f86f46215135978f241e63cd9573
tests	Run python -m pytest -q	2026-10-04T08:21:48.8818722Z   depth        full
tests	Run python -m pytest -q	2026-10-04T08:21:48.8818903Z     domain-model       full     7/7 of decision ticket 07  unchecked: -
tests	Run python -m pytest -q	2026-10-04T08:21:48.8819054Z     provenance         full     4/4 of decision ticket 14  unchecked: -
tests	Run python -m pytest -q	2026-10-04T08:21:48.8819262Z     scenario-engine    full     7/7 of decision ticket 13  unchecked: -
tests	Run python -m pytest -q	2026-10-04T08:21:48.8819650Z ==> intel: does-the-14a-bet-land-a-named-customer under as-consumed — scoring-eligible, 0 fact(s) withheld by date
tests	Run python -m pytest -q	2026-10-04T08:21:48.8819908Z forecast-bundle -> /tmp/pytest-of-runner/pytest-0/popen-gw0/verify0/intel-forecast-guard/run.json
tests	Run python -m pytest -q	2026-10-04T08:21:48.8820099Z   attestation  run.json.att.json (agent-signed (origin only))
tests	Run python -m pytest -q	2026-10-04T08:21:48.8820285Z   sha256       3c891bc1da4eef0c1ccc0a6031a1a699297752a8e67b71fc420a342224df6740
tests	Run python -m pytest -q	2026-10-04T08:21:48.8820412Z   depth        full
tests	Run python -m pytest -q	2026-10-04T08:21:48.8820594Z     domain-model       full     7/7 of decision ticket 07  unchecked: -
tests	Run python -m pytest -q	2026-10-04T08:21:48.8820763Z     provenance         full     4/4 of decision ticket 14  unchecked: -
tests	Run python -m pytest -q	2026-10-04T08:21:48.8820946Z     scenario-engine    full     7/7 of decision ticket 13  unchecked: -
tests	Run python -m pytest -q	2026-10-04T08:21:48.8821212Z ==> netflix: dvd-decline-2011 rewound to 2026-01-01 — scoring-eligible under as-consumed
tests	Run python -m pytest -q	2026-10-04T08:21:48.8821476Z forecast-bundle -> /tmp/pytest-of-runner/pytest-0/popen-gw0/verify0/guard-backtest.json
tests	Run python -m pytest -q	2026-10-04T08:21:48.8821823Z   attestation  guard-backtest.json.att.json (unsigned — no signing key present (set TWIN_SIGNING_KEY))
tests	Run python -m pytest -q	2026-10-04T08:21:48.8822019Z   sha256       5d7231a5720c7c1a8b3ade68f94a1e564cd470b4c9246da46d8ec0bf2ed20de8
tests	Run python -m pytest -q	2026-10-04T08:21:48.8822143Z   depth        full
tests	Run python -m pytest -q	2026-10-04T08:21:48.8822299Z     domain-model       full     7/7 of decision ticket 07  unchecked: -
tests	Run python -m pytest -q	2026-10-04T08:21:48.8822479Z     provenance         full     4/4 of decision ticket 14  unchecked: -
tests	Run python -m pytest -q	2026-10-04T08:21:48.8822666Z     scenario-engine    full     7/7 of decision ticket 13  unchecked: -
tests	Run python -m pytest -q	2026-10-04T08:21:48.8823015Z ==> netflix: dvd-decline-2011 under as-consumed — scoring-eligible, 0 fact(s) withheld by date
tests	Run python -m pytest -q	2026-10-04T08:21:48.8823246Z forecast-bundle -> /tmp/pytest-of-runner/pytest-0/popen-gw0/verify0/guard-run.json
tests	Run python -m pytest -q	2026-10-04T08:21:48.8823557Z   attestation  guard-run.json.att.json (unsigned — no signing key present (set TWIN_SIGNING_KEY))
tests	Run python -m pytest -q	2026-10-04T08:21:48.8823775Z   sha256       bd21812ad2bafa8bad618651731ab65f3c7b13df22b3340f45347ec7fd58001d
tests	Run python -m pytest -q	2026-10-04T08:21:48.8823904Z   depth        full
tests	Run python -m pytest -q	2026-10-04T08:21:48.8824075Z     domain-model       full     7/7 of decision ticket 07  unchecked: -
tests	Run python -m pytest -q	2026-10-04T08:21:48.8824251Z     provenance         full     4/4 of decision ticket 14  unchecked: -
tests	Run python -m pytest -q	2026-10-04T08:21:48.8824404Z     scenario-engine    full     7/7 of decision ticket 13  unchecked: -
tests	Run python -m pytest -q	2026-10-04T08:21:48.8824763Z ==> royal-mail: would-the-twin-have-flagged-it rewound to 2018-06-01 — scoring-eligible under as-consumed
tests	Run python -m pytest -q	2026-10-04T08:21:48.8824984Z forecast-bundle -> /tmp/pytest-of-runner/pytest-0/popen-gw0/verify0/beat/forecast-bundle.json
tests	Run python -m pytest -q	2026-10-04T08:21:48.8825367Z   attestation  forecast-bundle.json.att.json (unsigned — no signing key present (set TWIN_SIGNING_KEY))
tests	Run python -m pytest -q	2026-10-04T08:21:48.8825578Z   sha256       a03e55a0e10a54e13e3f6b716863d811cc42d09876d5d765bd429ecab8e73af8
tests	Run python -m pytest -q	2026-10-04T08:21:48.8825690Z   depth        full
tests	Run python -m pytest -q	2026-10-04T08:21:48.8825875Z     domain-model       full     7/7 of decision ticket 07  unchecked: -
tests	Run python -m pytest -q	2026-10-04T08:21:48.8826008Z     provenance         full     4/4 of decision ticket 14  unchecked: -
tests	Run python -m pytest -q	2026-10-04T08:21:48.8826219Z     scenario-engine    full     7/7 of decision ticket 13  unchecked: -
tests	Run python -m pytest -q	2026-10-04T08:21:48.8826592Z ==> carillion: would-the-twin-have-flagged-it under as-consumed — scoring-eligible, 0 fact(s) withheld by date
tests	Run python -m pytest -q	2026-10-04T08:21:48.8826872Z forecast-bundle -> /tmp/pytest-of-runner/pytest-0/popen-gw0/verify0/beat/carillion-bundle.json
tests	Run python -m pytest -q	2026-10-04T08:21:48.8827234Z   attestation  carillion-bundle.json.att.json (unsigned — no signing key present (set TWIN_SIGNING_KEY))
tests	Run python -m pytest -q	2026-10-04T08:21:48.8827467Z   sha256       74725f047f6294fb56d800313ed2db8548597e6dbeedf2baaa54f9513afedd62
tests	Run python -m pytest -q	2026-10-04T08:21:48.8827614Z   depth        full
tests	Run python -m pytest -q	2026-10-04T08:21:48.8827817Z     domain-model       full     7/7 of decision ticket 07  unchecked: -
tests	Run python -m pytest -q	2026-10-04T08:21:48.8827966Z     provenance         full     4/4 of decision ticket 14  unchecked: -
tests	Run python -m pytest -q	2026-10-04T08:21:48.8828151Z     scenario-engine    full     7/7 of decision ticket 13  unchecked: -
tests	Run python -m pytest -q	2026-10-04T08:21:48.8828345Z ==> carillion-collapse-resolved: observed=True, resolved 2018-01-15, contamination low
tests	Run python -m pytest -q	2026-10-04T08:21:48.8828694Z   contamination discount: not measured — no --discount-enron/--discount-obscure basis given
tests	Run python -m pytest -q	2026-10-04T08:21:48.8828930Z   rules brier, log_loss (lower-is-better) — 1 scored, 0 unscoreable
tests	Run python -m pytest -q	2026-10-04T08:21:48.8829129Z     market-consensus-2016        p=0.05   brier=0.9025   log-loss=2.9957   [as-consumed]
tests	Run python -m pytest -q	2026-10-04T08:21:48.8829370Z score-card -> /tmp/pytest-of-runner/pytest-0/popen-gw0/verify0/beat/carillion-card.json
tests	Run python -m pytest -q	2026-10-04T08:21:48.8829671Z   attestation  carillion-card.json.att.json (unsigned — no signing key present (set TWIN_SIGNING_KEY))
tests	Run python -m pytest -q	2026-10-04T08:21:48.8829909Z   sha256       d8f40a7156283f60cb87d15da97533d82433bd3b4d9753921475801fbc2a0938
tests	Run python -m pytest -q	2026-10-04T08:21:48.8830050Z   depth        full
tests	Run python -m pytest -q	2026-10-04T08:21:48.8830204Z     domain-model       full     7/7 of decision ticket 07  unchecked: -
tests	Run python -m pytest -q	2026-10-04T08:21:48.8830384Z     provenance         full     4/4 of decision ticket 14  unchecked: -
tests	Run python -m pytest -q	2026-10-04T08:21:48.8830530Z     sense-move         full     8/8 of decision ticket 11  unchecked: -
tests	Run python -m pytest -q	2026-10-04T08:21:48.8830912Z ==> enron: would-the-twin-have-flagged-it under as-consumed — scoring-eligible, 0 fact(s) withheld by date
tests	Run python -m pytest -q	2026-10-04T08:21:48.8831132Z forecast-bundle -> /tmp/pytest-of-runner/pytest-0/popen-gw0/verify0/beat/enron-bundle.json
tests	Run python -m pytest -q	2026-10-04T08:21:48.8831471Z   attestation  enron-bundle.json.att.json (unsigned — no signing key present (set TWIN_SIGNING_KEY))
tests	Run python -m pytest -q	2026-10-04T08:21:48.8831736Z   sha256       4e375f00c56348baa430db99564f0af08f244c64e896a9f3ab7898ac0c69600d
tests	Run python -m pytest -q	2026-10-04T08:21:48.8831821Z   depth        full
tests	Run python -m pytest -q	2026-10-04T08:21:48.8832051Z     domain-model       full     7/7 of decision ticket 07  unchecked: -
tests	Run python -m pytest -q	2026-10-04T08:21:48.8832199Z     provenance         full     4/4 of decision ticket 14  unchecked: -
tests	Run python -m pytest -q	2026-10-04T08:21:48.8832385Z     scenario-engine    full     7/7 of decision ticket 13  unchecked: -
tests	Run python -m pytest -q	2026-10-04T08:21:48.8832625Z ==> enron-bankruptcy-resolved: observed=True, resolved 2001-12-02, contamination control
tests	Run python -m pytest -q	2026-10-04T08:21:48.8832890Z   contamination discount: not measured — no --discount-enron/--discount-obscure basis given
tests	Run python -m pytest -q	2026-10-04T08:21:48.8833153Z   rules brier, log_loss (lower-is-better) — 1 scored, 0 unscoreable
tests	Run python -m pytest -q	2026-10-04T08:21:48.8833341Z     market-consensus-2001        p=0.03   brier=0.9409   log-loss=3.5066   [as-consumed]
tests	Run python -m pytest -q	2026-10-04T08:21:48.8833576Z score-card -> /tmp/pytest-of-runner/pytest-0/popen-gw0/verify0/beat/enron-card.json
tests	Run python -m pytest -q	2026-10-04T08:21:48.8833908Z   attestation  enron-card.json.att.json (unsigned — no signing key present (set TWIN_SIGNING_KEY))
tests	Run python -m pytest -q	2026-10-04T08:21:48.8834076Z   sha256       ac0d90d27d6f1d64e9cb2e39893bfb416562c40178c59d42b25a677f1c28d808
tests	Run python -m pytest -q	2026-10-04T08:21:48.8834247Z   depth        full
tests	Run python -m pytest -q	2026-10-04T08:21:48.8834398Z     domain-model       full     7/7 of decision ticket 07  unchecked: -
tests	Run python -m pytest -q	2026-10-04T08:21:48.8834578Z     provenance         full     4/4 of decision ticket 14  unchecked: -
tests	Run python -m pytest -q	2026-10-04T08:21:48.8834723Z     sense-move         full     8/8 of decision ticket 11  unchecked: -
tests	Run python -m pytest -q	2026-10-04T08:21:48.8835048Z ==> netflix: dvd-decline-2011 under with-hindsight — not scoring-eligible, 0 fact(s) withheld by date
tests	Run python -m pytest -q	2026-10-04T08:21:48.8835332Z   ingestion history unavailable: every fact in the repository today was visible to this execution
tests	Run python -m pytest -q	2026-10-04T08:21:48.8835579Z forecast-bundle -> /tmp/pytest-of-runner/pytest-0/popen-gw0/verify0/beat/with-hindsight-bundle.json
tests	Run python -m pytest -q	2026-10-04T08:21:48.8835941Z   attestation  with-hindsight-bundle.json.att.json (unsigned — no signing key present (set TWIN_SIGNING_KEY))
tests	Run python -m pytest -q	2026-10-04T08:21:48.8836229Z   sha256       082a734b44847c068b1fc4900ed56f6b78e53f41d706471faac16afb6804c4f9
tests	Run python -m pytest -q	2026-10-04T08:21:48.8836310Z   depth        full
tests	Run python -m pytest -q	2026-10-04T08:21:48.8836515Z     domain-model       full     7/7 of decision ticket 07  unchecked: -
tests	Run python -m pytest -q	2026-10-04T08:21:48.8836665Z     provenance         full     4/4 of decision ticket 14  unchecked: -
tests	Run python -m pytest -q	2026-10-04T08:21:48.8836906Z     scenario-engine    full     7/7 of decision ticket 13  unchecked: -
tests	Run python -m pytest -q	2026-10-04T08:21:48.8837267Z ==> netflix: dvd-decline-2011 under as-consumed — scoring-eligible, 1 fact(s) withheld by date
tests	Run python -m pytest -q	2026-10-04T08:21:48.8837470Z   withheld dvd-decline-2011-resolved          outcomes, dated 2012-12-31
tests	Run python -m pytest -q	2026-10-04T08:21:48.8838131Z   ingestion history unavailable: the ingestion-history filter did not run: this repository has no commit at or before the execution time, so `as-consumed` here rests on fact dates alone. A fact ingested late but dated early is not detectable from this repository.
tests	Run python -m pytest -q	2026-10-04T08:21:48.8838385Z forecast-bundle -> /tmp/pytest-of-runner/pytest-0/popen-gw0/verify0/beat/as-consumed-bundle.json
tests	Run python -m pytest -q	2026-10-04T08:21:48.8838752Z   attestation  as-consumed-bundle.json.att.json (unsigned — no signing key present (set TWIN_SIGNING_KEY))
tests	Run python -m pytest -q	2026-10-04T08:21:48.8838989Z   sha256       c90b827b7e1705fceb8ac1b6822fb54d36c9b2d86f97fa301de96b9aab80447b
tests	Run python -m pytest -q	2026-10-04T08:21:48.8839071Z   depth        full
tests	Run python -m pytest -q	2026-10-04T08:21:48.8839278Z     domain-model       full     7/7 of decision ticket 07  unchecked: -
tests	Run python -m pytest -q	2026-10-04T08:21:48.8839427Z     provenance         full     4/4 of decision ticket 14  unchecked: -
tests	Run python -m pytest -q	2026-10-04T08:21:48.8839613Z     scenario-engine    full     7/7 of decision ticket 13  unchecked: -
tests	Run python -m pytest -q	2026-10-04T08:21:48.8839792Z bound-signal -> /tmp/twin-substrate-guard-ebc69trt/bound-signal.json
tests	Run python -m pytest -q	2026-10-04T08:21:48.8840109Z   attestation  bound-signal.json.att.json (unsigned — no signing key present (set TWIN_SIGNING_KEY))
tests	Run python -m pytest -q	2026-10-04T08:21:48.8840357Z   sha256       deecec484590202429548d21ee4596781bf6ee01002dec48b700f892cb211083
tests	Run python -m pytest -q	2026-10-04T08:21:48.8840509Z   depth        full
tests	Run python -m pytest -q	2026-10-04T08:21:48.8840714Z     domain-model       full     7/7 of decision ticket 07  unchecked: -
tests	Run python -m pytest -q	2026-10-04T08:21:48.8840860Z     provenance         full     4/4 of decision ticket 14  unchecked: -
tests	Run python -m pytest -q	2026-10-04T08:21:48.8993791Z     sense-move         full     8/8 of decision ticket 11  unchecked: -
tests	Run python -m pytest -q	2026-10-04T08:21:48.8994096Z =========================== short test summary info ============================
tests	Run python -m pytest -q	2026-10-04T08:21:48.8995300Z FAILED tests/test_loophole_adr_0026.py::test_implementing_a_weighted_control_moves_the_regime_price_and_the_tier - FileNotFoundError: [Errno 2] No such file or directory: '/home/runner/work/policy-as-versioned-flux/policy-as-versioned-flux/.estate-clone/tuppence/inventory'
tests	Run python -m pytest -q	2026-10-04T08:21:48.8996269Z FAILED tests/test_loophole_adr_0026.py::test_removing_an_implemented_control_puts_its_line_back_on_the_price - FileNotFoundError: [Errno 2] No such file or directory: '/home/runner/work/policy-as-versioned-flux/policy-as-versioned-flux/.estate-clone/tuppence/inventory'
tests	Run python -m pytest -q	2026-10-04T08:21:48.8997112Z FAILED tests/test_loophole_adr_0026.py::test_an_overlay_or_a_claim_naming_a_withdrawn_status_control_refuses_as_unknown - FileNotFoundError: [Errno 2] No such file or directory: '/home/runner/work/policy-as-versioned-flux/policy-as-versioned-flux/.estate-clone/tuppence/inventory'
tests	Run python -m pytest -q	2026-10-04T08:21:48.8997827Z FAILED tests/test_loophole_adr_0026.py::test_an_adopters_own_removal_of_a_withdrawn_status_control_stays_its_removal[overlay-recorded] - FileNotFoundError: [Errno 2] No such file or directory: '/home/runner/work/policy-as-versioned-flux/policy-as-versioned-flux/.estate-clone/tuppence/inventory'
tests	Run python -m pytest -q	2026-10-04T08:21:48.8998534Z FAILED tests/test_loophole_adr_0026.py::test_an_adopters_own_removal_of_a_withdrawn_status_control_stays_its_removal[legacy-header] - FileNotFoundError: [Errno 2] No such file or directory: '/home/runner/work/policy-as-versioned-flux/policy-as-versioned-flux/.estate-clone/tuppence/inventory'
tests	Run python -m pytest -q	2026-10-04T08:21:48.8999388Z FAILED tests/test_loophole_adr_0026.py::test_an_adopters_own_removal_of_a_withdrawn_status_control_beside_a_real_bump[overlay-recorded] - FileNotFoundError: [Errno 2] No such file or directory: '/home/runner/work/policy-as-versioned-flux/policy-as-versioned-flux/.estate-clone/tuppence/inventory'
tests	Run python -m pytest -q	2026-10-04T08:21:48.9000045Z FAILED tests/test_loophole_adr_0026.py::test_an_adopters_own_removal_of_a_withdrawn_status_control_beside_a_real_bump[legacy-header] - FileNotFoundError: [Errno 2] No such file or directory: '/home/runner/work/policy-as-versioned-flux/policy-as-versioned-flux/.estate-clone/tuppence/inventory'
tests	Run python -m pytest -q	2026-10-04T08:21:48.9000741Z FAILED tests/test_loophole_adr_0026.py::test_a_control_the_regulator_withdraws_after_the_overlay_selected_it_is_the_regulators - FileNotFoundError: [Errno 2] No such file or directory: '/home/runner/work/policy-as-versioned-flux/policy-as-versioned-flux/.estate-clone/tuppence/inventory'
tests	Run python -m pytest -q	2026-10-04T08:21:48.9001452Z FAILED tests/test_loophole_adr_0026.py::test_a_weights_feed_that_names_a_withdrawn_control_keeps_its_price_on_the_withdrawal - FileNotFoundError: [Errno 2] No such file or directory: '/home/runner/work/policy-as-versioned-flux/policy-as-versioned-flux/.estate-clone/tuppence/inventory'
tests	Run python -m pytest -q	2026-10-04T08:21:48.9002111Z FAILED tests/test_loophole_adr_0026.py::test_a_narrowing_prices_a_weighted_removal_and_names_each_unweighted_one - FileNotFoundError: [Errno 2] No such file or directory: '/home/runner/work/policy-as-versioned-flux/policy-as-versioned-flux/.estate-clone/tuppence/inventory'
tests	Run python -m pytest -q	2026-10-04T08:21:48.9002716Z FAILED tests/test_loophole_adr_0026.py::test_a_bespoke_hole_is_priced_on_its_own_line_and_moves_no_tier - FileNotFoundError: [Errno 2] No such file or directory: '/home/runner/work/policy-as-versioned-flux/policy-as-versioned-flux/.estate-clone/tuppence/inventory'
tests	Run python -m pytest -q	2026-10-04T08:21:48.9003356Z FAILED tests/test_loophole_adr_0026.py::test_a_bespoke_id_never_covers_the_regulators_control_of_the_same_id - FileNotFoundError: [Errno 2] No such file or directory: '/home/runner/work/policy-as-versioned-flux/policy-as-versioned-flux/.estate-clone/tuppence/inventory'
tests	Run python -m pytest -q	2026-10-04T08:21:48.9004106Z FAILED tests/test_loophole_adr_0026.py::test_an_ungoverned_namespace_is_a_workload_share_while_it_exists_and_moves_no_tier - FileNotFoundError: [Errno 2] No such file or directory: '/home/runner/work/policy-as-versioned-flux/policy-as-versioned-flux/.estate-clone/tuppence/inventory'
tests	Run python -m pytest -q	2026-10-04T08:21:48.9004730Z FAILED tests/test_loophole_adr_0026.py::test_a_mistranscribed_weight_moves_the_price_of_what_is_implemented - FileNotFoundError: [Errno 2] No such file or directory: '/home/runner/work/policy-as-versioned-flux/policy-as-versioned-flux/.estate-clone/tuppence/inventory'
tests	Run python -m pytest -q	2026-10-04T08:21:48.9005714Z FAILED tests/test_invariant_suite.py::test_the_suite_is_green - AssertionError: ["flux_coverage_floor_is_still_reachable: the pre-registered coverage floor of 90% can no longer be reached: 3/1966 sa... finding, not a defect in it** — see build ticket 70's finding 1. It goes green only if the floor is actually reached"]
tests	Run python -m pytest -q	2026-10-04T08:21:48.9006444Z assert not [Result(number=45, name='flux_coverage_floor_is_still_reachable', status='FAIL', detail="the pre-registered coverage f...fect in it** — see build ticket 70's finding 1. It goes green only if the floor is actually reached", invariant=False)]
tests	Run python -m pytest -q	2026-10-04T08:21:48.9006581Z 15 failed, 2878 passed, 24 skipped in 155.96s (0:02:35)
tests	Run python -m pytest -q	2026-10-04T08:21:48.9531135Z ##[error]Process completed with exit code 1.
