release	Set up job	﻿2026-10-04T06:59:36.7002794Z Current runner version: '2.337.0'
release	Set up job	2026-10-04T06:59:36.7030538Z ##[group]Runner Image Provisioner
release	Set up job	2026-10-04T06:59:36.7031944Z Hosted Compute Agent
release	Set up job	2026-10-04T06:59:36.7032611Z Version: 20260901.588
release	Set up job	2026-10-04T06:59:36.7033309Z Commit: f88ec8081b781fac6c440065ac7ff9e710ce3d0b
release	Set up job	2026-10-04T06:59:36.7034083Z Build Date: 2026-09-01T19:56:44Z
release	Set up job	2026-10-04T06:59:36.7034817Z Worker ID: {670ad018-ab3e-496b-a183-a6f685090c24}
release	Set up job	2026-10-04T06:59:36.7035620Z Azure Region: westus3
release	Set up job	2026-10-04T06:59:36.7036336Z ##[endgroup]
release	Set up job	2026-10-04T06:59:36.7038041Z ##[group]Operating System
release	Set up job	2026-10-04T06:59:36.7038743Z Ubuntu
release	Set up job	2026-10-04T06:59:36.7039281Z 24.04.5
release	Set up job	2026-10-04T06:59:36.7039874Z LTS
release	Set up job	2026-10-04T06:59:36.7040453Z ##[endgroup]
release	Set up job	2026-10-04T06:59:36.7041382Z ##[group]Runner Image
release	Set up job	2026-10-04T06:59:36.7042167Z Image: ubuntu-24.04
release	Set up job	2026-10-04T06:59:36.7042767Z Version: 20260927.320.1
release	Set up job	2026-10-04T06:59:36.7043926Z Included Software: https://github.com/actions/runner-images/blob/ubuntu24/20260927.320/images/ubuntu/Ubuntu2404-Readme.md
release	Set up job	2026-10-04T06:59:36.7046010Z Image Release: https://github.com/actions/runner-images/releases/tag/ubuntu24%2F20260927.320
release	Set up job	2026-10-04T06:59:36.7047128Z ##[endgroup]
release	Set up job	2026-10-04T06:59:36.7048250Z ##[group]GITHUB_TOKEN Permissions
release	Set up job	2026-10-04T06:59:36.7050559Z Contents: write
release	Set up job	2026-10-04T06:59:36.7051583Z Metadata: read
release	Set up job	2026-10-04T06:59:36.7052274Z ##[endgroup]
release	Set up job	2026-10-04T06:59:36.7054464Z Secret source: Actions
release	Set up job	2026-10-04T06:59:36.7055607Z Cache mode: write
release	Set up job	2026-10-04T06:59:36.7056580Z Prepare workflow directory
release	Set up job	2026-10-04T06:59:36.7673432Z Prepare all required actions
release	Set up job	2026-10-04T06:59:36.7721820Z Getting action download info
release	Set up job	2026-10-04T06:59:37.0808060Z Download action repository 'actions/checkout@v4' (SHA:11d5960a326750d5838078e36cf38b85af677262)
release	Set up job	2026-10-04T06:59:37.2713960Z Complete job name: release
release	Run actions/checkout@v4	﻿2026-10-04T06:59:37.3551373Z ##[group]Run actions/checkout@v4
release	Run actions/checkout@v4	2026-10-04T06:59:37.3552371Z with:
release	Run actions/checkout@v4	2026-10-04T06:59:37.3552846Z   fetch-depth: 0
release	Run actions/checkout@v4	2026-10-04T06:59:37.3553319Z   fetch-tags: true
release	Run actions/checkout@v4	2026-10-04T06:59:37.3553886Z   repository: policy-as-versioned-platform/platform
release	Run actions/checkout@v4	2026-10-04T06:59:37.3558058Z   token: ***
release	Run actions/checkout@v4	2026-10-04T06:59:37.3558521Z   ssh-strict: true
release	Run actions/checkout@v4	2026-10-04T06:59:37.3558988Z   ssh-user: git
release	Run actions/checkout@v4	2026-10-04T06:59:37.3559465Z   persist-credentials: true
release	Run actions/checkout@v4	2026-10-04T06:59:37.3559985Z   clean: true
release	Run actions/checkout@v4	2026-10-04T06:59:37.3560455Z   sparse-checkout-cone-mode: true
release	Run actions/checkout@v4	2026-10-04T06:59:37.3561220Z   show-progress: true
release	Run actions/checkout@v4	2026-10-04T06:59:37.3561700Z   lfs: false
release	Run actions/checkout@v4	2026-10-04T06:59:37.3562149Z   submodules: false
release	Run actions/checkout@v4	2026-10-04T06:59:37.3562633Z   set-safe-directory: true
release	Run actions/checkout@v4	2026-10-04T06:59:37.3563173Z   allow-unsafe-pr-checkout: false
release	Run actions/checkout@v4	2026-10-04T06:59:37.3563967Z env:
release	Run actions/checkout@v4	2026-10-04T06:59:37.3564411Z   TAG: policy/v6.0.0
release	Run actions/checkout@v4	2026-10-04T06:59:37.3564909Z   GITSIGN_VERSION: 0.17.1
release	Run actions/checkout@v4	2026-10-04T06:59:37.3565647Z   GITSIGN_SHA256: 69213a8a0813a151e5a47d0060862952ff833a845d57309dff76f7ba6600abae
release	Run actions/checkout@v4	2026-10-04T06:59:37.3566506Z   COSIGN_VERSION: 2.4.1
release	Run actions/checkout@v4	2026-10-04T06:59:37.3567229Z   COSIGN_SHA256: 8b24b946dd5809c6bd93de08033bcf6bc0ed7d336b7785787c080f574b89249b
release	Run actions/checkout@v4	2026-10-04T06:59:37.3568040Z   KYVERNO_VERSION: 1.18.2
release	Run actions/checkout@v4	2026-10-04T06:59:37.3568774Z   KYVERNO_SHA256: cb2feb8356149fd2fe774c894ccf0969f4a60a83867dd913af724f74ffbbc18b
release	Run actions/checkout@v4	2026-10-04T06:59:37.3570317Z   EXPECTED_IDENTITY_REGEXP: ^https://github\.com/policy-as-versioned-platform/platform/\.github/workflows/cut-release\.yml@refs/heads/(main|release/[0-9]+\.[0-9]+\.x)$
release	Run actions/checkout@v4	2026-10-04T06:59:37.3571932Z   EXPECTED_ISSUER: https://token.actions.githubusercontent.com
release	Run actions/checkout@v4	2026-10-04T06:59:37.3572652Z ##[endgroup]
release	Run actions/checkout@v4	2026-10-04T06:59:37.4634320Z Syncing repository: policy-as-versioned-platform/platform
release	Run actions/checkout@v4	2026-10-04T06:59:37.4636450Z ##[group]Getting Git version info
release	Run actions/checkout@v4	2026-10-04T06:59:37.4637315Z Working directory is '/home/runner/work/platform/platform'
release	Run actions/checkout@v4	2026-10-04T06:59:37.4638493Z [command]/usr/bin/git version
release	Run actions/checkout@v4	2026-10-04T06:59:37.4744955Z git version 2.55.0
release	Run actions/checkout@v4	2026-10-04T06:59:37.4774299Z ##[endgroup]
release	Run actions/checkout@v4	2026-10-04T06:59:37.4791793Z Temporarily overriding HOME='/home/runner/work/_temp/48d68e8f-ed52-408c-90e0-d0a6b2192805' before making global git config changes
release	Run actions/checkout@v4	2026-10-04T06:59:37.4794785Z Adding repository directory to the temporary git global config as a safe directory
release	Run actions/checkout@v4	2026-10-04T06:59:37.4797232Z [command]/usr/bin/git config --global --add safe.directory /home/runner/work/platform/platform
release	Run actions/checkout@v4	2026-10-04T06:59:37.4854505Z Deleting the contents of '/home/runner/work/platform/platform'
release	Run actions/checkout@v4	2026-10-04T06:59:37.4858228Z ##[group]Initializing the repository
release	Run actions/checkout@v4	2026-10-04T06:59:37.4862514Z [command]/usr/bin/git init /home/runner/work/platform/platform
release	Run actions/checkout@v4	2026-10-04T06:59:37.4976445Z hint: Using 'master' as the name for the initial branch. This default branch name
release	Run actions/checkout@v4	2026-10-04T06:59:37.4978138Z hint: will change to "main" in Git 3.0. To configure the initial branch name
release	Run actions/checkout@v4	2026-10-04T06:59:37.4979696Z hint: to use in all of your new repositories, which will suppress this warning,
release	Run actions/checkout@v4	2026-10-04T06:59:37.4981699Z hint: call:
release	Run actions/checkout@v4	2026-10-04T06:59:37.4982367Z hint:
release	Run actions/checkout@v4	2026-10-04T06:59:37.4983159Z hint: 	git config --global init.defaultBranch <name>
release	Run actions/checkout@v4	2026-10-04T06:59:37.4984210Z hint:
release	Run actions/checkout@v4	2026-10-04T06:59:37.4985259Z hint: Names commonly chosen instead of 'master' are 'main', 'trunk' and
release	Run actions/checkout@v4	2026-10-04T06:59:37.4986817Z hint: 'development'. The just-created branch can be renamed via this command:
release	Run actions/checkout@v4	2026-10-04T06:59:37.4988018Z hint:
release	Run actions/checkout@v4	2026-10-04T06:59:37.4988666Z hint: 	git branch -m <name>
release	Run actions/checkout@v4	2026-10-04T06:59:37.4989421Z hint:
release	Run actions/checkout@v4	2026-10-04T06:59:37.4990498Z hint: Disable this message with "git config set advice.defaultBranchName false"
release	Run actions/checkout@v4	2026-10-04T06:59:37.4992432Z Initialized empty Git repository in /home/runner/work/platform/platform/.git/
release	Run actions/checkout@v4	2026-10-04T06:59:37.4995574Z [command]/usr/bin/git remote add origin https://github.com/policy-as-versioned-platform/platform
release	Run actions/checkout@v4	2026-10-04T06:59:37.5044390Z ##[endgroup]
release	Run actions/checkout@v4	2026-10-04T06:59:37.5045740Z ##[group]Disabling automatic garbage collection
release	Run actions/checkout@v4	2026-10-04T06:59:37.5048199Z [command]/usr/bin/git config --local gc.auto 0
release	Run actions/checkout@v4	2026-10-04T06:59:37.5083628Z ##[endgroup]
release	Run actions/checkout@v4	2026-10-04T06:59:37.5085066Z ##[group]Setting up auth
release	Run actions/checkout@v4	2026-10-04T06:59:37.5091829Z [command]/usr/bin/git config --local --name-only --get-regexp core\.sshCommand
release	Run actions/checkout@v4	2026-10-04T06:59:37.5136205Z [command]/usr/bin/git submodule foreach --recursive sh -c "git config --local --name-only --get-regexp 'core\.sshCommand' && git config --local --unset-all 'core.sshCommand' || :"
release	Run actions/checkout@v4	2026-10-04T06:59:37.5527430Z [command]/usr/bin/git config --local --name-only --get-regexp http\.https\:\/\/github\.com\/\.extraheader
release	Run actions/checkout@v4	2026-10-04T06:59:37.5566802Z [command]/usr/bin/git submodule foreach --recursive sh -c "git config --local --name-only --get-regexp 'http\.https\:\/\/github\.com\/\.extraheader' && git config --local --unset-all 'http.https://github.com/.extraheader' || :"
release	Run actions/checkout@v4	2026-10-04T06:59:37.5802694Z [command]/usr/bin/git config --local --name-only --get-regexp ^includeIf\.gitdir:
release	Run actions/checkout@v4	2026-10-04T06:59:37.5841487Z [command]/usr/bin/git submodule foreach --recursive git config --local --show-origin --name-only --get-regexp remote.origin.url
release	Run actions/checkout@v4	2026-10-04T06:59:37.6074432Z [command]/usr/bin/git config --local http.https://github.com/.extraheader AUTHORIZATION: basic ***
release	Run actions/checkout@v4	2026-10-04T06:59:37.6117902Z ##[endgroup]
release	Run actions/checkout@v4	2026-10-04T06:59:37.6118791Z ##[group]Fetching the repository
release	Run actions/checkout@v4	2026-10-04T06:59:37.6128685Z [command]/usr/bin/git -c protocol.version=2 fetch --prune --no-recurse-submodules origin +refs/heads/*:refs/remotes/origin/* +refs/tags/*:refs/tags/*
release	Run actions/checkout@v4	2026-10-04T06:59:38.9991685Z From https://github.com/policy-as-versioned-platform/platform
release	Run actions/checkout@v4	2026-10-04T06:59:38.9995001Z  * [new branch]      ecosystem/build-2026-09-03 -> origin/ecosystem/build-2026-09-03
release	Run actions/checkout@v4	2026-10-04T06:59:38.9998096Z  * [new branch]      ecosystem/thin-slice    -> origin/ecosystem/thin-slice
release	Run actions/checkout@v4	2026-10-04T06:59:39.0001895Z  * [new branch]      fix-2026-09-09-absence-count-is-derived -> origin/fix-2026-09-09-absence-count-is-derived
release	Run actions/checkout@v4	2026-10-04T06:59:39.0005856Z  * [new branch]      fix-transition-replay-20260910 -> origin/fix-transition-replay-20260910
release	Run actions/checkout@v4	2026-10-04T06:59:39.0009178Z  * [new branch]      implement-engine-fixtures-20260910 -> origin/implement-engine-fixtures-20260910
release	Run actions/checkout@v4	2026-10-04T06:59:39.0013137Z  * [new branch]      implement-floor-change-evidence-20260910 -> origin/implement-floor-change-evidence-20260910
release	Run actions/checkout@v4	2026-10-04T06:59:39.0015552Z  * [new branch]      main                    -> origin/main
release	Run actions/checkout@v4	2026-10-04T06:59:39.0017401Z  * [new branch]      observations            -> origin/observations
release	Run actions/checkout@v4	2026-10-04T06:59:39.0019600Z  * [new branch]      policy-composition/tickets-09-16-wip -> origin/policy-composition/tickets-09-16-wip
release	Run actions/checkout@v4	2026-10-04T06:59:39.0022878Z  * [new branch]      release/2.0.x           -> origin/release/2.0.x
release	Run actions/checkout@v4	2026-10-04T06:59:39.0025728Z  * [new branch]      renovate/configure      -> origin/renovate/configure
release	Run actions/checkout@v4	2026-10-04T06:59:39.0028488Z  * [new branch]      repair-2026-09-04-gate-regressions -> origin/repair-2026-09-04-gate-regressions
release	Run actions/checkout@v4	2026-10-04T06:59:39.0031374Z  * [new branch]      repair/array-commit-for-4-0-0 -> origin/repair/array-commit-for-4-0-0
release	Run actions/checkout@v4	2026-10-04T06:59:39.0033925Z  * [new branch]      repair/evidence-reaches-main -> origin/repair/evidence-reaches-main
release	Run actions/checkout@v4	2026-10-04T06:59:39.0036399Z  * [new branch]      resume/2026-10-03-security6 -> origin/resume/2026-10-03-security6
release	Run actions/checkout@v4	2026-10-04T06:59:39.0038808Z  * [new branch]      retire-policy-4-0-0     -> origin/retire-policy-4-0-0
release	Run actions/checkout@v4	2026-10-04T06:59:39.0042318Z  * [new branch]      ticket-106-composition-selfcheck-fixture-namespace -> origin/ticket-106-composition-selfcheck-fixture-namespace
release	Run actions/checkout@v4	2026-10-04T06:59:39.0045886Z  * [new branch]      ticket-110-offline-supersede -> origin/ticket-110-offline-supersede
release	Run actions/checkout@v4	2026-10-04T06:59:39.0049060Z  * [new branch]      ticket-110-selfcheck-derives-supersede -> origin/ticket-110-selfcheck-derives-supersede
release	Run actions/checkout@v4	2026-10-04T06:59:39.0054632Z  * [new branch]      ticket-111-the-cage-delivers-its-classes -> origin/ticket-111-the-cage-delivers-its-classes
release	Run actions/checkout@v4	2026-10-04T06:59:39.0058319Z  * [new branch]      ticket-113-infra-is-a-role-not-a-rung -> origin/ticket-113-infra-is-a-role-not-a-rung
release	Run actions/checkout@v4	2026-10-04T06:59:39.0064275Z  * [new branch]      ticket-119-unlabelled-namespace-is-priced -> origin/ticket-119-unlabelled-namespace-is-priced
release	Run actions/checkout@v4	2026-10-04T06:59:39.0068937Z  * [new branch]      ticket-121-implementing-a-control-moves-the-price -> origin/ticket-121-implementing-a-control-moves-the-price
release	Run actions/checkout@v4	2026-10-04T06:59:39.0073106Z  * [new branch]      ticket-122-ramp-survives-rename -> origin/ticket-122-ramp-survives-rename
release	Run actions/checkout@v4	2026-10-04T06:59:39.0076443Z  * [new branch]      ticket-123-a-withdrawal-is-the-regulators -> origin/ticket-123-a-withdrawal-is-the-regulators
release	Run actions/checkout@v4	2026-10-04T06:59:39.0079702Z  * [new branch]      ticket-124-price-the-removal -> origin/ticket-124-price-the-removal
release	Run actions/checkout@v4	2026-10-04T06:59:39.0084429Z  * [new branch]      ticket-126-a-withdrawn-control-is-not-selectable -> origin/ticket-126-a-withdrawn-control-is-not-selectable
release	Run actions/checkout@v4	2026-10-04T06:59:39.0090804Z  * [new branch]      ticket-128-behind-a-major-unreadable -> origin/ticket-128-behind-a-major-unreadable
release	Run actions/checkout@v4	2026-10-04T06:59:39.0095267Z  * [new branch]      ticket-130-the-composed-root-is-delivered -> origin/ticket-130-the-composed-root-is-delivered
release	Run actions/checkout@v4	2026-10-04T06:59:39.0099144Z  * [new branch]      ticket-134-observation-is-not-source -> origin/ticket-134-observation-is-not-source
release	Run actions/checkout@v4	2026-10-04T06:59:39.0103177Z  * [new branch]      ticket-136-vendor-by-feed-name -> origin/ticket-136-vendor-by-feed-name
release	Run actions/checkout@v4	2026-10-04T06:59:39.0106400Z  * [new branch]      ticket-137-parent-tree-per-feed-edge -> origin/ticket-137-parent-tree-per-feed-edge
release	Run actions/checkout@v4	2026-10-04T06:59:39.0109467Z  * [new branch]      ticket-138-as-of-docstring -> origin/ticket-138-as-of-docstring
release	Run actions/checkout@v4	2026-10-04T06:59:39.0112491Z  * [new branch]      ticket-139-since-after-as-of -> origin/ticket-139-since-after-as-of
release	Run actions/checkout@v4	2026-10-04T06:59:39.0115819Z  * [new branch]      ticket-141-party-declares-pricing-threshold -> origin/ticket-141-party-declares-pricing-threshold
release	Run actions/checkout@v4	2026-10-04T06:59:39.0119068Z  * [new branch]      ticket-145-agent-cage-price -> origin/ticket-145-agent-cage-price
release	Run actions/checkout@v4	2026-10-04T06:59:39.0121984Z  * [new branch]      ticket-146-engine-cells -> origin/ticket-146-engine-cells
release	Run actions/checkout@v4	2026-10-04T06:59:39.0124657Z  * [new branch]      ticket-148-unsupported-pairing -> origin/ticket-148-unsupported-pairing
release	Run actions/checkout@v4	2026-10-04T06:59:39.0127736Z  * [new branch]      ticket-34-followup-2026-09-08 -> origin/ticket-34-followup-2026-09-08
release	Run actions/checkout@v4	2026-10-04T06:59:39.0131280Z  * [new branch]      ticket-34-handbook-as-a-compose-time-render -> origin/ticket-34-handbook-as-a-compose-time-render
release	Run actions/checkout@v4	2026-10-04T06:59:39.0135356Z  * [new branch]      ticket-45-switching-cost-computed-in-composition -> origin/ticket-45-switching-cost-computed-in-composition
release	Run actions/checkout@v4	2026-10-04T06:59:39.0138806Z  * [new branch]      ticket-55-instrument-faults -> origin/ticket-55-instrument-faults
release	Run actions/checkout@v4	2026-10-04T06:59:39.0141327Z  * [new branch]      ticket-62-and-77        -> origin/ticket-62-and-77
release	Run actions/checkout@v4	2026-10-04T06:59:39.0144142Z  * [new branch]      ticket-67-the-record-matches-the-surface -> origin/ticket-67-the-record-matches-the-surface
release	Run actions/checkout@v4	2026-10-04T06:59:39.0147204Z  * [new branch]      ticket-79-the-pound-inputs -> origin/ticket-79-the-pound-inputs
release	Run actions/checkout@v4	2026-10-04T06:59:39.0150191Z  * [new branch]      ticket-80-three-forks-not-a-config-base -> origin/ticket-80-three-forks-not-a-config-base
release	Run actions/checkout@v4	2026-10-04T06:59:39.0154042Z  * [new branch]      ticket-84-being-behind-costs-something -> origin/ticket-84-being-behind-costs-something
release	Run actions/checkout@v4	2026-10-04T06:59:39.0157013Z  * [new branch]      ticket-89-deny-is-not-a-rung -> origin/ticket-89-deny-is-not-a-rung
release	Run actions/checkout@v4	2026-10-04T06:59:39.0160063Z  * [new branch]      ticket-91-the-currency-controller-is-owned -> origin/ticket-91-the-currency-controller-is-owned
release	Run actions/checkout@v4	2026-10-04T06:59:39.0163417Z  * [new branch]      ticket-98-refusal-by-another-name -> origin/ticket-98-refusal-by-another-name
release	Run actions/checkout@v4	2026-10-04T06:59:39.0166210Z  * [new branch]      truth-surface-computed-semver -> origin/truth-surface-computed-semver
release	Run actions/checkout@v4	2026-10-04T06:59:39.0168751Z  * [new branch]      truth-surface-live-tails -> origin/truth-surface-live-tails
release	Run actions/checkout@v4	2026-10-04T06:59:39.0171114Z  * [new tag]         policy/v2.0.0           -> policy/v2.0.0
release	Run actions/checkout@v4	2026-10-04T06:59:39.0172805Z  * [new tag]         policy/v2.0.1           -> policy/v2.0.1
release	Run actions/checkout@v4	2026-10-04T06:59:39.0174539Z  * [new tag]         policy/v3.0.0           -> policy/v3.0.0
release	Run actions/checkout@v4	2026-10-04T06:59:39.0176215Z  * [new tag]         policy/v4.0.0           -> policy/v4.0.0
release	Run actions/checkout@v4	2026-10-04T06:59:39.0177885Z  * [new tag]         policy/v5.0.0           -> policy/v5.0.0
release	Run actions/checkout@v4	2026-10-04T06:59:39.0179546Z  * [new tag]         policy/v6.0.0           -> policy/v6.0.0
release	Run actions/checkout@v4	2026-10-04T06:59:39.0181455Z  * [new tag]         v0.1.0                  -> v0.1.0
release	Run actions/checkout@v4	2026-10-04T06:59:39.0182936Z  * [new tag]         v0.1.1                  -> v0.1.1
release	Run actions/checkout@v4	2026-10-04T06:59:39.0184555Z  * [new tag]         v1.0.0                  -> v1.0.0
release	Run actions/checkout@v4	2026-10-04T06:59:39.0186044Z  * [new tag]         v1.1.0                  -> v1.1.0
release	Run actions/checkout@v4	2026-10-04T06:59:39.0188316Z  * [new tag]         v1.1.1                  -> v1.1.1
release	Run actions/checkout@v4	2026-10-04T06:59:39.0189846Z  * [new tag]         v2.0.0                  -> v2.0.0
release	Run actions/checkout@v4	2026-10-04T06:59:39.0192365Z  * [new tag]         v2.0.1                  -> v2.0.1
release	Run actions/checkout@v4	2026-10-04T06:59:39.0194315Z  * [new tag]         v3.0.0                  -> v3.0.0
release	Run actions/checkout@v4	2026-10-04T06:59:39.0196166Z  * [new tag]         v3.1.0                  -> v3.1.0
release	Run actions/checkout@v4	2026-10-04T06:59:39.0197671Z  * [new tag]         v3.2.0                  -> v3.2.0
release	Run actions/checkout@v4	2026-10-04T06:59:39.0199480Z  * [new tag]         v3.3.0                  -> v3.3.0
release	Run actions/checkout@v4	2026-10-04T06:59:39.0201530Z  * [new tag]         v3.4.0                  -> v3.4.0
release	Run actions/checkout@v4	2026-10-04T06:59:39.0203032Z  * [new tag]         v3.4.1                  -> v3.4.1
release	Run actions/checkout@v4	2026-10-04T06:59:39.0204531Z  * [new tag]         v4.0.0                  -> v4.0.0
release	Run actions/checkout@v4	2026-10-04T06:59:39.0207806Z [command]/usr/bin/git tag --list policy/v6.0.0
release	Run actions/checkout@v4	2026-10-04T06:59:39.0209318Z policy/v6.0.0
release	Run actions/checkout@v4	2026-10-04T06:59:39.0211978Z [command]/usr/bin/git rev-parse refs/tags/policy/v6.0.0
release	Run actions/checkout@v4	2026-10-04T06:59:39.0213552Z 53e1be9c04bbf3fe9437115386198e63ca95e894
release	Run actions/checkout@v4	2026-10-04T06:59:39.0218739Z [command]/usr/bin/git -c protocol.version=2 fetch --no-tags --prune --no-recurse-submodules origin +59ec7ce39bcd658c2454b23ce1cc26082e737fdd:refs/tags/policy/v6.0.0
release	Run actions/checkout@v4	2026-10-04T06:59:39.0223181Z From https://github.com/policy-as-versioned-platform/platform
release	Run actions/checkout@v4	2026-10-04T06:59:39.0225327Z  t [tag update]      59ec7ce39bcd658c2454b23ce1cc26082e737fdd -> policy/v6.0.0
release	Run actions/checkout@v4	2026-10-04T06:59:39.0229240Z ##[endgroup]
release	Run actions/checkout@v4	2026-10-04T06:59:39.0231276Z ##[group]Determining the checkout info
release	Run actions/checkout@v4	2026-10-04T06:59:39.0233260Z ##[endgroup]
release	Run actions/checkout@v4	2026-10-04T06:59:39.0234753Z [command]/usr/bin/git sparse-checkout disable
release	Run actions/checkout@v4	2026-10-04T06:59:39.0252054Z [command]/usr/bin/git config --local --unset-all extensions.worktreeConfig
release	Run actions/checkout@v4	2026-10-04T06:59:39.0284860Z ##[group]Checking out the ref
release	Run actions/checkout@v4	2026-10-04T06:59:39.0287516Z [command]/usr/bin/git checkout --progress --force refs/tags/policy/v6.0.0
release	Run actions/checkout@v4	2026-10-04T06:59:39.0758446Z Note: switching to 'refs/tags/policy/v6.0.0'.
release	Run actions/checkout@v4	2026-10-04T06:59:39.0759664Z 
release	Run actions/checkout@v4	2026-10-04T06:59:39.0760570Z You are in 'detached HEAD' state. You can look around, make experimental
release	Run actions/checkout@v4	2026-10-04T06:59:39.0764429Z changes and commit them, and you can discard any commits you make in this
release	Run actions/checkout@v4	2026-10-04T06:59:39.0767786Z state without impacting any branches by switching back to a branch.
release	Run actions/checkout@v4	2026-10-04T06:59:39.0769837Z 
release	Run actions/checkout@v4	2026-10-04T06:59:39.0771365Z If you want to create a new branch to retain commits you create, you may
release	Run actions/checkout@v4	2026-10-04T06:59:39.0773550Z do so (now or later) by using -c with the switch command. Example:
release	Run actions/checkout@v4	2026-10-04T06:59:39.0774798Z 
release	Run actions/checkout@v4	2026-10-04T06:59:39.0775524Z   git switch -c <new-branch-name>
release	Run actions/checkout@v4	2026-10-04T06:59:39.0776632Z 
release	Run actions/checkout@v4	2026-10-04T06:59:39.0777083Z Or undo this operation with:
release	Run actions/checkout@v4	2026-10-04T06:59:39.0777805Z 
release	Run actions/checkout@v4	2026-10-04T06:59:39.0778197Z   git switch -
release	Run actions/checkout@v4	2026-10-04T06:59:39.0778725Z 
release	Run actions/checkout@v4	2026-10-04T06:59:39.0779737Z Turn off this advice by setting config variable advice.detachedHead to false
release	Run actions/checkout@v4	2026-10-04T06:59:39.0781637Z 
release	Run actions/checkout@v4	2026-10-04T06:59:39.0783532Z HEAD is now at 59ec7ce cs-27: point versions.yaml commit field(s) at the evidence commit b18a0d8946f9dbeb5fbcf6bbe5233b9c919a7c8c (policy/v6.0.0)
release	Run actions/checkout@v4	2026-10-04T06:59:39.0788747Z ##[endgroup]
release	Run actions/checkout@v4	2026-10-04T06:59:39.0824851Z [command]/usr/bin/git log -1 --format=%H
release	Run actions/checkout@v4	2026-10-04T06:59:39.0853123Z 59ec7ce39bcd658c2454b23ce1cc26082e737fdd
release	install pinned gitsign + kyverno (binary + checksum, no marketplace actions)	﻿2026-10-04T06:59:39.1094178Z ##[group]Run set -euo pipefail
release	install pinned gitsign + kyverno (binary + checksum, no marketplace actions)	2026-10-04T06:59:39.1095497Z ^[[36;1mset -euo pipefail^[[0m
release	install pinned gitsign + kyverno (binary + checksum, no marketplace actions)	2026-10-04T06:59:39.1098115Z ^[[36;1mcurl -sSL -o gitsign "https://github.com/sigstore/gitsign/releases/download/v${GITSIGN_VERSION}/gitsign_${GITSIGN_VERSION}_linux_amd64"^[[0m
release	install pinned gitsign + kyverno (binary + checksum, no marketplace actions)	2026-10-04T06:59:39.1101252Z ^[[36;1mecho "${GITSIGN_SHA256}  gitsign" | sha256sum -c -^[[0m
release	install pinned gitsign + kyverno (binary + checksum, no marketplace actions)	2026-10-04T06:59:39.1103037Z ^[[36;1mchmod +x gitsign && sudo mv gitsign /usr/local/bin/gitsign^[[0m
release	install pinned gitsign + kyverno (binary + checksum, no marketplace actions)	2026-10-04T06:59:39.1104554Z ^[[36;1m^[[0m
release	install pinned gitsign + kyverno (binary + checksum, no marketplace actions)	2026-10-04T06:59:39.1106634Z ^[[36;1mcurl -sSL -o cosign "https://github.com/sigstore/cosign/releases/download/v${COSIGN_VERSION}/cosign-linux-amd64"^[[0m
release	install pinned gitsign + kyverno (binary + checksum, no marketplace actions)	2026-10-04T06:59:39.1109185Z ^[[36;1mecho "${COSIGN_SHA256}  cosign" | sha256sum -c -^[[0m
release	install pinned gitsign + kyverno (binary + checksum, no marketplace actions)	2026-10-04T06:59:39.1111070Z ^[[36;1mchmod +x cosign && sudo mv cosign /usr/local/bin/cosign^[[0m
release	install pinned gitsign + kyverno (binary + checksum, no marketplace actions)	2026-10-04T06:59:39.1112543Z ^[[36;1m^[[0m
release	install pinned gitsign + kyverno (binary + checksum, no marketplace actions)	2026-10-04T06:59:39.1115095Z ^[[36;1mcurl -sSL -o kyverno.tar.gz "https://github.com/kyverno/kyverno/releases/download/v${KYVERNO_VERSION}/kyverno-cli_v${KYVERNO_VERSION}_linux_x86_64.tar.gz"^[[0m
release	install pinned gitsign + kyverno (binary + checksum, no marketplace actions)	2026-10-04T06:59:39.1118328Z ^[[36;1mecho "${KYVERNO_SHA256}  kyverno.tar.gz" | sha256sum -c -^[[0m
release	install pinned gitsign + kyverno (binary + checksum, no marketplace actions)	2026-10-04T06:59:39.1120543Z ^[[36;1mtar xzf kyverno.tar.gz kyverno && chmod +x kyverno && sudo mv kyverno /usr/local/bin/kyverno^[[0m
release	install pinned gitsign + kyverno (binary + checksum, no marketplace actions)	2026-10-04T06:59:39.1122711Z ^[[36;1m^[[0m
release	install pinned gitsign + kyverno (binary + checksum, no marketplace actions)	2026-10-04T06:59:39.1123638Z ^[[36;1mpip install --quiet pyyaml^[[0m
release	install pinned gitsign + kyverno (binary + checksum, no marketplace actions)	2026-10-04T06:59:39.1379768Z shell: /usr/bin/bash -e {0}
release	install pinned gitsign + kyverno (binary + checksum, no marketplace actions)	2026-10-04T06:59:39.1381280Z env:
release	install pinned gitsign + kyverno (binary + checksum, no marketplace actions)	2026-10-04T06:59:39.1382145Z   TAG: policy/v6.0.0
release	install pinned gitsign + kyverno (binary + checksum, no marketplace actions)	2026-10-04T06:59:39.1383135Z   GITSIGN_VERSION: 0.17.1
release	install pinned gitsign + kyverno (binary + checksum, no marketplace actions)	2026-10-04T06:59:39.1384708Z   GITSIGN_SHA256: 69213a8a0813a151e5a47d0060862952ff833a845d57309dff76f7ba6600abae
release	install pinned gitsign + kyverno (binary + checksum, no marketplace actions)	2026-10-04T06:59:39.1386466Z   COSIGN_VERSION: 2.4.1
release	install pinned gitsign + kyverno (binary + checksum, no marketplace actions)	2026-10-04T06:59:39.1388030Z   COSIGN_SHA256: 8b24b946dd5809c6bd93de08033bcf6bc0ed7d336b7785787c080f574b89249b
release	install pinned gitsign + kyverno (binary + checksum, no marketplace actions)	2026-10-04T06:59:39.1389821Z   KYVERNO_VERSION: 1.18.2
release	install pinned gitsign + kyverno (binary + checksum, no marketplace actions)	2026-10-04T06:59:39.1391571Z   KYVERNO_SHA256: cb2feb8356149fd2fe774c894ccf0969f4a60a83867dd913af724f74ffbbc18b
release	install pinned gitsign + kyverno (binary + checksum, no marketplace actions)	2026-10-04T06:59:39.1395407Z   EXPECTED_IDENTITY_REGEXP: ^https://github\.com/policy-as-versioned-platform/platform/\.github/workflows/cut-release\.yml@refs/heads/(main|release/[0-9]+\.[0-9]+\.x)$
release	install pinned gitsign + kyverno (binary + checksum, no marketplace actions)	2026-10-04T06:59:39.1398715Z   EXPECTED_ISSUER: https://token.actions.githubusercontent.com
release	install pinned gitsign + kyverno (binary + checksum, no marketplace actions)	2026-10-04T06:59:39.1400225Z ##[endgroup]
release	install pinned gitsign + kyverno (binary + checksum, no marketplace actions)	2026-10-04T06:59:40.3451499Z gitsign: OK
release	install pinned gitsign + kyverno (binary + checksum, no marketplace actions)	2026-10-04T06:59:40.9888754Z cosign: OK
release	install pinned gitsign + kyverno (binary + checksum, no marketplace actions)	2026-10-04T06:59:41.5223696Z kyverno.tar.gz: OK
release	shift-left offline proof (release gate)	﻿2026-10-04T06:59:43.8995355Z ##[group]Run ./shift-left/verify-shift-left.sh
release	shift-left offline proof (release gate)	2026-10-04T06:59:43.8995835Z ^[[36;1m./shift-left/verify-shift-left.sh^[[0m
release	shift-left offline proof (release gate)	2026-10-04T06:59:43.9062652Z shell: /usr/bin/bash -e {0}
release	shift-left offline proof (release gate)	2026-10-04T06:59:43.9062965Z env:
release	shift-left offline proof (release gate)	2026-10-04T06:59:43.9063213Z   TAG: policy/v6.0.0
release	shift-left offline proof (release gate)	2026-10-04T06:59:43.9063485Z   GITSIGN_VERSION: 0.17.1
release	shift-left offline proof (release gate)	2026-10-04T06:59:43.9063902Z   GITSIGN_SHA256: 69213a8a0813a151e5a47d0060862952ff833a845d57309dff76f7ba6600abae
release	shift-left offline proof (release gate)	2026-10-04T06:59:43.9064365Z   COSIGN_VERSION: 2.4.1
release	shift-left offline proof (release gate)	2026-10-04T06:59:43.9064779Z   COSIGN_SHA256: 8b24b946dd5809c6bd93de08033bcf6bc0ed7d336b7785787c080f574b89249b
release	shift-left offline proof (release gate)	2026-10-04T06:59:43.9065239Z   KYVERNO_VERSION: 1.18.2
release	shift-left offline proof (release gate)	2026-10-04T06:59:43.9065651Z   KYVERNO_SHA256: cb2feb8356149fd2fe774c894ccf0969f4a60a83867dd913af724f74ffbbc18b
release	shift-left offline proof (release gate)	2026-10-04T06:59:43.9066592Z   EXPECTED_IDENTITY_REGEXP: ^https://github\.com/policy-as-versioned-platform/platform/\.github/workflows/cut-release\.yml@refs/heads/(main|release/[0-9]+\.[0-9]+\.x)$
release	shift-left offline proof (release gate)	2026-10-04T06:59:43.9067494Z   EXPECTED_ISSUER: https://token.actions.githubusercontent.com
release	shift-left offline proof (release gate)	2026-10-04T06:59:43.9067956Z ##[endgroup]
release	shift-left offline proof (release gate)	2026-10-04T06:59:44.0106636Z == a compliant change passes across its ±1 supported window ==
release	shift-left offline proof (release gate)	2026-10-04T06:59:45.2086984Z fixtures/workload-compliant.yaml: targets 5.0.0, checking supported window ['5.0.0', '6.0.0']
release	shift-left offline proof (release gate)	2026-10-04T06:59:45.2088543Z declared engine: kyverno 1.18.2 (read from fixtures/engine/kyverno.yaml, --engine-declaration fixtures/engine/kyverno.yaml)
release	shift-left offline proof (release gate)	2026-10-04T06:59:45.2089617Z --- kyverno apply @ v5.0.0 ---
release	shift-left offline proof (release gate)	2026-10-04T06:59:45.2090511Z Applying 5 policy rule(s) to 1 resource(s)...
release	shift-left offline proof (release gate)	2026-10-04T06:59:45.2091259Z 
release	shift-left offline proof (release gate)	2026-10-04T06:59:45.2091604Z policy cage-tier-5-0-0 applied to default/Pod/checkout-svc:
release	shift-left offline proof (release gate)	2026-10-04T06:59:45.2092231Z apiVersion: v1
release	shift-left offline proof (release gate)	2026-10-04T06:59:45.2092574Z kind: Pod
release	shift-left offline proof (release gate)	2026-10-04T06:59:45.2092902Z metadata:
release	shift-left offline proof (release gate)	2026-10-04T06:59:45.2093219Z   labels:
release	shift-left offline proof (release gate)	2026-10-04T06:59:45.2093626Z     policy-as-versioned.dev/policy-version: 5.0.0
release	shift-left offline proof (release gate)	2026-10-04T06:59:45.2094251Z     posture.acme.io/caged: "true"
release	shift-left offline proof (release gate)	2026-10-04T06:59:45.2094723Z     posture.acme.io/tier: isolated
release	shift-left offline proof (release gate)	2026-10-04T06:59:45.2095243Z     posture.acme.io/version: 5.0.0
release	shift-left offline proof (release gate)	2026-10-04T06:59:45.2095698Z   name: checkout-svc
release	shift-left offline proof (release gate)	2026-10-04T06:59:45.2096065Z   namespace: default
release	shift-left offline proof (release gate)	2026-10-04T06:59:45.2096406Z spec:
release	shift-left offline proof (release gate)	2026-10-04T06:59:45.2096711Z   containers:
release	shift-left offline proof (release gate)	2026-10-04T06:59:45.2097050Z   - image: nginx
release	shift-left offline proof (release gate)	2026-10-04T06:59:45.2097383Z     name: c
release	shift-left offline proof (release gate)	2026-10-04T06:59:45.2097691Z     resources:
release	shift-left offline proof (release gate)	2026-10-04T06:59:45.2098004Z       limits:
release	shift-left offline proof (release gate)	2026-10-04T06:59:45.2098332Z         cpu: 100m
release	shift-left offline proof (release gate)	2026-10-04T06:59:45.2098664Z         memory: 64Mi
release	shift-left offline proof (release gate)	2026-10-04T06:59:45.2099029Z     securityContext:
release	shift-left offline proof (release gate)	2026-10-04T06:59:45.2099476Z       allowPrivilegeEscalation: false
release	shift-left offline proof (release gate)	2026-10-04T06:59:45.2099953Z       capabilities:
release	shift-left offline proof (release gate)	2026-10-04T06:59:45.2100230Z         drop:
release	shift-left offline proof (release gate)	2026-10-04T06:59:45.2100424Z         - ALL
release	shift-left offline proof (release gate)	2026-10-04T06:59:45.2101060Z       privileged: false
release	shift-left offline proof (release gate)	2026-10-04T06:59:45.2101352Z       readOnlyRootFilesystem: true
release	shift-left offline proof (release gate)	2026-10-04T06:59:45.2101625Z       runAsNonRoot: true
release	shift-left offline proof (release gate)	2026-10-04T06:59:45.2101885Z   - image: ghcr.io/acme/coraza-waf:cage
release	shift-left offline proof (release gate)	2026-10-04T06:59:45.2102225Z     name: waf-sidecar
release	shift-left offline proof (release gate)	2026-10-04T06:59:45.2102457Z     resources:
release	shift-left offline proof (release gate)	2026-10-04T06:59:45.2102665Z       limits:
release	shift-left offline proof (release gate)	2026-10-04T06:59:45.2102855Z         cpu: 250m
release	shift-left offline proof (release gate)	2026-10-04T06:59:45.2103059Z         memory: 256Mi
release	shift-left offline proof (release gate)	2026-10-04T06:59:45.2103286Z     securityContext:
release	shift-left offline proof (release gate)	2026-10-04T06:59:45.2103528Z       allowPrivilegeEscalation: false
release	shift-left offline proof (release gate)	2026-10-04T06:59:45.2103802Z       capabilities:
release	shift-left offline proof (release gate)	2026-10-04T06:59:45.2104010Z         drop:
release	shift-left offline proof (release gate)	2026-10-04T06:59:45.2104665Z         - ALL
release	shift-left offline proof (release gate)	2026-10-04T06:59:45.2104871Z       privileged: false
release	shift-left offline proof (release gate)	2026-10-04T06:59:45.2105118Z       readOnlyRootFilesystem: true
release	shift-left offline proof (release gate)	2026-10-04T06:59:45.2105386Z       runAsNonRoot: true
release	shift-left offline proof (release gate)	2026-10-04T06:59:45.2105613Z   hostIPC: false
release	shift-left offline proof (release gate)	2026-10-04T06:59:45.2105817Z   hostNetwork: false
release	shift-left offline proof (release gate)	2026-10-04T06:59:45.2106027Z   hostPID: false
release	shift-left offline proof (release gate)	2026-10-04T06:59:45.2106246Z   preemptionPolicy: Never
release	shift-left offline proof (release gate)	2026-10-04T06:59:45.2106490Z   priority: -10000
release	shift-left offline proof (release gate)	2026-10-04T06:59:45.2106737Z   priorityClassName: cage-isolated-5-0-0
release	shift-left offline proof (release gate)	2026-10-04T06:59:45.2107017Z   securityContext:
release	shift-left offline proof (release gate)	2026-10-04T06:59:45.2107440Z     runAsNonRoot: true
release	shift-left offline proof (release gate)	2026-10-04T06:59:45.2107576Z 
release	shift-left offline proof (release gate)	2026-10-04T06:59:45.2107667Z ---
release	shift-left offline proof (release gate)	2026-10-04T06:59:45.2107777Z 
release	shift-left offline proof (release gate)	2026-10-04T06:59:45.2107783Z 
release	shift-left offline proof (release gate)	2026-10-04T06:59:45.2107863Z Mutation:
release	shift-left offline proof (release gate)	2026-10-04T06:59:45.2108082Z Mutation has been applied successfully.
release	shift-left offline proof (release gate)	2026-10-04T06:59:45.2108472Z policy cage-tier-5-0-0 applied to default/Pod/checkout-svc:
release	shift-left offline proof (release gate)	2026-10-04T06:59:45.2108819Z apiVersion: v1
release	shift-left offline proof (release gate)	2026-10-04T06:59:45.2109016Z kind: Pod
release	shift-left offline proof (release gate)	2026-10-04T06:59:45.2109208Z metadata:
release	shift-left offline proof (release gate)	2026-10-04T06:59:45.2109384Z   labels:
release	shift-left offline proof (release gate)	2026-10-04T06:59:45.2109619Z     policy-as-versioned.dev/policy-version: 5.0.0
release	shift-left offline proof (release gate)	2026-10-04T06:59:45.2109941Z     posture.acme.io/caged: "true"
release	shift-left offline proof (release gate)	2026-10-04T06:59:45.2110211Z     posture.acme.io/tier: isolated
release	shift-left offline proof (release gate)	2026-10-04T06:59:45.2110476Z     posture.acme.io/version: 5.0.0
release	shift-left offline proof (release gate)	2026-10-04T06:59:45.2110992Z   name: checkout-svc
release	shift-left offline proof (release gate)	2026-10-04T06:59:45.2111218Z   namespace: default
release	shift-left offline proof (release gate)	2026-10-04T06:59:45.2111421Z spec:
release	shift-left offline proof (release gate)	2026-10-04T06:59:45.2111601Z   containers:
release	shift-left offline proof (release gate)	2026-10-04T06:59:45.2111800Z   - image: nginx
release	shift-left offline proof (release gate)	2026-10-04T06:59:45.2112005Z     name: c
release	shift-left offline proof (release gate)	2026-10-04T06:59:45.2112188Z     resources:
release	shift-left offline proof (release gate)	2026-10-04T06:59:45.2112376Z       limits:
release	shift-left offline proof (release gate)	2026-10-04T06:59:45.2112561Z         cpu: 100m
release	shift-left offline proof (release gate)	2026-10-04T06:59:45.2112762Z         memory: 64Mi
release	shift-left offline proof (release gate)	2026-10-04T06:59:45.2112970Z     securityContext:
release	shift-left offline proof (release gate)	2026-10-04T06:59:45.2113209Z       allowPrivilegeEscalation: false
release	shift-left offline proof (release gate)	2026-10-04T06:59:45.2113478Z       capabilities:
release	shift-left offline proof (release gate)	2026-10-04T06:59:45.2113677Z         drop:
release	shift-left offline proof (release gate)	2026-10-04T06:59:45.2113866Z         - ALL
release	shift-left offline proof (release gate)	2026-10-04T06:59:45.2114069Z       privileged: false
release	shift-left offline proof (release gate)	2026-10-04T06:59:45.2114312Z       readOnlyRootFilesystem: true
release	shift-left offline proof (release gate)	2026-10-04T06:59:45.2114576Z       runAsNonRoot: true
release	shift-left offline proof (release gate)	2026-10-04T06:59:45.2114823Z   - image: ghcr.io/acme/coraza-waf:cage
release	shift-left offline proof (release gate)	2026-10-04T06:59:45.2115097Z     name: waf-sidecar
release	shift-left offline proof (release gate)	2026-10-04T06:59:45.2115307Z     resources:
release	shift-left offline proof (release gate)	2026-10-04T06:59:45.2115494Z       limits:
release	shift-left offline proof (release gate)	2026-10-04T06:59:45.2115682Z         cpu: 250m
release	shift-left offline proof (release gate)	2026-10-04T06:59:45.2115880Z         memory: 256Mi
release	shift-left offline proof (release gate)	2026-10-04T06:59:45.2116087Z     securityContext:
release	shift-left offline proof (release gate)	2026-10-04T06:59:45.2116327Z       allowPrivilegeEscalation: false
release	shift-left offline proof (release gate)	2026-10-04T06:59:45.2116587Z       capabilities:
release	shift-left offline proof (release gate)	2026-10-04T06:59:45.2116789Z         drop:
release	shift-left offline proof (release gate)	2026-10-04T06:59:45.2116976Z         - ALL
release	shift-left offline proof (release gate)	2026-10-04T06:59:45.2117191Z       privileged: false
release	shift-left offline proof (release gate)	2026-10-04T06:59:45.2117429Z       readOnlyRootFilesystem: true
release	shift-left offline proof (release gate)	2026-10-04T06:59:45.2117689Z       runAsNonRoot: true
release	shift-left offline proof (release gate)	2026-10-04T06:59:45.2117908Z   hostIPC: false
release	shift-left offline proof (release gate)	2026-10-04T06:59:45.2118120Z   hostNetwork: false
release	shift-left offline proof (release gate)	2026-10-04T06:59:45.2118336Z   hostPID: false
release	shift-left offline proof (release gate)	2026-10-04T06:59:45.2118545Z   preemptionPolicy: Never
release	shift-left offline proof (release gate)	2026-10-04T06:59:45.2118779Z   priority: -10000
release	shift-left offline proof (release gate)	2026-10-04T06:59:45.2119016Z   priorityClassName: cage-isolated-5-0-0
release	shift-left offline proof (release gate)	2026-10-04T06:59:45.2119293Z   securityContext:
release	shift-left offline proof (release gate)	2026-10-04T06:59:45.2119525Z     runAsNonRoot: true
release	shift-left offline proof (release gate)	2026-10-04T06:59:45.2119656Z 
release	shift-left offline proof (release gate)	2026-10-04T06:59:45.2119737Z ---
release	shift-left offline proof (release gate)	2026-10-04T06:59:45.2119838Z 
release	shift-left offline proof (release gate)	2026-10-04T06:59:45.2119844Z 
release	shift-left offline proof (release gate)	2026-10-04T06:59:45.2119927Z Mutation:
release	shift-left offline proof (release gate)	2026-10-04T06:59:45.2120141Z Mutation has been applied successfully.
release	shift-left offline proof (release gate)	2026-10-04T06:59:45.2120517Z policy stamp-posture-5-0-0 applied to default/Pod/checkout-svc:
release	shift-left offline proof (release gate)	2026-10-04T06:59:45.2121098Z apiVersion: v1
release	shift-left offline proof (release gate)	2026-10-04T06:59:45.2121294Z kind: Pod
release	shift-left offline proof (release gate)	2026-10-04T06:59:45.2121473Z metadata:
release	shift-left offline proof (release gate)	2026-10-04T06:59:45.2121650Z   labels:
release	shift-left offline proof (release gate)	2026-10-04T06:59:45.2121884Z     policy-as-versioned.dev/policy-version: 5.0.0
release	shift-left offline proof (release gate)	2026-10-04T06:59:45.2122208Z     posture.acme.io/caged: "true"
release	shift-left offline proof (release gate)	2026-10-04T06:59:45.2122471Z     posture.acme.io/tier: isolated
release	shift-left offline proof (release gate)	2026-10-04T06:59:45.2122886Z     posture.acme.io/version: 5.0.0
release	shift-left offline proof (release gate)	2026-10-04T06:59:45.2123134Z   name: checkout-svc
release	shift-left offline proof (release gate)	2026-10-04T06:59:45.2123347Z   namespace: default
release	shift-left offline proof (release gate)	2026-10-04T06:59:45.2123544Z spec:
release	shift-left offline proof (release gate)	2026-10-04T06:59:45.2123724Z   containers:
release	shift-left offline proof (release gate)	2026-10-04T06:59:45.2123916Z   - image: nginx
release	shift-left offline proof (release gate)	2026-10-04T06:59:45.2124106Z     name: c
release	shift-left offline proof (release gate)	2026-10-04T06:59:45.2124290Z     resources:
release	shift-left offline proof (release gate)	2026-10-04T06:59:45.2124477Z       limits:
release	shift-left offline proof (release gate)	2026-10-04T06:59:45.2124667Z         cpu: 100m
release	shift-left offline proof (release gate)	2026-10-04T06:59:45.2124868Z         memory: 64Mi
release	shift-left offline proof (release gate)	2026-10-04T06:59:45.2125074Z     securityContext:
release	shift-left offline proof (release gate)	2026-10-04T06:59:45.2125513Z       allowPrivilegeEscalation: false
release	shift-left offline proof (release gate)	2026-10-04T06:59:45.2125800Z       capabilities:
release	shift-left offline proof (release gate)	2026-10-04T06:59:45.2126045Z         drop:
release	shift-left offline proof (release gate)	2026-10-04T06:59:45.2126237Z         - ALL
release	shift-left offline proof (release gate)	2026-10-04T06:59:45.2126439Z       privileged: false
release	shift-left offline proof (release gate)	2026-10-04T06:59:45.2126681Z       readOnlyRootFilesystem: true
release	shift-left offline proof (release gate)	2026-10-04T06:59:45.2126944Z       runAsNonRoot: true
release	shift-left offline proof (release gate)	2026-10-04T06:59:45.2127195Z   - image: ghcr.io/acme/coraza-waf:cage
release	shift-left offline proof (release gate)	2026-10-04T06:59:45.2127465Z     name: waf-sidecar
release	shift-left offline proof (release gate)	2026-10-04T06:59:45.2127680Z     resources:
release	shift-left offline proof (release gate)	2026-10-04T06:59:45.2127868Z       limits:
release	shift-left offline proof (release gate)	2026-10-04T06:59:45.2128056Z         cpu: 250m
release	shift-left offline proof (release gate)	2026-10-04T06:59:45.2128261Z         memory: 256Mi
release	shift-left offline proof (release gate)	2026-10-04T06:59:45.2128474Z     securityContext:
release	shift-left offline proof (release gate)	2026-10-04T06:59:45.2128717Z       allowPrivilegeEscalation: false
release	shift-left offline proof (release gate)	2026-10-04T06:59:45.2128992Z       capabilities:
release	shift-left offline proof (release gate)	2026-10-04T06:59:45.2129204Z         drop:
release	shift-left offline proof (release gate)	2026-10-04T06:59:45.2129388Z         - ALL
release	shift-left offline proof (release gate)	2026-10-04T06:59:45.2129584Z       privileged: false
release	shift-left offline proof (release gate)	2026-10-04T06:59:45.2129823Z       readOnlyRootFilesystem: true
release	shift-left offline proof (release gate)	2026-10-04T06:59:45.2130094Z       runAsNonRoot: true
release	shift-left offline proof (release gate)	2026-10-04T06:59:45.2130317Z   hostIPC: false
release	shift-left offline proof (release gate)	2026-10-04T06:59:45.2130524Z   hostNetwork: false
release	shift-left offline proof (release gate)	2026-10-04T06:59:45.2131007Z   hostPID: false
release	shift-left offline proof (release gate)	2026-10-04T06:59:45.2131230Z   preemptionPolicy: Never
release	shift-left offline proof (release gate)	2026-10-04T06:59:45.2131467Z   priority: -10000
release	shift-left offline proof (release gate)	2026-10-04T06:59:45.2131711Z   priorityClassName: cage-isolated-5-0-0
release	shift-left offline proof (release gate)	2026-10-04T06:59:45.2131996Z   securityContext:
release	shift-left offline proof (release gate)	2026-10-04T06:59:45.2132203Z     runAsNonRoot: true
release	shift-left offline proof (release gate)	2026-10-04T06:59:45.2132341Z 
release	shift-left offline proof (release gate)	2026-10-04T06:59:45.2132421Z ---
release	shift-left offline proof (release gate)	2026-10-04T06:59:45.2132520Z 
release	shift-left offline proof (release gate)	2026-10-04T06:59:45.2132527Z 
release	shift-left offline proof (release gate)	2026-10-04T06:59:45.2132611Z Mutation:
release	shift-left offline proof (release gate)	2026-10-04T06:59:45.2132824Z Mutation has been applied successfully.
release	shift-left offline proof (release gate)	2026-10-04T06:59:45.2133196Z policy stamp-posture-5-0-0 applied to default/Pod/checkout-svc:
release	shift-left offline proof (release gate)	2026-10-04T06:59:45.2133566Z apiVersion: v1
release	shift-left offline proof (release gate)	2026-10-04T06:59:45.2133762Z kind: Pod
release	shift-left offline proof (release gate)	2026-10-04T06:59:45.2133943Z metadata:
release	shift-left offline proof (release gate)	2026-10-04T06:59:45.2134119Z   labels:
release	shift-left offline proof (release gate)	2026-10-04T06:59:45.2134361Z     policy-as-versioned.dev/policy-version: 5.0.0
release	shift-left offline proof (release gate)	2026-10-04T06:59:45.2134686Z     posture.acme.io/caged: "true"
release	shift-left offline proof (release gate)	2026-10-04T06:59:45.2134954Z     posture.acme.io/tier: isolated
release	shift-left offline proof (release gate)	2026-10-04T06:59:45.2135217Z     posture.acme.io/version: 5.0.0
release	shift-left offline proof (release gate)	2026-10-04T06:59:45.2135467Z   name: checkout-svc
release	shift-left offline proof (release gate)	2026-10-04T06:59:45.2135683Z   namespace: default
release	shift-left offline proof (release gate)	2026-10-04T06:59:45.2135885Z spec:
release	shift-left offline proof (release gate)	2026-10-04T06:59:45.2136063Z   containers:
release	shift-left offline proof (release gate)	2026-10-04T06:59:45.2136259Z   - image: nginx
release	shift-left offline proof (release gate)	2026-10-04T06:59:45.2136455Z     name: c
release	shift-left offline proof (release gate)	2026-10-04T06:59:45.2136646Z     resources:
release	shift-left offline proof (release gate)	2026-10-04T06:59:45.2136835Z       limits:
release	shift-left offline proof (release gate)	2026-10-04T06:59:45.2137025Z         cpu: 100m
release	shift-left offline proof (release gate)	2026-10-04T06:59:45.2137221Z         memory: 64Mi
release	shift-left offline proof (release gate)	2026-10-04T06:59:45.2137428Z     securityContext:
release	shift-left offline proof (release gate)	2026-10-04T06:59:45.2137662Z       allowPrivilegeEscalation: false
release	shift-left offline proof (release gate)	2026-10-04T06:59:45.2137930Z       capabilities:
release	shift-left offline proof (release gate)	2026-10-04T06:59:45.2138130Z         drop:
release	shift-left offline proof (release gate)	2026-10-04T06:59:45.2138316Z         - ALL
release	shift-left offline proof (release gate)	2026-10-04T06:59:45.2138513Z       privileged: false
release	shift-left offline proof (release gate)	2026-10-04T06:59:45.2138750Z       readOnlyRootFilesystem: true
release	shift-left offline proof (release gate)	2026-10-04T06:59:45.2139017Z       runAsNonRoot: true
release	shift-left offline proof (release gate)	2026-10-04T06:59:45.2139263Z   - image: ghcr.io/acme/coraza-waf:cage
release	shift-left offline proof (release gate)	2026-10-04T06:59:45.2139535Z     name: waf-sidecar
release	shift-left offline proof (release gate)	2026-10-04T06:59:45.2139752Z     resources:
release	shift-left offline proof (release gate)	2026-10-04T06:59:45.2139944Z       limits:
release	shift-left offline proof (release gate)	2026-10-04T06:59:45.2140135Z         cpu: 250m
release	shift-left offline proof (release gate)	2026-10-04T06:59:45.2140345Z         memory: 256Mi
release	shift-left offline proof (release gate)	2026-10-04T06:59:45.2140824Z     securityContext:
release	shift-left offline proof (release gate)	2026-10-04T06:59:45.2141110Z       allowPrivilegeEscalation: false
release	shift-left offline proof (release gate)	2026-10-04T06:59:45.2141628Z       capabilities:
release	shift-left offline proof (release gate)	2026-10-04T06:59:45.2141833Z         drop:
release	shift-left offline proof (release gate)	2026-10-04T06:59:45.2142024Z         - ALL
release	shift-left offline proof (release gate)	2026-10-04T06:59:45.2142228Z       privileged: false
release	shift-left offline proof (release gate)	2026-10-04T06:59:45.2142481Z       readOnlyRootFilesystem: true
release	shift-left offline proof (release gate)	2026-10-04T06:59:45.2142753Z       runAsNonRoot: true
release	shift-left offline proof (release gate)	2026-10-04T06:59:45.2142987Z   hostIPC: false
release	shift-left offline proof (release gate)	2026-10-04T06:59:45.2143198Z   hostNetwork: false
release	shift-left offline proof (release gate)	2026-10-04T06:59:45.2143408Z   hostPID: false
release	shift-left offline proof (release gate)	2026-10-04T06:59:45.2143634Z   preemptionPolicy: Never
release	shift-left offline proof (release gate)	2026-10-04T06:59:45.2143872Z   priority: -10000
release	shift-left offline proof (release gate)	2026-10-04T06:59:45.2144273Z   priorityClassName: cage-isolated-5-0-0
release	shift-left offline proof (release gate)	2026-10-04T06:59:45.2144564Z   securityContext:
release	shift-left offline proof (release gate)	2026-10-04T06:59:45.2144775Z     runAsNonRoot: true
release	shift-left offline proof (release gate)	2026-10-04T06:59:45.2144912Z 
release	shift-left offline proof (release gate)	2026-10-04T06:59:45.2144986Z ---
release	shift-left offline proof (release gate)	2026-10-04T06:59:45.2145091Z 
release	shift-left offline proof (release gate)	2026-10-04T06:59:45.2145097Z 
release	shift-left offline proof (release gate)	2026-10-04T06:59:45.2145180Z Mutation:
release	shift-left offline proof (release gate)	2026-10-04T06:59:45.2145416Z Mutation has been applied successfully.
release	shift-left offline proof (release gate)	2026-10-04T06:59:45.2145792Z policy cage-netpol-5-0-0 applied to default/Pod/checkout-svc:
release	shift-left offline proof (release gate)	2026-10-04T06:59:45.2146168Z apiVersion: networking.k8s.io/v1
release	shift-left offline proof (release gate)	2026-10-04T06:59:45.2146426Z kind: NetworkPolicy
release	shift-left offline proof (release gate)	2026-10-04T06:59:45.2146630Z metadata:
release	shift-left offline proof (release gate)	2026-10-04T06:59:45.2146806Z   labels:
release	shift-left offline proof (release gate)	2026-10-04T06:59:45.2147026Z     app.kubernetes.io/managed-by: kyverno
release	shift-left offline proof (release gate)	2026-10-04T06:59:45.2147323Z     posture.acme.io/cage: reach
release	shift-left offline proof (release gate)	2026-10-04T06:59:45.2147596Z     posture.acme.io/tier: restricted
release	shift-left offline proof (release gate)	2026-10-04T06:59:45.2147877Z   name: cage-reach-restricted
release	shift-left offline proof (release gate)	2026-10-04T06:59:45.2148127Z   namespace: default
release	shift-left offline proof (release gate)	2026-10-04T06:59:45.2148337Z spec:
release	shift-left offline proof (release gate)	2026-10-04T06:59:45.2148523Z   egress:
release	shift-left offline proof (release gate)	2026-10-04T06:59:45.2148707Z   - ports:
release	shift-left offline proof (release gate)	2026-10-04T06:59:45.2149012Z     - port: 53
release	shift-left offline proof (release gate)	2026-10-04T06:59:45.2149219Z       protocol: UDP
release	shift-left offline proof (release gate)	2026-10-04T06:59:45.2149423Z     to:
release	shift-left offline proof (release gate)	2026-10-04T06:59:45.2149629Z     - namespaceSelector:
release	shift-left offline proof (release gate)	2026-10-04T06:59:45.2149863Z         matchLabels:
release	shift-left offline proof (release gate)	2026-10-04T06:59:45.2150132Z           kubernetes.io/metadata.name: kube-system
release	shift-left offline proof (release gate)	2026-10-04T06:59:45.2150419Z   ingress:
release	shift-left offline proof (release gate)	2026-10-04T06:59:45.2150831Z   - from:
release	shift-left offline proof (release gate)	2026-10-04T06:59:45.2151067Z     - podSelector: {}
release	shift-left offline proof (release gate)	2026-10-04T06:59:45.2151315Z   podSelector:
release	shift-left offline proof (release gate)	2026-10-04T06:59:45.2151524Z     matchLabels:
release	shift-left offline proof (release gate)	2026-10-04T06:59:45.2151760Z       posture.acme.io/caged: "true"
release	shift-left offline proof (release gate)	2026-10-04T06:59:45.2152057Z       posture.acme.io/tier: restricted
release	shift-left offline proof (release gate)	2026-10-04T06:59:45.2152323Z   policyTypes:
release	shift-left offline proof (release gate)	2026-10-04T06:59:45.2152533Z   - Ingress
release	shift-left offline proof (release gate)	2026-10-04T06:59:45.2152721Z   - Egress
release	shift-left offline proof (release gate)	2026-10-04T06:59:45.2152833Z 
release	shift-left offline proof (release gate)	2026-10-04T06:59:45.2152907Z ---
release	shift-left offline proof (release gate)	2026-10-04T06:59:45.2153012Z 
release	shift-left offline proof (release gate)	2026-10-04T06:59:45.2153018Z 
release	shift-left offline proof (release gate)	2026-10-04T06:59:45.2153105Z Generate:
release	shift-left offline proof (release gate)	2026-10-04T06:59:45.2153327Z Generation completed successfully.
release	shift-left offline proof (release gate)	2026-10-04T06:59:45.2153710Z policy cage-netpol-5-0-0 applied to default/Pod/checkout-svc:
release	shift-left offline proof (release gate)	2026-10-04T06:59:45.2154084Z apiVersion: networking.k8s.io/v1
release	shift-left offline proof (release gate)	2026-10-04T06:59:45.2154343Z kind: NetworkPolicy
release	shift-left offline proof (release gate)	2026-10-04T06:59:45.2154550Z metadata:
release	shift-left offline proof (release gate)	2026-10-04T06:59:45.2154731Z   labels:
release	shift-left offline proof (release gate)	2026-10-04T06:59:45.2154960Z     app.kubernetes.io/managed-by: kyverno
release	shift-left offline proof (release gate)	2026-10-04T06:59:45.2155263Z     posture.acme.io/cage: reach
release	shift-left offline proof (release gate)	2026-10-04T06:59:45.2155538Z     posture.acme.io/tier: quarantine
release	shift-left offline proof (release gate)	2026-10-04T06:59:45.2155828Z   name: cage-reach-quarantine
release	shift-left offline proof (release gate)	2026-10-04T06:59:45.2156082Z   namespace: default
release	shift-left offline proof (release gate)	2026-10-04T06:59:45.2156290Z spec:
release	shift-left offline proof (release gate)	2026-10-04T06:59:45.2156468Z   egress:
release	shift-left offline proof (release gate)	2026-10-04T06:59:45.2156654Z   - ports:
release	shift-left offline proof (release gate)	2026-10-04T06:59:45.2156846Z     - port: 53
release	shift-left offline proof (release gate)	2026-10-04T06:59:45.2157061Z       protocol: UDP
release	shift-left offline proof (release gate)	2026-10-04T06:59:45.2157265Z     to:
release	shift-left offline proof (release gate)	2026-10-04T06:59:45.2157468Z     - namespaceSelector:
release	shift-left offline proof (release gate)	2026-10-04T06:59:45.2157703Z         matchLabels:
release	shift-left offline proof (release gate)	2026-10-04T06:59:45.2157972Z           kubernetes.io/metadata.name: kube-system
release	shift-left offline proof (release gate)	2026-10-04T06:59:45.2158263Z   ingress:
release	shift-left offline proof (release gate)	2026-10-04T06:59:45.2158447Z   - from:
release	shift-left offline proof (release gate)	2026-10-04T06:59:45.2158642Z     - podSelector: {}
release	shift-left offline proof (release gate)	2026-10-04T06:59:45.2158860Z   podSelector:
release	shift-left offline proof (release gate)	2026-10-04T06:59:45.2159061Z     matchLabels:
release	shift-left offline proof (release gate)	2026-10-04T06:59:45.2159305Z       posture.acme.io/caged: "true"
release	shift-left offline proof (release gate)	2026-10-04T06:59:45.2159602Z       posture.acme.io/tier: quarantine
release	shift-left offline proof (release gate)	2026-10-04T06:59:45.2159871Z   policyTypes:
release	shift-left offline proof (release gate)	2026-10-04T06:59:45.2160219Z   - Ingress
release	shift-left offline proof (release gate)	2026-10-04T06:59:45.2160413Z   - Egress
release	shift-left offline proof (release gate)	2026-10-04T06:59:45.2160518Z 
release	shift-left offline proof (release gate)	2026-10-04T06:59:45.2160856Z ---
release	shift-left offline proof (release gate)	2026-10-04T06:59:45.2161035Z 
release	shift-left offline proof (release gate)	2026-10-04T06:59:45.2161042Z 
release	shift-left offline proof (release gate)	2026-10-04T06:59:45.2161128Z Generate:
release	shift-left offline proof (release gate)	2026-10-04T06:59:45.2161360Z Generation completed successfully.
release	shift-left offline proof (release gate)	2026-10-04T06:59:45.2161733Z policy cage-netpol-5-0-0 applied to default/Pod/checkout-svc:
release	shift-left offline proof (release gate)	2026-10-04T06:59:45.2162113Z apiVersion: networking.k8s.io/v1
release	shift-left offline proof (release gate)	2026-10-04T06:59:45.2162383Z kind: NetworkPolicy
release	shift-left offline proof (release gate)	2026-10-04T06:59:45.2162587Z metadata:
release	shift-left offline proof (release gate)	2026-10-04T06:59:45.2162979Z   labels:
release	shift-left offline proof (release gate)	2026-10-04T06:59:45.2163203Z     app.kubernetes.io/managed-by: kyverno
release	shift-left offline proof (release gate)	2026-10-04T06:59:45.2163501Z     posture.acme.io/cage: reach
release	shift-left offline proof (release gate)	2026-10-04T06:59:45.2163768Z     posture.acme.io/tier: isolated
release	shift-left offline proof (release gate)	2026-10-04T06:59:45.2164038Z   name: cage-reach-isolated
release	shift-left offline proof (release gate)	2026-10-04T06:59:45.2164301Z   namespace: default
release	shift-left offline proof (release gate)	2026-10-04T06:59:45.2164502Z spec:
release	shift-left offline proof (release gate)	2026-10-04T06:59:45.2164687Z   egress: []
release	shift-left offline proof (release gate)	2026-10-04T06:59:45.2164879Z   ingress: []
release	shift-left offline proof (release gate)	2026-10-04T06:59:45.2165079Z   podSelector:
release	shift-left offline proof (release gate)	2026-10-04T06:59:45.2165285Z     matchLabels:
release	shift-left offline proof (release gate)	2026-10-04T06:59:45.2165511Z       posture.acme.io/caged: "true"
release	shift-left offline proof (release gate)	2026-10-04T06:59:45.2165793Z       posture.acme.io/tier: isolated
release	shift-left offline proof (release gate)	2026-10-04T06:59:45.2166053Z   policyTypes:
release	shift-left offline proof (release gate)	2026-10-04T06:59:45.2166252Z   - Ingress
release	shift-left offline proof (release gate)	2026-10-04T06:59:45.2166442Z   - Egress
release	shift-left offline proof (release gate)	2026-10-04T06:59:45.2166552Z 
release	shift-left offline proof (release gate)	2026-10-04T06:59:45.2166628Z ---
release	shift-left offline proof (release gate)	2026-10-04T06:59:45.2166731Z 
release	shift-left offline proof (release gate)	2026-10-04T06:59:45.2166738Z 
release	shift-left offline proof (release gate)	2026-10-04T06:59:45.2166818Z Generate:
release	shift-left offline proof (release gate)	2026-10-04T06:59:45.2167032Z Generation completed successfully.
release	shift-left offline proof (release gate)	2026-10-04T06:59:45.2167347Z pass: 7, fail: 0, warn: 0, error: 0, skip: 0
release	shift-left offline proof (release gate)	2026-10-04T06:59:45.2167653Z --- kyverno apply @ v6.0.0 ---
release	shift-left offline proof (release gate)	2026-10-04T06:59:45.2167946Z Applying 5 policy rule(s) to 1 resource(s)...
release	shift-left offline proof (release gate)	2026-10-04T06:59:45.2168149Z 
release	shift-left offline proof (release gate)	2026-10-04T06:59:45.2168339Z policy cage-tier-6-0-0 applied to default/Pod/checkout-svc:
release	shift-left offline proof (release gate)	2026-10-04T06:59:45.2168674Z apiVersion: v1
release	shift-left offline proof (release gate)	2026-10-04T06:59:45.2168868Z kind: Pod
release	shift-left offline proof (release gate)	2026-10-04T06:59:45.2169050Z metadata:
release	shift-left offline proof (release gate)	2026-10-04T06:59:45.2169233Z   labels:
release	shift-left offline proof (release gate)	2026-10-04T06:59:45.2169485Z     policy-as-versioned.dev/policy-version: 6.0.0
release	shift-left offline proof (release gate)	2026-10-04T06:59:45.2169814Z     posture.acme.io/caged: "true"
release	shift-left offline proof (release gate)	2026-10-04T06:59:45.2170123Z     posture.acme.io/tier: isolated
release	shift-left offline proof (release gate)	2026-10-04T06:59:45.2170403Z     posture.acme.io/version: 6.0.0
release	shift-left offline proof (release gate)	2026-10-04T06:59:45.2170930Z   name: checkout-svc
release	shift-left offline proof (release gate)	2026-10-04T06:59:45.2171169Z   namespace: default
release	shift-left offline proof (release gate)	2026-10-04T06:59:45.2171375Z spec:
release	shift-left offline proof (release gate)	2026-10-04T06:59:45.2171561Z   containers:
release	shift-left offline proof (release gate)	2026-10-04T06:59:45.2171765Z   - image: nginx
release	shift-left offline proof (release gate)	2026-10-04T06:59:45.2171965Z     name: c
release	shift-left offline proof (release gate)	2026-10-04T06:59:45.2172163Z     resources:
release	shift-left offline proof (release gate)	2026-10-04T06:59:45.2172359Z       limits:
release	shift-left offline proof (release gate)	2026-10-04T06:59:45.2172551Z         cpu: 100m
release	shift-left offline proof (release gate)	2026-10-04T06:59:45.2172790Z         memory: 64Mi
release	shift-left offline proof (release gate)	2026-10-04T06:59:45.2173012Z     securityContext:
release	shift-left offline proof (release gate)	2026-10-04T06:59:45.2173260Z       allowPrivilegeEscalation: false
release	shift-left offline proof (release gate)	2026-10-04T06:59:45.2173539Z       capabilities:
release	shift-left offline proof (release gate)	2026-10-04T06:59:45.2173743Z         drop:
release	shift-left offline proof (release gate)	2026-10-04T06:59:45.2173933Z         - ALL
release	shift-left offline proof (release gate)	2026-10-04T06:59:45.2174140Z       privileged: false
release	shift-left offline proof (release gate)	2026-10-04T06:59:45.2174392Z       readOnlyRootFilesystem: true
release	shift-left offline proof (release gate)	2026-10-04T06:59:45.2174660Z       runAsNonRoot: true
release	shift-left offline proof (release gate)	2026-10-04T06:59:45.2174917Z   - image: ghcr.io/acme/coraza-waf:cage
release	shift-left offline proof (release gate)	2026-10-04T06:59:45.2175198Z     name: waf-sidecar
release	shift-left offline proof (release gate)	2026-10-04T06:59:45.2175413Z     resources:
release	shift-left offline proof (release gate)	2026-10-04T06:59:45.2175605Z       limits:
release	shift-left offline proof (release gate)	2026-10-04T06:59:45.2175796Z         cpu: 250m
release	shift-left offline proof (release gate)	2026-10-04T06:59:45.2176005Z         memory: 256Mi
release	shift-left offline proof (release gate)	2026-10-04T06:59:45.2176229Z     securityContext:
release	shift-left offline proof (release gate)	2026-10-04T06:59:45.2176477Z       allowPrivilegeEscalation: false
release	shift-left offline proof (release gate)	2026-10-04T06:59:45.2176752Z       capabilities:
release	shift-left offline proof (release gate)	2026-10-04T06:59:45.2176958Z         drop:
release	shift-left offline proof (release gate)	2026-10-04T06:59:45.2177219Z         - ALL
release	shift-left offline proof (release gate)	2026-10-04T06:59:45.2177556Z       privileged: false
release	shift-left offline proof (release gate)	2026-10-04T06:59:45.2177952Z       readOnlyRootFilesystem: true
release	shift-left offline proof (release gate)	2026-10-04T06:59:45.2178411Z       runAsNonRoot: true
release	shift-left offline proof (release gate)	2026-10-04T06:59:45.2178809Z   hostIPC: false
release	shift-left offline proof (release gate)	2026-10-04T06:59:45.2179171Z   hostNetwork: false
release	shift-left offline proof (release gate)	2026-10-04T06:59:45.2179528Z   hostPID: false
release	shift-left offline proof (release gate)	2026-10-04T06:59:45.2180144Z   preemptionPolicy: Never
release	shift-left offline proof (release gate)	2026-10-04T06:59:45.2180594Z   priority: -10000
release	shift-left offline proof (release gate)	2026-10-04T06:59:45.2181241Z   priorityClassName: cage-isolated-6-0-0
release	shift-left offline proof (release gate)	2026-10-04T06:59:45.2181689Z   securityContext:
release	shift-left offline proof (release gate)	2026-10-04T06:59:45.2181919Z     runAsNonRoot: true
release	shift-left offline proof (release gate)	2026-10-04T06:59:45.2182054Z 
release	shift-left offline proof (release gate)	2026-10-04T06:59:45.2182138Z ---
release	shift-left offline proof (release gate)	2026-10-04T06:59:45.2182246Z 
release	shift-left offline proof (release gate)	2026-10-04T06:59:45.2182253Z 
release	shift-left offline proof (release gate)	2026-10-04T06:59:45.2182335Z Mutation:
release	shift-left offline proof (release gate)	2026-10-04T06:59:45.2182565Z Mutation has been applied successfully.
release	shift-left offline proof (release gate)	2026-10-04T06:59:45.2182944Z policy cage-tier-6-0-0 applied to default/Pod/checkout-svc:
release	shift-left offline proof (release gate)	2026-10-04T06:59:45.2183458Z apiVersion: v1
release	shift-left offline proof (release gate)	2026-10-04T06:59:45.2183662Z kind: Pod
release	shift-left offline proof (release gate)	2026-10-04T06:59:45.2183857Z metadata:
release	shift-left offline proof (release gate)	2026-10-04T06:59:45.2184038Z   labels:
release	shift-left offline proof (release gate)	2026-10-04T06:59:45.2184295Z     policy-as-versioned.dev/policy-version: 6.0.0
release	shift-left offline proof (release gate)	2026-10-04T06:59:45.2184626Z     posture.acme.io/caged: "true"
release	shift-left offline proof (release gate)	2026-10-04T06:59:45.2184907Z     posture.acme.io/tier: isolated
release	shift-left offline proof (release gate)	2026-10-04T06:59:45.2185184Z     posture.acme.io/version: 6.0.0
release	shift-left offline proof (release gate)	2026-10-04T06:59:45.2185451Z   name: checkout-svc
release	shift-left offline proof (release gate)	2026-10-04T06:59:45.2185670Z   namespace: default
release	shift-left offline proof (release gate)	2026-10-04T06:59:45.2185869Z spec:
release	shift-left offline proof (release gate)	2026-10-04T06:59:45.2186053Z   containers:
release	shift-left offline proof (release gate)	2026-10-04T06:59:45.2186257Z   - image: nginx
release	shift-left offline proof (release gate)	2026-10-04T06:59:45.2186460Z     name: c
release	shift-left offline proof (release gate)	2026-10-04T06:59:45.2186646Z     resources:
release	shift-left offline proof (release gate)	2026-10-04T06:59:45.2186837Z       limits:
release	shift-left offline proof (release gate)	2026-10-04T06:59:45.2187029Z         cpu: 100m
release	shift-left offline proof (release gate)	2026-10-04T06:59:45.2187232Z         memory: 64Mi
release	shift-left offline proof (release gate)	2026-10-04T06:59:45.2187443Z     securityContext:
release	shift-left offline proof (release gate)	2026-10-04T06:59:45.2187687Z       allowPrivilegeEscalation: false
release	shift-left offline proof (release gate)	2026-10-04T06:59:45.2187967Z       capabilities:
release	shift-left offline proof (release gate)	2026-10-04T06:59:45.2188171Z         drop:
release	shift-left offline proof (release gate)	2026-10-04T06:59:45.2188358Z         - ALL
release	shift-left offline proof (release gate)	2026-10-04T06:59:45.2188561Z       privileged: false
release	shift-left offline proof (release gate)	2026-10-04T06:59:45.2188812Z       readOnlyRootFilesystem: true
release	shift-left offline proof (release gate)	2026-10-04T06:59:45.2189086Z       runAsNonRoot: true
release	shift-left offline proof (release gate)	2026-10-04T06:59:45.2189347Z   - image: ghcr.io/acme/coraza-waf:cage
release	shift-left offline proof (release gate)	2026-10-04T06:59:45.2189630Z     name: waf-sidecar
release	shift-left offline proof (release gate)	2026-10-04T06:59:45.2189845Z     resources:
release	shift-left offline proof (release gate)	2026-10-04T06:59:45.2190042Z       limits:
release	shift-left offline proof (release gate)	2026-10-04T06:59:45.2190261Z         cpu: 250m
release	shift-left offline proof (release gate)	2026-10-04T06:59:45.2190471Z         memory: 256Mi
release	shift-left offline proof (release gate)	2026-10-04T06:59:45.2191013Z     securityContext:
release	shift-left offline proof (release gate)	2026-10-04T06:59:45.2191271Z       allowPrivilegeEscalation: false
release	shift-left offline proof (release gate)	2026-10-04T06:59:45.2191575Z       capabilities:
release	shift-left offline proof (release gate)	2026-10-04T06:59:45.2191783Z         drop:
release	shift-left offline proof (release gate)	2026-10-04T06:59:45.2191975Z         - ALL
release	shift-left offline proof (release gate)	2026-10-04T06:59:45.2192186Z       privileged: false
release	shift-left offline proof (release gate)	2026-10-04T06:59:45.2192439Z       readOnlyRootFilesystem: true
release	shift-left offline proof (release gate)	2026-10-04T06:59:45.2192707Z       runAsNonRoot: true
release	shift-left offline proof (release gate)	2026-10-04T06:59:45.2192939Z   hostIPC: false
release	shift-left offline proof (release gate)	2026-10-04T06:59:45.2193161Z   hostNetwork: false
release	shift-left offline proof (release gate)	2026-10-04T06:59:45.2193385Z   hostPID: false
release	shift-left offline proof (release gate)	2026-10-04T06:59:45.2193608Z   preemptionPolicy: Never
release	shift-left offline proof (release gate)	2026-10-04T06:59:45.2193853Z   priority: -10000
release	shift-left offline proof (release gate)	2026-10-04T06:59:45.2194109Z   priorityClassName: cage-isolated-6-0-0
release	shift-left offline proof (release gate)	2026-10-04T06:59:45.2194395Z   securityContext:
release	shift-left offline proof (release gate)	2026-10-04T06:59:45.2194613Z     runAsNonRoot: true
release	shift-left offline proof (release gate)	2026-10-04T06:59:45.2194760Z 
release	shift-left offline proof (release gate)	2026-10-04T06:59:45.2194845Z ---
release	shift-left offline proof (release gate)	2026-10-04T06:59:45.2194946Z 
release	shift-left offline proof (release gate)	2026-10-04T06:59:45.2194953Z 
release	shift-left offline proof (release gate)	2026-10-04T06:59:45.2195042Z Mutation:
release	shift-left offline proof (release gate)	2026-10-04T06:59:45.2195263Z Mutation has been applied successfully.
release	shift-left offline proof (release gate)	2026-10-04T06:59:45.2195646Z policy stamp-posture-6-0-0 applied to default/Pod/checkout-svc:
release	shift-left offline proof (release gate)	2026-10-04T06:59:45.2196004Z apiVersion: v1
release	shift-left offline proof (release gate)	2026-10-04T06:59:45.2196201Z kind: Pod
release	shift-left offline proof (release gate)	2026-10-04T06:59:45.2196385Z metadata:
release	shift-left offline proof (release gate)	2026-10-04T06:59:45.2196561Z   labels:
release	shift-left offline proof (release gate)	2026-10-04T06:59:45.2196801Z     policy-as-versioned.dev/policy-version: 6.0.0
release	shift-left offline proof (release gate)	2026-10-04T06:59:45.2197128Z     posture.acme.io/caged: "true"
release	shift-left offline proof (release gate)	2026-10-04T06:59:45.2197408Z     posture.acme.io/tier: isolated
release	shift-left offline proof (release gate)	2026-10-04T06:59:45.2197680Z     posture.acme.io/version: 6.0.0
release	shift-left offline proof (release gate)	2026-10-04T06:59:45.2197933Z   name: checkout-svc
release	shift-left offline proof (release gate)	2026-10-04T06:59:45.2198158Z   namespace: default
release	shift-left offline proof (release gate)	2026-10-04T06:59:45.2198362Z spec:
release	shift-left offline proof (release gate)	2026-10-04T06:59:45.2198549Z   containers:
release	shift-left offline proof (release gate)	2026-10-04T06:59:45.2198748Z   - image: nginx
release	shift-left offline proof (release gate)	2026-10-04T06:59:45.2198946Z     name: c
release	shift-left offline proof (release gate)	2026-10-04T06:59:45.2199132Z     resources:
release	shift-left offline proof (release gate)	2026-10-04T06:59:45.2199467Z       limits:
release	shift-left offline proof (release gate)	2026-10-04T06:59:45.2199664Z         cpu: 100m
release	shift-left offline proof (release gate)	2026-10-04T06:59:45.2199868Z         memory: 64Mi
release	shift-left offline proof (release gate)	2026-10-04T06:59:45.2200081Z     securityContext:
release	shift-left offline proof (release gate)	2026-10-04T06:59:45.2200331Z       allowPrivilegeEscalation: false
release	shift-left offline proof (release gate)	2026-10-04T06:59:45.2200844Z       capabilities:
release	shift-left offline proof (release gate)	2026-10-04T06:59:45.2201066Z         drop:
release	shift-left offline proof (release gate)	2026-10-04T06:59:45.2201260Z         - ALL
release	shift-left offline proof (release gate)	2026-10-04T06:59:45.2201463Z       privileged: false
release	shift-left offline proof (release gate)	2026-10-04T06:59:45.2201710Z       readOnlyRootFilesystem: true
release	shift-left offline proof (release gate)	2026-10-04T06:59:45.2201973Z       runAsNonRoot: true
release	shift-left offline proof (release gate)	2026-10-04T06:59:45.2202369Z   - image: ghcr.io/acme/coraza-waf:cage
release	shift-left offline proof (release gate)	2026-10-04T06:59:45.2202651Z     name: waf-sidecar
release	shift-left offline proof (release gate)	2026-10-04T06:59:45.2202865Z     resources:
release	shift-left offline proof (release gate)	2026-10-04T06:59:45.2203059Z       limits:
release	shift-left offline proof (release gate)	2026-10-04T06:59:45.2203258Z         cpu: 250m
release	shift-left offline proof (release gate)	2026-10-04T06:59:45.2203464Z         memory: 256Mi
release	shift-left offline proof (release gate)	2026-10-04T06:59:45.2203683Z     securityContext:
release	shift-left offline proof (release gate)	2026-10-04T06:59:45.2203925Z       allowPrivilegeEscalation: false
release	shift-left offline proof (release gate)	2026-10-04T06:59:45.2204192Z       capabilities:
release	shift-left offline proof (release gate)	2026-10-04T06:59:45.2204396Z         drop:
release	shift-left offline proof (release gate)	2026-10-04T06:59:45.2204584Z         - ALL
release	shift-left offline proof (release gate)	2026-10-04T06:59:45.2204784Z       privileged: false
release	shift-left offline proof (release gate)	2026-10-04T06:59:45.2205026Z       readOnlyRootFilesystem: true
release	shift-left offline proof (release gate)	2026-10-04T06:59:45.2205287Z       runAsNonRoot: true
release	shift-left offline proof (release gate)	2026-10-04T06:59:45.2205508Z   hostIPC: false
release	shift-left offline proof (release gate)	2026-10-04T06:59:45.2205718Z   hostNetwork: false
release	shift-left offline proof (release gate)	2026-10-04T06:59:45.2205936Z   hostPID: false
release	shift-left offline proof (release gate)	2026-10-04T06:59:45.2206152Z   preemptionPolicy: Never
release	shift-left offline proof (release gate)	2026-10-04T06:59:45.2206391Z   priority: -10000
release	shift-left offline proof (release gate)	2026-10-04T06:59:45.2206638Z   priorityClassName: cage-isolated-6-0-0
release	shift-left offline proof (release gate)	2026-10-04T06:59:45.2206926Z   securityContext:
release	shift-left offline proof (release gate)	2026-10-04T06:59:45.2207138Z     runAsNonRoot: true
release	shift-left offline proof (release gate)	2026-10-04T06:59:45.2207275Z 
release	shift-left offline proof (release gate)	2026-10-04T06:59:45.2207350Z ---
release	shift-left offline proof (release gate)	2026-10-04T06:59:45.2207460Z 
release	shift-left offline proof (release gate)	2026-10-04T06:59:45.2207466Z 
release	shift-left offline proof (release gate)	2026-10-04T06:59:45.2207547Z Mutation:
release	shift-left offline proof (release gate)	2026-10-04T06:59:45.2207767Z Mutation has been applied successfully.
release	shift-left offline proof (release gate)	2026-10-04T06:59:45.2208147Z policy stamp-posture-6-0-0 applied to default/Pod/checkout-svc:
release	shift-left offline proof (release gate)	2026-10-04T06:59:45.2208504Z apiVersion: v1
release	shift-left offline proof (release gate)	2026-10-04T06:59:45.2208703Z kind: Pod
release	shift-left offline proof (release gate)	2026-10-04T06:59:45.2208886Z metadata:
release	shift-left offline proof (release gate)	2026-10-04T06:59:45.2209066Z   labels:
release	shift-left offline proof (release gate)	2026-10-04T06:59:45.2209310Z     policy-as-versioned.dev/policy-version: 6.0.0
release	shift-left offline proof (release gate)	2026-10-04T06:59:45.2209638Z     posture.acme.io/caged: "true"
release	shift-left offline proof (release gate)	2026-10-04T06:59:45.2209910Z     posture.acme.io/tier: isolated
release	shift-left offline proof (release gate)	2026-10-04T06:59:45.2210179Z     posture.acme.io/version: 6.0.0
release	shift-left offline proof (release gate)	2026-10-04T06:59:45.2210434Z   name: checkout-svc
release	shift-left offline proof (release gate)	2026-10-04T06:59:45.2210973Z   namespace: default
release	shift-left offline proof (release gate)	2026-10-04T06:59:45.2211204Z spec:
release	shift-left offline proof (release gate)	2026-10-04T06:59:45.2211406Z   containers:
release	shift-left offline proof (release gate)	2026-10-04T06:59:45.2211617Z   - image: nginx
release	shift-left offline proof (release gate)	2026-10-04T06:59:45.2211815Z     name: c
release	shift-left offline proof (release gate)	2026-10-04T06:59:45.2211999Z     resources:
release	shift-left offline proof (release gate)	2026-10-04T06:59:45.2212198Z       limits:
release	shift-left offline proof (release gate)	2026-10-04T06:59:45.2212394Z         cpu: 100m
release	shift-left offline proof (release gate)	2026-10-04T06:59:45.2212596Z         memory: 64Mi
release	shift-left offline proof (release gate)	2026-10-04T06:59:45.2212810Z     securityContext:
release	shift-left offline proof (release gate)	2026-10-04T06:59:45.2213058Z       allowPrivilegeEscalation: false
release	shift-left offline proof (release gate)	2026-10-04T06:59:45.2213338Z       capabilities:
release	shift-left offline proof (release gate)	2026-10-04T06:59:45.2213546Z         drop:
release	shift-left offline proof (release gate)	2026-10-04T06:59:45.2213737Z         - ALL
release	shift-left offline proof (release gate)	2026-10-04T06:59:45.2213942Z       privileged: false
release	shift-left offline proof (release gate)	2026-10-04T06:59:45.2214194Z       readOnlyRootFilesystem: true
release	shift-left offline proof (release gate)	2026-10-04T06:59:45.2214459Z       runAsNonRoot: true
release	shift-left offline proof (release gate)	2026-10-04T06:59:45.2214710Z   - image: ghcr.io/acme/coraza-waf:cage
release	shift-left offline proof (release gate)	2026-10-04T06:59:45.2214986Z     name: waf-sidecar
release	shift-left offline proof (release gate)	2026-10-04T06:59:45.2215198Z     resources:
release	shift-left offline proof (release gate)	2026-10-04T06:59:45.2215388Z       limits:
release	shift-left offline proof (release gate)	2026-10-04T06:59:45.2215572Z         cpu: 250m
release	shift-left offline proof (release gate)	2026-10-04T06:59:45.2215773Z         memory: 256Mi
release	shift-left offline proof (release gate)	2026-10-04T06:59:45.2215993Z     securityContext:
release	shift-left offline proof (release gate)	2026-10-04T06:59:45.2216234Z       allowPrivilegeEscalation: false
release	shift-left offline proof (release gate)	2026-10-04T06:59:45.2216500Z       capabilities:
release	shift-left offline proof (release gate)	2026-10-04T06:59:45.2216705Z         drop:
release	shift-left offline proof (release gate)	2026-10-04T06:59:45.2216900Z         - ALL
release	shift-left offline proof (release gate)	2026-10-04T06:59:45.2217098Z       privileged: false
release	shift-left offline proof (release gate)	2026-10-04T06:59:45.2217338Z       readOnlyRootFilesystem: true
release	shift-left offline proof (release gate)	2026-10-04T06:59:45.2217600Z       runAsNonRoot: true
release	shift-left offline proof (release gate)	2026-10-04T06:59:45.2217824Z   hostIPC: false
release	shift-left offline proof (release gate)	2026-10-04T06:59:45.2218174Z   hostNetwork: false
release	shift-left offline proof (release gate)	2026-10-04T06:59:45.2218384Z   hostPID: false
release	shift-left offline proof (release gate)	2026-10-04T06:59:45.2218603Z   preemptionPolicy: Never
release	shift-left offline proof (release gate)	2026-10-04T06:59:45.2218840Z   priority: -10000
release	shift-left offline proof (release gate)	2026-10-04T06:59:45.2219084Z   priorityClassName: cage-isolated-6-0-0
release	shift-left offline proof (release gate)	2026-10-04T06:59:45.2219362Z   securityContext:
release	shift-left offline proof (release gate)	2026-10-04T06:59:45.2219580Z     runAsNonRoot: true
release	shift-left offline proof (release gate)	2026-10-04T06:59:45.2219711Z 
release	shift-left offline proof (release gate)	2026-10-04T06:59:45.2219792Z ---
release	shift-left offline proof (release gate)	2026-10-04T06:59:45.2219892Z 
release	shift-left offline proof (release gate)	2026-10-04T06:59:45.2219898Z 
release	shift-left offline proof (release gate)	2026-10-04T06:59:45.2219984Z Mutation:
release	shift-left offline proof (release gate)	2026-10-04T06:59:45.2220316Z Mutation has been applied successfully.
release	shift-left offline proof (release gate)	2026-10-04T06:59:45.2220932Z policy cage-netpol-6-0-0 applied to default/Pod/checkout-svc:
release	shift-left offline proof (release gate)	2026-10-04T06:59:45.2221315Z apiVersion: networking.k8s.io/v1
release	shift-left offline proof (release gate)	2026-10-04T06:59:45.2221571Z kind: NetworkPolicy
release	shift-left offline proof (release gate)	2026-10-04T06:59:45.2221776Z metadata:
release	shift-left offline proof (release gate)	2026-10-04T06:59:45.2221961Z   labels:
release	shift-left offline proof (release gate)	2026-10-04T06:59:45.2222178Z     app.kubernetes.io/managed-by: kyverno
release	shift-left offline proof (release gate)	2026-10-04T06:59:45.2222482Z     posture.acme.io/cage: reach
release	shift-left offline proof (release gate)	2026-10-04T06:59:45.2222757Z     posture.acme.io/tier: restricted
release	shift-left offline proof (release gate)	2026-10-04T06:59:45.2223036Z   name: cage-reach-restricted
release	shift-left offline proof (release gate)	2026-10-04T06:59:45.2223288Z   namespace: default
release	shift-left offline proof (release gate)	2026-10-04T06:59:45.2223493Z spec:
release	shift-left offline proof (release gate)	2026-10-04T06:59:45.2223672Z   egress:
release	shift-left offline proof (release gate)	2026-10-04T06:59:45.2223860Z   - ports:
release	shift-left offline proof (release gate)	2026-10-04T06:59:45.2224051Z     - port: 53
release	shift-left offline proof (release gate)	2026-10-04T06:59:45.2224262Z       protocol: UDP
release	shift-left offline proof (release gate)	2026-10-04T06:59:45.2224462Z     to:
release	shift-left offline proof (release gate)	2026-10-04T06:59:45.2224662Z     - namespaceSelector:
release	shift-left offline proof (release gate)	2026-10-04T06:59:45.2224894Z         matchLabels:
release	shift-left offline proof (release gate)	2026-10-04T06:59:45.2225149Z           kubernetes.io/metadata.name: kube-system
release	shift-left offline proof (release gate)	2026-10-04T06:59:45.2225453Z   ingress:
release	shift-left offline proof (release gate)	2026-10-04T06:59:45.2225634Z   - from:
release	shift-left offline proof (release gate)	2026-10-04T06:59:45.2225828Z     - podSelector: {}
release	shift-left offline proof (release gate)	2026-10-04T06:59:45.2226039Z   podSelector:
release	shift-left offline proof (release gate)	2026-10-04T06:59:45.2226235Z     matchLabels:
release	shift-left offline proof (release gate)	2026-10-04T06:59:45.2226459Z       posture.acme.io/caged: "true"
release	shift-left offline proof (release gate)	2026-10-04T06:59:45.2226740Z       posture.acme.io/tier: restricted
release	shift-left offline proof (release gate)	2026-10-04T06:59:45.2227000Z   policyTypes:
release	shift-left offline proof (release gate)	2026-10-04T06:59:45.2227199Z   - Ingress
release	shift-left offline proof (release gate)	2026-10-04T06:59:45.2227388Z   - Egress
release	shift-left offline proof (release gate)	2026-10-04T06:59:45.2227499Z 
release	shift-left offline proof (release gate)	2026-10-04T06:59:45.2227575Z ---
release	shift-left offline proof (release gate)	2026-10-04T06:59:45.2227678Z 
release	shift-left offline proof (release gate)	2026-10-04T06:59:45.2227685Z 
release	shift-left offline proof (release gate)	2026-10-04T06:59:45.2227771Z Generate:
release	shift-left offline proof (release gate)	2026-10-04T06:59:45.2227982Z Generation completed successfully.
release	shift-left offline proof (release gate)	2026-10-04T06:59:45.2228335Z policy cage-netpol-6-0-0 applied to default/Pod/checkout-svc:
release	shift-left offline proof (release gate)	2026-10-04T06:59:45.2228702Z apiVersion: networking.k8s.io/v1
release	shift-left offline proof (release gate)	2026-10-04T06:59:45.2228956Z kind: NetworkPolicy
release	shift-left offline proof (release gate)	2026-10-04T06:59:45.2229161Z metadata:
release	shift-left offline proof (release gate)	2026-10-04T06:59:45.2229342Z   labels:
release	shift-left offline proof (release gate)	2026-10-04T06:59:45.2229564Z     app.kubernetes.io/managed-by: kyverno
release	shift-left offline proof (release gate)	2026-10-04T06:59:45.2229855Z     posture.acme.io/cage: reach
release	shift-left offline proof (release gate)	2026-10-04T06:59:45.2230125Z     posture.acme.io/tier: quarantine
release	shift-left offline proof (release gate)	2026-10-04T06:59:45.2230411Z   name: cage-reach-quarantine
release	shift-left offline proof (release gate)	2026-10-04T06:59:45.2230879Z   namespace: default
release	shift-left offline proof (release gate)	2026-10-04T06:59:45.2231093Z spec:
release	shift-left offline proof (release gate)	2026-10-04T06:59:45.2231272Z   egress:
release	shift-left offline proof (release gate)	2026-10-04T06:59:45.2231452Z   - ports:
release	shift-left offline proof (release gate)	2026-10-04T06:59:45.2231640Z     - port: 53
release	shift-left offline proof (release gate)	2026-10-04T06:59:45.2231848Z       protocol: UDP
release	shift-left offline proof (release gate)	2026-10-04T06:59:45.2232049Z     to:
release	shift-left offline proof (release gate)	2026-10-04T06:59:45.2232253Z     - namespaceSelector:
release	shift-left offline proof (release gate)	2026-10-04T06:59:45.2232482Z         matchLabels:
release	shift-left offline proof (release gate)	2026-10-04T06:59:45.2232732Z           kubernetes.io/metadata.name: kube-system
release	shift-left offline proof (release gate)	2026-10-04T06:59:45.2233020Z   ingress:
release	shift-left offline proof (release gate)	2026-10-04T06:59:45.2233210Z   - from:
release	shift-left offline proof (release gate)	2026-10-04T06:59:45.2233405Z     - podSelector: {}
release	shift-left offline proof (release gate)	2026-10-04T06:59:45.2233619Z   podSelector:
release	shift-left offline proof (release gate)	2026-10-04T06:59:45.2233817Z     matchLabels:
release	shift-left offline proof (release gate)	2026-10-04T06:59:45.2234043Z       posture.acme.io/caged: "true"
release	shift-left offline proof (release gate)	2026-10-04T06:59:45.2234328Z       posture.acme.io/tier: quarantine
release	shift-left offline proof (release gate)	2026-10-04T06:59:45.2234590Z   policyTypes:
release	shift-left offline proof (release gate)	2026-10-04T06:59:45.2234784Z   - Ingress
release	shift-left offline proof (release gate)	2026-10-04T06:59:45.2234965Z   - Egress
release	shift-left offline proof (release gate)	2026-10-04T06:59:45.2235072Z 
release	shift-left offline proof (release gate)	2026-10-04T06:59:45.2235146Z ---
release	shift-left offline proof (release gate)	2026-10-04T06:59:45.2235249Z 
release	shift-left offline proof (release gate)	2026-10-04T06:59:45.2235255Z 
release	shift-left offline proof (release gate)	2026-10-04T06:59:45.2235336Z Generate:
release	shift-left offline proof (release gate)	2026-10-04T06:59:45.2235552Z Generation completed successfully.
release	shift-left offline proof (release gate)	2026-10-04T06:59:45.2235902Z policy cage-netpol-6-0-0 applied to default/Pod/checkout-svc:
release	shift-left offline proof (release gate)	2026-10-04T06:59:45.2236411Z apiVersion: networking.k8s.io/v1
release	shift-left offline proof (release gate)	2026-10-04T06:59:45.2236667Z kind: NetworkPolicy
release	shift-left offline proof (release gate)	2026-10-04T06:59:45.2236868Z metadata:
release	shift-left offline proof (release gate)	2026-10-04T06:59:45.2237047Z   labels:
release	shift-left offline proof (release gate)	2026-10-04T06:59:45.2237259Z     app.kubernetes.io/managed-by: kyverno
release	shift-left offline proof (release gate)	2026-10-04T06:59:45.2237555Z     posture.acme.io/cage: reach
release	shift-left offline proof (release gate)	2026-10-04T06:59:45.2237820Z     posture.acme.io/tier: isolated
release	shift-left offline proof (release gate)	2026-10-04T06:59:45.2238086Z   name: cage-reach-isolated
release	shift-left offline proof (release gate)	2026-10-04T06:59:45.2238327Z   namespace: default
release	shift-left offline proof (release gate)	2026-10-04T06:59:45.2238648Z spec:
release	shift-left offline proof (release gate)	2026-10-04T06:59:45.2238831Z   egress: []
release	shift-left offline proof (release gate)	2026-10-04T06:59:45.2239024Z   ingress: []
release	shift-left offline proof (release gate)	2026-10-04T06:59:45.2239220Z   podSelector:
release	shift-left offline proof (release gate)	2026-10-04T06:59:45.2239421Z     matchLabels:
release	shift-left offline proof (release gate)	2026-10-04T06:59:45.2239642Z       posture.acme.io/caged: "true"
release	shift-left offline proof (release gate)	2026-10-04T06:59:45.2239917Z       posture.acme.io/tier: isolated
release	shift-left offline proof (release gate)	2026-10-04T06:59:45.2240172Z   policyTypes:
release	shift-left offline proof (release gate)	2026-10-04T06:59:45.2240370Z   - Ingress
release	shift-left offline proof (release gate)	2026-10-04T06:59:45.2240555Z   - Egress
release	shift-left offline proof (release gate)	2026-10-04T06:59:45.2240883Z 
release	shift-left offline proof (release gate)	2026-10-04T06:59:45.2240966Z ---
release	shift-left offline proof (release gate)	2026-10-04T06:59:45.2241073Z 
release	shift-left offline proof (release gate)	2026-10-04T06:59:45.2241080Z 
release	shift-left offline proof (release gate)	2026-10-04T06:59:45.2241165Z Generate:
release	shift-left offline proof (release gate)	2026-10-04T06:59:45.2241375Z Generation completed successfully.
release	shift-left offline proof (release gate)	2026-10-04T06:59:45.2241666Z pass: 7, fail: 0, warn: 0, error: 0, skip: 0
release	shift-left offline proof (release gate)	2026-10-04T06:59:45.2241859Z 
release	shift-left offline proof (release gate)	2026-10-04T06:59:45.2259682Z shift-left: fixtures/workload-compliant.yaml is compliant on kyverno 1.18.2 across the line(s) of its window that support it ['5.0.0', '6.0.0']
release	shift-left offline proof (release gate)	2026-10-04T06:59:45.2260363Z 
release	shift-left offline proof (release gate)	2026-10-04T06:59:45.2260834Z == an unversioned workload is out of scope, passes trivially ==
release	shift-left offline proof (release gate)	2026-10-04T06:59:45.2895441Z fixtures/workload-unversioned.yaml: unversioned (no policy-as-versioned.dev/policy-version label) -- out of scope, pass
release	shift-left offline proof (release gate)	2026-10-04T06:59:45.2979465Z 
release	shift-left offline proof (release gate)	2026-10-04T06:59:45.2980569Z == a version the array doesn't declare is refused, not silently skipped ==
release	shift-left offline proof (release gate)	2026-10-04T06:59:45.3811087Z 
release	shift-left offline proof (release gate)	2026-10-04T06:59:45.3812344Z == an Audit->Deny flip is caught pre-merge (must fail CI) ==
release	shift-left offline proof (release gate)	2026-10-04T06:59:46.5887620Z NOTHING-TO-FLIP: the historical flip fixture was observed compliant across distribution/versions.yaml (5.0.0 6.0.0). The cage changes need not narrow that fixture's validation verdict. The flip proof runs against shift-left/fixtures/flip-window.yaml, which is not served.
release	shift-left offline proof (release gate)	2026-10-04T06:59:46.5955581Z window read from: shift-left/fixtures/flip-window.yaml
release	shift-left offline proof (release gate)	2026-10-04T06:59:47.7233572Z fixtures/workload-flip.yaml: targets 5.0.0, checking supported window ['4.0.0', '5.0.0']
release	shift-left offline proof (release gate)	2026-10-04T06:59:47.7234983Z declared engine: kyverno 1.18.2 (read from fixtures/engine/kyverno.yaml, --engine-declaration fixtures/engine/kyverno.yaml)
release	shift-left offline proof (release gate)	2026-10-04T06:59:47.7236032Z --- kyverno apply @ v4.0.0 ---
release	shift-left offline proof (release gate)	2026-10-04T06:59:47.7236531Z Applying 5 policy rule(s) to 1 resource(s)...
release	shift-left offline proof (release gate)	2026-10-04T06:59:47.7236895Z 
release	shift-left offline proof (release gate)	2026-10-04T06:59:47.7237190Z policy cage-tier-4-0-0 applied to default/Pod/checkout-svc:
release	shift-left offline proof (release gate)	2026-10-04T06:59:47.7237776Z apiVersion: v1
release	shift-left offline proof (release gate)	2026-10-04T06:59:47.7238114Z kind: Pod
release	shift-left offline proof (release gate)	2026-10-04T06:59:47.7238411Z metadata:
release	shift-left offline proof (release gate)	2026-10-04T06:59:47.7238713Z   labels:
release	shift-left offline proof (release gate)	2026-10-04T06:59:47.7239101Z     policy-as-versioned.dev/policy-version: 4.0.0
release	shift-left offline proof (release gate)	2026-10-04T06:59:47.7239648Z     posture.acme.io/caged: "true"
release	shift-left offline proof (release gate)	2026-10-04T06:59:47.7240110Z     posture.acme.io/tier: baseline
release	shift-left offline proof (release gate)	2026-10-04T06:59:47.7240409Z     posture.acme.io/version: 4.0.0
release	shift-left offline proof (release gate)	2026-10-04T06:59:47.7240926Z   name: checkout-svc
release	shift-left offline proof (release gate)	2026-10-04T06:59:47.7241158Z   namespace: default
release	shift-left offline proof (release gate)	2026-10-04T06:59:47.7241361Z spec:
release	shift-left offline proof (release gate)	2026-10-04T06:59:47.7241538Z   containers:
release	shift-left offline proof (release gate)	2026-10-04T06:59:47.7241767Z   - image: nginx
release	shift-left offline proof (release gate)	2026-10-04T06:59:47.7241958Z     name: c
release	shift-left offline proof (release gate)	2026-10-04T06:59:47.7242147Z     resources:
release	shift-left offline proof (release gate)	2026-10-04T06:59:47.7242331Z       limits:
release	shift-left offline proof (release gate)	2026-10-04T06:59:47.7242516Z         cpu: 500m
release	shift-left offline proof (release gate)	2026-10-04T06:59:47.7242713Z         memory: 256Mi
release	shift-left offline proof (release gate)	2026-10-04T06:59:47.7242926Z     securityContext:
release	shift-left offline proof (release gate)	2026-10-04T06:59:47.7243168Z       allowPrivilegeEscalation: false
release	shift-left offline proof (release gate)	2026-10-04T06:59:47.7243442Z       privileged: false
release	shift-left offline proof (release gate)	2026-10-04T06:59:47.7243682Z       readOnlyRootFilesystem: false
release	shift-left offline proof (release gate)	2026-10-04T06:59:47.7243948Z       runAsNonRoot: false
release	shift-left offline proof (release gate)	2026-10-04T06:59:47.7244458Z   hostIPC: false
release	shift-left offline proof (release gate)	2026-10-04T06:59:47.7244658Z   hostNetwork: false
release	shift-left offline proof (release gate)	2026-10-04T06:59:47.7244862Z   hostPID: false
release	shift-left offline proof (release gate)	2026-10-04T06:59:47.7245064Z   preemptionPolicy: Never
release	shift-left offline proof (release gate)	2026-10-04T06:59:47.7245294Z   priority: -10
release	shift-left offline proof (release gate)	2026-10-04T06:59:47.7245525Z   priorityClassName: cage-baseline-4-0-0
release	shift-left offline proof (release gate)	2026-10-04T06:59:47.7245801Z   securityContext:
release	shift-left offline proof (release gate)	2026-10-04T06:59:47.7246012Z     runAsNonRoot: true
release	shift-left offline proof (release gate)	2026-10-04T06:59:47.7246252Z 
release	shift-left offline proof (release gate)	2026-10-04T06:59:47.7246330Z ---
release	shift-left offline proof (release gate)	2026-10-04T06:59:47.7246427Z 
release	shift-left offline proof (release gate)	2026-10-04T06:59:47.7246431Z 
release	shift-left offline proof (release gate)	2026-10-04T06:59:47.7246647Z Mutation:
release	shift-left offline proof (release gate)	2026-10-04T06:59:47.7246851Z Mutation has been applied successfully.
release	shift-left offline proof (release gate)	2026-10-04T06:59:47.7247198Z policy cage-tier-4-0-0 applied to default/Pod/checkout-svc:
release	shift-left offline proof (release gate)	2026-10-04T06:59:47.7247534Z apiVersion: v1
release	shift-left offline proof (release gate)	2026-10-04T06:59:47.7247724Z kind: Pod
release	shift-left offline proof (release gate)	2026-10-04T06:59:47.7247902Z metadata:
release	shift-left offline proof (release gate)	2026-10-04T06:59:47.7248072Z   labels:
release	shift-left offline proof (release gate)	2026-10-04T06:59:47.7248302Z     policy-as-versioned.dev/policy-version: 4.0.0
release	shift-left offline proof (release gate)	2026-10-04T06:59:47.7248622Z     posture.acme.io/caged: "true"
release	shift-left offline proof (release gate)	2026-10-04T06:59:47.7248885Z     posture.acme.io/tier: baseline
release	shift-left offline proof (release gate)	2026-10-04T06:59:47.7249146Z     posture.acme.io/version: 4.0.0
release	shift-left offline proof (release gate)	2026-10-04T06:59:47.7249387Z   name: checkout-svc
release	shift-left offline proof (release gate)	2026-10-04T06:59:47.7249593Z   namespace: default
release	shift-left offline proof (release gate)	2026-10-04T06:59:47.7249789Z spec:
release	shift-left offline proof (release gate)	2026-10-04T06:59:47.7249962Z   containers:
release	shift-left offline proof (release gate)	2026-10-04T06:59:47.7250157Z   - image: nginx
release	shift-left offline proof (release gate)	2026-10-04T06:59:47.7250346Z     name: c
release	shift-left offline proof (release gate)	2026-10-04T06:59:47.7250523Z     resources:
release	shift-left offline proof (release gate)	2026-10-04T06:59:47.7251001Z       limits:
release	shift-left offline proof (release gate)	2026-10-04T06:59:47.7251198Z         cpu: 500m
release	shift-left offline proof (release gate)	2026-10-04T06:59:47.7251407Z         memory: 256Mi
release	shift-left offline proof (release gate)	2026-10-04T06:59:47.7251618Z     securityContext:
release	shift-left offline proof (release gate)	2026-10-04T06:59:47.7251850Z       allowPrivilegeEscalation: false
release	shift-left offline proof (release gate)	2026-10-04T06:59:47.7252119Z       privileged: false
release	shift-left offline proof (release gate)	2026-10-04T06:59:47.7252353Z       readOnlyRootFilesystem: false
release	shift-left offline proof (release gate)	2026-10-04T06:59:47.7252616Z       runAsNonRoot: false
release	shift-left offline proof (release gate)	2026-10-04T06:59:47.7252834Z   hostIPC: false
release	shift-left offline proof (release gate)	2026-10-04T06:59:47.7253033Z   hostNetwork: false
release	shift-left offline proof (release gate)	2026-10-04T06:59:47.7253232Z   hostPID: false
release	shift-left offline proof (release gate)	2026-10-04T06:59:47.7253442Z   preemptionPolicy: Never
release	shift-left offline proof (release gate)	2026-10-04T06:59:47.7253668Z   priority: -10
release	shift-left offline proof (release gate)	2026-10-04T06:59:47.7253909Z   priorityClassName: cage-baseline-4-0-0
release	shift-left offline proof (release gate)	2026-10-04T06:59:47.7254184Z   securityContext:
release	shift-left offline proof (release gate)	2026-10-04T06:59:47.7254391Z     runAsNonRoot: true
release	shift-left offline proof (release gate)	2026-10-04T06:59:47.7254521Z 
release	shift-left offline proof (release gate)	2026-10-04T06:59:47.7254595Z ---
release	shift-left offline proof (release gate)	2026-10-04T06:59:47.7254689Z 
release	shift-left offline proof (release gate)	2026-10-04T06:59:47.7254692Z 
release	shift-left offline proof (release gate)	2026-10-04T06:59:47.7254770Z Mutation:
release	shift-left offline proof (release gate)	2026-10-04T06:59:47.7254979Z Mutation has been applied successfully.
release	shift-left offline proof (release gate)	2026-10-04T06:59:47.7255339Z policy stamp-posture-4-0-0 applied to default/Pod/checkout-svc:
release	shift-left offline proof (release gate)	2026-10-04T06:59:47.7255694Z apiVersion: v1
release	shift-left offline proof (release gate)	2026-10-04T06:59:47.7255880Z kind: Pod
release	shift-left offline proof (release gate)	2026-10-04T06:59:47.7256055Z metadata:
release	shift-left offline proof (release gate)	2026-10-04T06:59:47.7256223Z   labels:
release	shift-left offline proof (release gate)	2026-10-04T06:59:47.7256449Z     policy-as-versioned.dev/policy-version: 4.0.0
release	shift-left offline proof (release gate)	2026-10-04T06:59:47.7256759Z     posture.acme.io/caged: "true"
release	shift-left offline proof (release gate)	2026-10-04T06:59:47.7257009Z     posture.acme.io/tier: baseline
release	shift-left offline proof (release gate)	2026-10-04T06:59:47.7257259Z     posture.acme.io/version: 4.0.0
release	shift-left offline proof (release gate)	2026-10-04T06:59:47.7257505Z   name: checkout-svc
release	shift-left offline proof (release gate)	2026-10-04T06:59:47.7257708Z   namespace: default
release	shift-left offline proof (release gate)	2026-10-04T06:59:47.7257902Z spec:
release	shift-left offline proof (release gate)	2026-10-04T06:59:47.7258073Z   containers:
release	shift-left offline proof (release gate)	2026-10-04T06:59:47.7258263Z   - image: nginx
release	shift-left offline proof (release gate)	2026-10-04T06:59:47.7258453Z     name: c
release	shift-left offline proof (release gate)	2026-10-04T06:59:47.7258630Z     resources:
release	shift-left offline proof (release gate)	2026-10-04T06:59:47.7258813Z       limits:
release	shift-left offline proof (release gate)	2026-10-04T06:59:47.7258993Z         cpu: 500m
release	shift-left offline proof (release gate)	2026-10-04T06:59:47.7259184Z         memory: 256Mi
release	shift-left offline proof (release gate)	2026-10-04T06:59:47.7259390Z     securityContext:
release	shift-left offline proof (release gate)	2026-10-04T06:59:47.7259613Z       allowPrivilegeEscalation: false
release	shift-left offline proof (release gate)	2026-10-04T06:59:47.7259882Z       privileged: false
release	shift-left offline proof (release gate)	2026-10-04T06:59:47.7260110Z       readOnlyRootFilesystem: false
release	shift-left offline proof (release gate)	2026-10-04T06:59:47.7260368Z       runAsNonRoot: false
release	shift-left offline proof (release gate)	2026-10-04T06:59:47.7260829Z   hostIPC: false
release	shift-left offline proof (release gate)	2026-10-04T06:59:47.7261091Z   hostNetwork: false
release	shift-left offline proof (release gate)	2026-10-04T06:59:47.7261301Z   hostPID: false
release	shift-left offline proof (release gate)	2026-10-04T06:59:47.7261506Z   preemptionPolicy: Never
release	shift-left offline proof (release gate)	2026-10-04T06:59:47.7261737Z   priority: -10
release	shift-left offline proof (release gate)	2026-10-04T06:59:47.7261966Z   priorityClassName: cage-baseline-4-0-0
release	shift-left offline proof (release gate)	2026-10-04T06:59:47.7262389Z   securityContext:
release	shift-left offline proof (release gate)	2026-10-04T06:59:47.7262644Z     runAsNonRoot: true
release	shift-left offline proof (release gate)	2026-10-04T06:59:47.7262799Z 
release	shift-left offline proof (release gate)	2026-10-04T06:59:47.7262876Z ---
release	shift-left offline proof (release gate)	2026-10-04T06:59:47.7262986Z 
release	shift-left offline proof (release gate)	2026-10-04T06:59:47.7263013Z 
release	shift-left offline proof (release gate)	2026-10-04T06:59:47.7263103Z Mutation:
release	shift-left offline proof (release gate)	2026-10-04T06:59:47.7263356Z Mutation has been applied successfully.
release	shift-left offline proof (release gate)	2026-10-04T06:59:47.7263751Z policy stamp-posture-4-0-0 applied to default/Pod/checkout-svc:
release	shift-left offline proof (release gate)	2026-10-04T06:59:47.7264098Z apiVersion: v1
release	shift-left offline proof (release gate)	2026-10-04T06:59:47.7264286Z kind: Pod
release	shift-left offline proof (release gate)	2026-10-04T06:59:47.7264583Z metadata:
release	shift-left offline proof (release gate)	2026-10-04T06:59:47.7264752Z   labels:
release	shift-left offline proof (release gate)	2026-10-04T06:59:47.7264971Z     policy-as-versioned.dev/policy-version: 4.0.0
release	shift-left offline proof (release gate)	2026-10-04T06:59:47.7265280Z     posture.acme.io/caged: "true"
release	shift-left offline proof (release gate)	2026-10-04T06:59:47.7265536Z     posture.acme.io/tier: baseline
release	shift-left offline proof (release gate)	2026-10-04T06:59:47.7265788Z     posture.acme.io/version: 4.0.0
release	shift-left offline proof (release gate)	2026-10-04T06:59:47.7266028Z   name: checkout-svc
release	shift-left offline proof (release gate)	2026-10-04T06:59:47.7266233Z   namespace: default
release	shift-left offline proof (release gate)	2026-10-04T06:59:47.7266427Z spec:
release	shift-left offline proof (release gate)	2026-10-04T06:59:47.7266601Z   containers:
release	shift-left offline proof (release gate)	2026-10-04T06:59:47.7266788Z   - image: nginx
release	shift-left offline proof (release gate)	2026-10-04T06:59:47.7266977Z     name: c
release	shift-left offline proof (release gate)	2026-10-04T06:59:47.7267160Z     resources:
release	shift-left offline proof (release gate)	2026-10-04T06:59:47.7267343Z       limits:
release	shift-left offline proof (release gate)	2026-10-04T06:59:47.7267520Z         cpu: 500m
release	shift-left offline proof (release gate)	2026-10-04T06:59:47.7267711Z         memory: 256Mi
release	shift-left offline proof (release gate)	2026-10-04T06:59:47.7267919Z     securityContext:
release	shift-left offline proof (release gate)	2026-10-04T06:59:47.7268149Z       allowPrivilegeEscalation: false
release	shift-left offline proof (release gate)	2026-10-04T06:59:47.7268419Z       privileged: false
release	shift-left offline proof (release gate)	2026-10-04T06:59:47.7268648Z       readOnlyRootFilesystem: false
release	shift-left offline proof (release gate)	2026-10-04T06:59:47.7268909Z       runAsNonRoot: false
release	shift-left offline proof (release gate)	2026-10-04T06:59:47.7269125Z   hostIPC: false
release	shift-left offline proof (release gate)	2026-10-04T06:59:47.7269320Z   hostNetwork: false
release	shift-left offline proof (release gate)	2026-10-04T06:59:47.7269543Z   hostPID: false
release	shift-left offline proof (release gate)	2026-10-04T06:59:47.7269747Z   preemptionPolicy: Never
release	shift-left offline proof (release gate)	2026-10-04T06:59:47.7269973Z   priority: -10
release	shift-left offline proof (release gate)	2026-10-04T06:59:47.7270197Z   priorityClassName: cage-baseline-4-0-0
release	shift-left offline proof (release gate)	2026-10-04T06:59:47.7270468Z   securityContext:
release	shift-left offline proof (release gate)	2026-10-04T06:59:47.7270944Z     runAsNonRoot: true
release	shift-left offline proof (release gate)	2026-10-04T06:59:47.7271096Z 
release	shift-left offline proof (release gate)	2026-10-04T06:59:47.7271166Z ---
release	shift-left offline proof (release gate)	2026-10-04T06:59:47.7271267Z 
release	shift-left offline proof (release gate)	2026-10-04T06:59:47.7271270Z 
release	shift-left offline proof (release gate)	2026-10-04T06:59:47.7271348Z Mutation:
release	shift-left offline proof (release gate)	2026-10-04T06:59:47.7271793Z Mutation has been applied successfully.policy require-nonroot-4-0-0 -> resource default/Pod/checkout-svc failed:
release	shift-left offline proof (release gate)	2026-10-04T06:59:47.7272476Z 1 -  pods on policy-version 4.0.0 must set readOnlyRootFilesystem=true on every container
release	shift-left offline proof (release gate)	2026-10-04T06:59:47.7272818Z 
release	shift-left offline proof (release gate)	2026-10-04T06:59:47.7272931Z pass: 6, fail: 1, warn: 0, error: 0, skip: 0
release	shift-left offline proof (release gate)	2026-10-04T06:59:47.7273341Z FAIL @ v4.0.0 (Audit->Deny flip: passes today's Audit, would be denied on promotion)
release	shift-left offline proof (release gate)	2026-10-04T06:59:47.7273747Z --- kyverno apply @ v5.0.0 ---
release	shift-left offline proof (release gate)	2026-10-04T06:59:47.7274018Z Applying 5 policy rule(s) to 1 resource(s)...
release	shift-left offline proof (release gate)	2026-10-04T06:59:47.7274222Z 
release	shift-left offline proof (release gate)	2026-10-04T06:59:47.7274379Z policy cage-tier-5-0-0 applied to default/Pod/checkout-svc:
release	shift-left offline proof (release gate)	2026-10-04T06:59:47.7274708Z apiVersion: v1
release	shift-left offline proof (release gate)	2026-10-04T06:59:47.7274902Z kind: Pod
release	shift-left offline proof (release gate)	2026-10-04T06:59:47.7275080Z metadata:
release	shift-left offline proof (release gate)	2026-10-04T06:59:47.7275252Z   labels:
release	shift-left offline proof (release gate)	2026-10-04T06:59:47.7275473Z     policy-as-versioned.dev/policy-version: 5.0.0
release	shift-left offline proof (release gate)	2026-10-04T06:59:47.7275782Z     posture.acme.io/caged: "true"
release	shift-left offline proof (release gate)	2026-10-04T06:59:47.7276039Z     posture.acme.io/tier: isolated
release	shift-left offline proof (release gate)	2026-10-04T06:59:47.7276296Z     posture.acme.io/version: 5.0.0
release	shift-left offline proof (release gate)	2026-10-04T06:59:47.7276544Z   name: checkout-svc
release	shift-left offline proof (release gate)	2026-10-04T06:59:47.7276750Z   namespace: default
release	shift-left offline proof (release gate)	2026-10-04T06:59:47.7276945Z spec:
release	shift-left offline proof (release gate)	2026-10-04T06:59:47.7277125Z   containers:
release	shift-left offline proof (release gate)	2026-10-04T06:59:47.7277314Z   - image: nginx
release	shift-left offline proof (release gate)	2026-10-04T06:59:47.7277503Z     name: c
release	shift-left offline proof (release gate)	2026-10-04T06:59:47.7277682Z     resources:
release	shift-left offline proof (release gate)	2026-10-04T06:59:47.7277864Z       limits:
release	shift-left offline proof (release gate)	2026-10-04T06:59:47.7278043Z         cpu: 100m
release	shift-left offline proof (release gate)	2026-10-04T06:59:47.7278235Z         memory: 64Mi
release	shift-left offline proof (release gate)	2026-10-04T06:59:47.7278435Z     securityContext:
release	shift-left offline proof (release gate)	2026-10-04T06:59:47.7278659Z       allowPrivilegeEscalation: false
release	shift-left offline proof (release gate)	2026-10-04T06:59:47.7278921Z       capabilities:
release	shift-left offline proof (release gate)	2026-10-04T06:59:47.7279116Z         drop:
release	shift-left offline proof (release gate)	2026-10-04T06:59:47.7279296Z         - ALL
release	shift-left offline proof (release gate)	2026-10-04T06:59:47.7279488Z       privileged: false
release	shift-left offline proof (release gate)	2026-10-04T06:59:47.7279854Z       readOnlyRootFilesystem: true
release	shift-left offline proof (release gate)	2026-10-04T06:59:47.7280108Z       runAsNonRoot: true
release	shift-left offline proof (release gate)	2026-10-04T06:59:47.7280393Z   - image: ghcr.io/acme/coraza-waf:cage
release	shift-left offline proof (release gate)	2026-10-04T06:59:47.7281014Z     name: waf-sidecar
release	shift-left offline proof (release gate)	2026-10-04T06:59:47.7281234Z     resources:
release	shift-left offline proof (release gate)	2026-10-04T06:59:47.7281421Z       limits:
release	shift-left offline proof (release gate)	2026-10-04T06:59:47.7281602Z         cpu: 250m
release	shift-left offline proof (release gate)	2026-10-04T06:59:47.7281798Z         memory: 256Mi
release	shift-left offline proof (release gate)	2026-10-04T06:59:47.7282003Z     securityContext:
release	shift-left offline proof (release gate)	2026-10-04T06:59:47.7282235Z       allowPrivilegeEscalation: false
release	shift-left offline proof (release gate)	2026-10-04T06:59:47.7282720Z       capabilities:
release	shift-left offline proof (release gate)	2026-10-04T06:59:47.7282939Z         drop:
release	shift-left offline proof (release gate)	2026-10-04T06:59:47.7283122Z         - ALL
release	shift-left offline proof (release gate)	2026-10-04T06:59:47.7283311Z       privileged: false
release	shift-left offline proof (release gate)	2026-10-04T06:59:47.7283544Z       readOnlyRootFilesystem: true
release	shift-left offline proof (release gate)	2026-10-04T06:59:47.7283794Z       runAsNonRoot: true
release	shift-left offline proof (release gate)	2026-10-04T06:59:47.7284032Z   hostIPC: false
release	shift-left offline proof (release gate)	2026-10-04T06:59:47.7284254Z   hostNetwork: false
release	shift-left offline proof (release gate)	2026-10-04T06:59:47.7284518Z   hostPID: false
release	shift-left offline proof (release gate)	2026-10-04T06:59:47.7284770Z   preemptionPolicy: Never
release	shift-left offline proof (release gate)	2026-10-04T06:59:47.7285060Z   priority: -10000
release	shift-left offline proof (release gate)	2026-10-04T06:59:47.7285334Z   priorityClassName: cage-isolated-5-0-0
release	shift-left offline proof (release gate)	2026-10-04T06:59:47.7285604Z   securityContext:
release	shift-left offline proof (release gate)	2026-10-04T06:59:47.7285811Z     runAsNonRoot: true
release	shift-left offline proof (release gate)	2026-10-04T06:59:47.7285937Z 
release	shift-left offline proof (release gate)	2026-10-04T06:59:47.7286012Z ---
release	shift-left offline proof (release gate)	2026-10-04T06:59:47.7286106Z 
release	shift-left offline proof (release gate)	2026-10-04T06:59:47.7286110Z 
release	shift-left offline proof (release gate)	2026-10-04T06:59:47.7286187Z Mutation:
release	shift-left offline proof (release gate)	2026-10-04T06:59:47.7286388Z Mutation has been applied successfully.
release	shift-left offline proof (release gate)	2026-10-04T06:59:47.7286731Z policy cage-tier-5-0-0 applied to default/Pod/checkout-svc:
release	shift-left offline proof (release gate)	2026-10-04T06:59:47.7287067Z apiVersion: v1
release	shift-left offline proof (release gate)	2026-10-04T06:59:47.7287265Z kind: Pod
release	shift-left offline proof (release gate)	2026-10-04T06:59:47.7287449Z metadata:
release	shift-left offline proof (release gate)	2026-10-04T06:59:47.7287624Z   labels:
release	shift-left offline proof (release gate)	2026-10-04T06:59:47.7287858Z     policy-as-versioned.dev/policy-version: 5.0.0
release	shift-left offline proof (release gate)	2026-10-04T06:59:47.7288188Z     posture.acme.io/caged: "true"
release	shift-left offline proof (release gate)	2026-10-04T06:59:47.7288448Z     posture.acme.io/tier: isolated
release	shift-left offline proof (release gate)	2026-10-04T06:59:47.7288705Z     posture.acme.io/version: 5.0.0
release	shift-left offline proof (release gate)	2026-10-04T06:59:47.7288956Z   name: checkout-svc
release	shift-left offline proof (release gate)	2026-10-04T06:59:47.7289167Z   namespace: default
release	shift-left offline proof (release gate)	2026-10-04T06:59:47.7289367Z spec:
release	shift-left offline proof (release gate)	2026-10-04T06:59:47.7289543Z   containers:
release	shift-left offline proof (release gate)	2026-10-04T06:59:47.7289734Z   - image: nginx
release	shift-left offline proof (release gate)	2026-10-04T06:59:47.7289922Z     name: c
release	shift-left offline proof (release gate)	2026-10-04T06:59:47.7290099Z     resources:
release	shift-left offline proof (release gate)	2026-10-04T06:59:47.7290284Z       limits:
release	shift-left offline proof (release gate)	2026-10-04T06:59:47.7290467Z         cpu: 100m
release	shift-left offline proof (release gate)	2026-10-04T06:59:47.7290894Z         memory: 64Mi
release	shift-left offline proof (release gate)	2026-10-04T06:59:47.7291106Z     securityContext:
release	shift-left offline proof (release gate)	2026-10-04T06:59:47.7291337Z       allowPrivilegeEscalation: false
release	shift-left offline proof (release gate)	2026-10-04T06:59:47.7291604Z       capabilities:
release	shift-left offline proof (release gate)	2026-10-04T06:59:47.7291802Z         drop:
release	shift-left offline proof (release gate)	2026-10-04T06:59:47.7291988Z         - ALL
release	shift-left offline proof (release gate)	2026-10-04T06:59:47.7292181Z       privileged: false
release	shift-left offline proof (release gate)	2026-10-04T06:59:47.7292417Z       readOnlyRootFilesystem: true
release	shift-left offline proof (release gate)	2026-10-04T06:59:47.7292670Z       runAsNonRoot: true
release	shift-left offline proof (release gate)	2026-10-04T06:59:47.7292908Z   - image: ghcr.io/acme/coraza-waf:cage
release	shift-left offline proof (release gate)	2026-10-04T06:59:47.7293174Z     name: waf-sidecar
release	shift-left offline proof (release gate)	2026-10-04T06:59:47.7293376Z     resources:
release	shift-left offline proof (release gate)	2026-10-04T06:59:47.7293566Z       limits:
release	shift-left offline proof (release gate)	2026-10-04T06:59:47.7293741Z         cpu: 250m
release	shift-left offline proof (release gate)	2026-10-04T06:59:47.7293931Z         memory: 256Mi
release	shift-left offline proof (release gate)	2026-10-04T06:59:47.7294137Z     securityContext:
release	shift-left offline proof (release gate)	2026-10-04T06:59:47.7294366Z       allowPrivilegeEscalation: false
release	shift-left offline proof (release gate)	2026-10-04T06:59:47.7294624Z       capabilities:
release	shift-left offline proof (release gate)	2026-10-04T06:59:47.7294819Z         drop:
release	shift-left offline proof (release gate)	2026-10-04T06:59:47.7295001Z         - ALL
release	shift-left offline proof (release gate)	2026-10-04T06:59:47.7295187Z       privileged: false
release	shift-left offline proof (release gate)	2026-10-04T06:59:47.7295414Z       readOnlyRootFilesystem: true
release	shift-left offline proof (release gate)	2026-10-04T06:59:47.7295667Z       runAsNonRoot: true
release	shift-left offline proof (release gate)	2026-10-04T06:59:47.7295885Z   hostIPC: false
release	shift-left offline proof (release gate)	2026-10-04T06:59:47.7296090Z   hostNetwork: false
release	shift-left offline proof (release gate)	2026-10-04T06:59:47.7296294Z   hostPID: false
release	shift-left offline proof (release gate)	2026-10-04T06:59:47.7296498Z   preemptionPolicy: Never
release	shift-left offline proof (release gate)	2026-10-04T06:59:47.7296724Z   priority: -10000
release	shift-left offline proof (release gate)	2026-10-04T06:59:47.7296956Z   priorityClassName: cage-isolated-5-0-0
release	shift-left offline proof (release gate)	2026-10-04T06:59:47.7297228Z   securityContext:
release	shift-left offline proof (release gate)	2026-10-04T06:59:47.7297430Z     runAsNonRoot: true
release	shift-left offline proof (release gate)	2026-10-04T06:59:47.7297563Z 
release	shift-left offline proof (release gate)	2026-10-04T06:59:47.7297865Z ---
release	shift-left offline proof (release gate)	2026-10-04T06:59:47.7297978Z 
release	shift-left offline proof (release gate)	2026-10-04T06:59:47.7297982Z 
release	shift-left offline proof (release gate)	2026-10-04T06:59:47.7298071Z Mutation:
release	shift-left offline proof (release gate)	2026-10-04T06:59:47.7298324Z Mutation has been applied successfully.
release	shift-left offline proof (release gate)	2026-10-04T06:59:47.7298794Z policy stamp-posture-5-0-0 applied to default/Pod/checkout-svc:
release	shift-left offline proof (release gate)	2026-10-04T06:59:47.7299204Z apiVersion: v1
release	shift-left offline proof (release gate)	2026-10-04T06:59:47.7299395Z kind: Pod
release	shift-left offline proof (release gate)	2026-10-04T06:59:47.7299574Z metadata:
release	shift-left offline proof (release gate)	2026-10-04T06:59:47.7299745Z   labels:
release	shift-left offline proof (release gate)	2026-10-04T06:59:47.7299969Z     policy-as-versioned.dev/policy-version: 5.0.0
release	shift-left offline proof (release gate)	2026-10-04T06:59:47.7300283Z     posture.acme.io/caged: "true"
release	shift-left offline proof (release gate)	2026-10-04T06:59:47.7300981Z     posture.acme.io/tier: isolated
release	shift-left offline proof (release gate)	2026-10-04T06:59:47.7301253Z     posture.acme.io/version: 5.0.0
release	shift-left offline proof (release gate)	2026-10-04T06:59:47.7301500Z   name: checkout-svc
release	shift-left offline proof (release gate)	2026-10-04T06:59:47.7301708Z   namespace: default
release	shift-left offline proof (release gate)	2026-10-04T06:59:47.7301912Z spec:
release	shift-left offline proof (release gate)	2026-10-04T06:59:47.7302092Z   containers:
release	shift-left offline proof (release gate)	2026-10-04T06:59:47.7302282Z   - image: nginx
release	shift-left offline proof (release gate)	2026-10-04T06:59:47.7302472Z     name: c
release	shift-left offline proof (release gate)	2026-10-04T06:59:47.7302649Z     resources:
release	shift-left offline proof (release gate)	2026-10-04T06:59:47.7302838Z       limits:
release	shift-left offline proof (release gate)	2026-10-04T06:59:47.7303016Z         cpu: 100m
release	shift-left offline proof (release gate)	2026-10-04T06:59:47.7303204Z         memory: 64Mi
release	shift-left offline proof (release gate)	2026-10-04T06:59:47.7303400Z     securityContext:
release	shift-left offline proof (release gate)	2026-10-04T06:59:47.7303624Z       allowPrivilegeEscalation: false
release	shift-left offline proof (release gate)	2026-10-04T06:59:47.7303879Z       capabilities:
release	shift-left offline proof (release gate)	2026-10-04T06:59:47.7304072Z         drop:
release	shift-left offline proof (release gate)	2026-10-04T06:59:47.7304250Z         - ALL
release	shift-left offline proof (release gate)	2026-10-04T06:59:47.7304444Z       privileged: false
release	shift-left offline proof (release gate)	2026-10-04T06:59:47.7304677Z       readOnlyRootFilesystem: true
release	shift-left offline proof (release gate)	2026-10-04T06:59:47.7304928Z       runAsNonRoot: true
release	shift-left offline proof (release gate)	2026-10-04T06:59:47.7305168Z   - image: ghcr.io/acme/coraza-waf:cage
release	shift-left offline proof (release gate)	2026-10-04T06:59:47.7305428Z     name: waf-sidecar
release	shift-left offline proof (release gate)	2026-10-04T06:59:47.7305628Z     resources:
release	shift-left offline proof (release gate)	2026-10-04T06:59:47.7305811Z       limits:
release	shift-left offline proof (release gate)	2026-10-04T06:59:47.7305989Z         cpu: 250m
release	shift-left offline proof (release gate)	2026-10-04T06:59:47.7306182Z         memory: 256Mi
release	shift-left offline proof (release gate)	2026-10-04T06:59:47.7306387Z     securityContext:
release	shift-left offline proof (release gate)	2026-10-04T06:59:47.7306616Z       allowPrivilegeEscalation: false
release	shift-left offline proof (release gate)	2026-10-04T06:59:47.7306878Z       capabilities:
release	shift-left offline proof (release gate)	2026-10-04T06:59:47.7307072Z         drop:
release	shift-left offline proof (release gate)	2026-10-04T06:59:47.7307252Z         - ALL
release	shift-left offline proof (release gate)	2026-10-04T06:59:47.7307444Z       privileged: false
release	shift-left offline proof (release gate)	2026-10-04T06:59:47.7307674Z       readOnlyRootFilesystem: true
release	shift-left offline proof (release gate)	2026-10-04T06:59:47.7307924Z       runAsNonRoot: true
release	shift-left offline proof (release gate)	2026-10-04T06:59:47.7308136Z   hostIPC: false
release	shift-left offline proof (release gate)	2026-10-04T06:59:47.7308333Z   hostNetwork: false
release	shift-left offline proof (release gate)	2026-10-04T06:59:47.7308537Z   hostPID: false
release	shift-left offline proof (release gate)	2026-10-04T06:59:47.7308741Z   preemptionPolicy: Never
release	shift-left offline proof (release gate)	2026-10-04T06:59:47.7308966Z   priority: -10000
release	shift-left offline proof (release gate)	2026-10-04T06:59:47.7309194Z   priorityClassName: cage-isolated-5-0-0
release	shift-left offline proof (release gate)	2026-10-04T06:59:47.7309487Z   securityContext:
release	shift-left offline proof (release gate)	2026-10-04T06:59:47.7309689Z     runAsNonRoot: true
release	shift-left offline proof (release gate)	2026-10-04T06:59:47.7309817Z 
release	shift-left offline proof (release gate)	2026-10-04T06:59:47.7309894Z ---
release	shift-left offline proof (release gate)	2026-10-04T06:59:47.7309989Z 
release	shift-left offline proof (release gate)	2026-10-04T06:59:47.7309993Z 
release	shift-left offline proof (release gate)	2026-10-04T06:59:47.7310076Z Mutation:
release	shift-left offline proof (release gate)	2026-10-04T06:59:47.7310279Z Mutation has been applied successfully.
release	shift-left offline proof (release gate)	2026-10-04T06:59:47.7310922Z policy stamp-posture-5-0-0 applied to default/Pod/checkout-svc:
release	shift-left offline proof (release gate)	2026-10-04T06:59:47.7311322Z apiVersion: v1
release	shift-left offline proof (release gate)	2026-10-04T06:59:47.7311642Z kind: Pod
release	shift-left offline proof (release gate)	2026-10-04T06:59:47.7311956Z metadata:
release	shift-left offline proof (release gate)	2026-10-04T06:59:47.7312254Z   labels:
release	shift-left offline proof (release gate)	2026-10-04T06:59:47.7312657Z     policy-as-versioned.dev/policy-version: 5.0.0
release	shift-left offline proof (release gate)	2026-10-04T06:59:47.7313235Z     posture.acme.io/caged: "true"
release	shift-left offline proof (release gate)	2026-10-04T06:59:47.7313807Z     posture.acme.io/tier: isolated
release	shift-left offline proof (release gate)	2026-10-04T06:59:47.7314389Z     posture.acme.io/version: 5.0.0
release	shift-left offline proof (release gate)	2026-10-04T06:59:47.7314860Z   name: checkout-svc
release	shift-left offline proof (release gate)	2026-10-04T06:59:47.7315216Z   namespace: default
release	shift-left offline proof (release gate)	2026-10-04T06:59:47.7315552Z spec:
release	shift-left offline proof (release gate)	2026-10-04T06:59:47.7315875Z   containers:
release	shift-left offline proof (release gate)	2026-10-04T06:59:47.7316088Z   - image: nginx
release	shift-left offline proof (release gate)	2026-10-04T06:59:47.7316279Z     name: c
release	shift-left offline proof (release gate)	2026-10-04T06:59:47.7316456Z     resources:
release	shift-left offline proof (release gate)	2026-10-04T06:59:47.7316635Z       limits:
release	shift-left offline proof (release gate)	2026-10-04T06:59:47.7316819Z         cpu: 100m
release	shift-left offline proof (release gate)	2026-10-04T06:59:47.7317009Z         memory: 64Mi
release	shift-left offline proof (release gate)	2026-10-04T06:59:47.7317212Z     securityContext:
release	shift-left offline proof (release gate)	2026-10-04T06:59:47.7317442Z       allowPrivilegeEscalation: false
release	shift-left offline proof (release gate)	2026-10-04T06:59:47.7317703Z       capabilities:
release	shift-left offline proof (release gate)	2026-10-04T06:59:47.7318071Z         drop:
release	shift-left offline proof (release gate)	2026-10-04T06:59:47.7318251Z         - ALL
release	shift-left offline proof (release gate)	2026-10-04T06:59:47.7318452Z       privileged: false
release	shift-left offline proof (release gate)	2026-10-04T06:59:47.7318685Z       readOnlyRootFilesystem: true
release	shift-left offline proof (release gate)	2026-10-04T06:59:47.7318938Z       runAsNonRoot: true
release	shift-left offline proof (release gate)	2026-10-04T06:59:47.7319175Z   - image: ghcr.io/acme/coraza-waf:cage
release	shift-left offline proof (release gate)	2026-10-04T06:59:47.7319440Z     name: waf-sidecar
release	shift-left offline proof (release gate)	2026-10-04T06:59:47.7319648Z     resources:
release	shift-left offline proof (release gate)	2026-10-04T06:59:47.7319830Z       limits:
release	shift-left offline proof (release gate)	2026-10-04T06:59:47.7320009Z         cpu: 250m
release	shift-left offline proof (release gate)	2026-10-04T06:59:47.7320200Z         memory: 256Mi
release	shift-left offline proof (release gate)	2026-10-04T06:59:47.7320533Z     securityContext:
release	shift-left offline proof (release gate)	2026-10-04T06:59:47.7321081Z       allowPrivilegeEscalation: false
release	shift-left offline proof (release gate)	2026-10-04T06:59:47.7321359Z       capabilities:
release	shift-left offline proof (release gate)	2026-10-04T06:59:47.7321554Z         drop:
release	shift-left offline proof (release gate)	2026-10-04T06:59:47.7321736Z         - ALL
release	shift-left offline proof (release gate)	2026-10-04T06:59:47.7321929Z       privileged: false
release	shift-left offline proof (release gate)	2026-10-04T06:59:47.7322163Z       readOnlyRootFilesystem: true
release	shift-left offline proof (release gate)	2026-10-04T06:59:47.7322418Z       runAsNonRoot: true
release	shift-left offline proof (release gate)	2026-10-04T06:59:47.7322643Z   hostIPC: false
release	shift-left offline proof (release gate)	2026-10-04T06:59:47.7322847Z   hostNetwork: false
release	shift-left offline proof (release gate)	2026-10-04T06:59:47.7323049Z   hostPID: false
release	shift-left offline proof (release gate)	2026-10-04T06:59:47.7323256Z   preemptionPolicy: Never
release	shift-left offline proof (release gate)	2026-10-04T06:59:47.7323484Z   priority: -10000
release	shift-left offline proof (release gate)	2026-10-04T06:59:47.7323713Z   priorityClassName: cage-isolated-5-0-0
release	shift-left offline proof (release gate)	2026-10-04T06:59:47.7323983Z   securityContext:
release	shift-left offline proof (release gate)	2026-10-04T06:59:47.7324188Z     runAsNonRoot: true
release	shift-left offline proof (release gate)	2026-10-04T06:59:47.7324321Z 
release	shift-left offline proof (release gate)	2026-10-04T06:59:47.7324392Z ---
release	shift-left offline proof (release gate)	2026-10-04T06:59:47.7324494Z 
release	shift-left offline proof (release gate)	2026-10-04T06:59:47.7324497Z 
release	shift-left offline proof (release gate)	2026-10-04T06:59:47.7324570Z Mutation:
release	shift-left offline proof (release gate)	2026-10-04T06:59:47.7324790Z Mutation has been applied successfully.
release	shift-left offline proof (release gate)	2026-10-04T06:59:47.7325142Z policy cage-netpol-5-0-0 applied to default/Pod/checkout-svc:
release	shift-left offline proof (release gate)	2026-10-04T06:59:47.7325497Z apiVersion: networking.k8s.io/v1
release	shift-left offline proof (release gate)	2026-10-04T06:59:47.7325747Z kind: NetworkPolicy
release	shift-left offline proof (release gate)	2026-10-04T06:59:47.7325942Z metadata:
release	shift-left offline proof (release gate)	2026-10-04T06:59:47.7326113Z   labels:
release	shift-left offline proof (release gate)	2026-10-04T06:59:47.7326311Z     app.kubernetes.io/managed-by: kyverno
release	shift-left offline proof (release gate)	2026-10-04T06:59:47.7326594Z     posture.acme.io/cage: reach
release	shift-left offline proof (release gate)	2026-10-04T06:59:47.7326848Z     posture.acme.io/tier: restricted
release	shift-left offline proof (release gate)	2026-10-04T06:59:47.7327115Z   name: cage-reach-restricted
release	shift-left offline proof (release gate)	2026-10-04T06:59:47.7327353Z   namespace: default
release	shift-left offline proof (release gate)	2026-10-04T06:59:47.7327559Z spec:
release	shift-left offline proof (release gate)	2026-10-04T06:59:47.7327731Z   egress:
release	shift-left offline proof (release gate)	2026-10-04T06:59:47.7327904Z   - ports:
release	shift-left offline proof (release gate)	2026-10-04T06:59:47.7328085Z     - port: 53
release	shift-left offline proof (release gate)	2026-10-04T06:59:47.7328282Z       protocol: UDP
release	shift-left offline proof (release gate)	2026-10-04T06:59:47.7328475Z     to:
release	shift-left offline proof (release gate)	2026-10-04T06:59:47.7328663Z     - namespaceSelector:
release	shift-left offline proof (release gate)	2026-10-04T06:59:47.7328887Z         matchLabels:
release	shift-left offline proof (release gate)	2026-10-04T06:59:47.7329130Z           kubernetes.io/metadata.name: kube-system
release	shift-left offline proof (release gate)	2026-10-04T06:59:47.7329420Z   ingress:
release	shift-left offline proof (release gate)	2026-10-04T06:59:47.7329593Z   - from:
release	shift-left offline proof (release gate)	2026-10-04T06:59:47.7329773Z     - podSelector: {}
release	shift-left offline proof (release gate)	2026-10-04T06:59:47.7329987Z   podSelector:
release	shift-left offline proof (release gate)	2026-10-04T06:59:47.7330177Z     matchLabels:
release	shift-left offline proof (release gate)	2026-10-04T06:59:47.7330386Z       posture.acme.io/caged: "true"
release	shift-left offline proof (release gate)	2026-10-04T06:59:47.7330792Z       posture.acme.io/tier: restricted
release	shift-left offline proof (release gate)	2026-10-04T06:59:47.7331057Z   policyTypes:
release	shift-left offline proof (release gate)	2026-10-04T06:59:47.7331250Z   - Ingress
release	shift-left offline proof (release gate)	2026-10-04T06:59:47.7331435Z   - Egress
release	shift-left offline proof (release gate)	2026-10-04T06:59:47.7331538Z 
release	shift-left offline proof (release gate)	2026-10-04T06:59:47.7331610Z ---
release	shift-left offline proof (release gate)	2026-10-04T06:59:47.7331710Z 
release	shift-left offline proof (release gate)	2026-10-04T06:59:47.7331714Z 
release	shift-left offline proof (release gate)	2026-10-04T06:59:47.7331790Z Generate:
release	shift-left offline proof (release gate)	2026-10-04T06:59:47.7331993Z Generation completed successfully.
release	shift-left offline proof (release gate)	2026-10-04T06:59:47.7332342Z policy cage-netpol-5-0-0 applied to default/Pod/checkout-svc:
release	shift-left offline proof (release gate)	2026-10-04T06:59:47.7332706Z apiVersion: networking.k8s.io/v1
release	shift-left offline proof (release gate)	2026-10-04T06:59:47.7332956Z kind: NetworkPolicy
release	shift-left offline proof (release gate)	2026-10-04T06:59:47.7333156Z metadata:
release	shift-left offline proof (release gate)	2026-10-04T06:59:47.7333330Z   labels:
release	shift-left offline proof (release gate)	2026-10-04T06:59:47.7333534Z     app.kubernetes.io/managed-by: kyverno
release	shift-left offline proof (release gate)	2026-10-04T06:59:47.7333817Z     posture.acme.io/cage: reach
release	shift-left offline proof (release gate)	2026-10-04T06:59:47.7334069Z     posture.acme.io/tier: quarantine
release	shift-left offline proof (release gate)	2026-10-04T06:59:47.7334338Z   name: cage-reach-quarantine
release	shift-left offline proof (release gate)	2026-10-04T06:59:47.7334573Z   namespace: default
release	shift-left offline proof (release gate)	2026-10-04T06:59:47.7334766Z spec:
release	shift-left offline proof (release gate)	2026-10-04T06:59:47.7334969Z   egress:
release	shift-left offline proof (release gate)	2026-10-04T06:59:47.7335150Z   - ports:
release	shift-left offline proof (release gate)	2026-10-04T06:59:47.7335332Z     - port: 53
release	shift-left offline proof (release gate)	2026-10-04T06:59:47.7335698Z       protocol: UDP
release	shift-left offline proof (release gate)	2026-10-04T06:59:47.7335892Z     to:
release	shift-left offline proof (release gate)	2026-10-04T06:59:47.7336076Z     - namespaceSelector:
release	shift-left offline proof (release gate)	2026-10-04T06:59:47.7336293Z         matchLabels:
release	shift-left offline proof (release gate)	2026-10-04T06:59:47.7336529Z           kubernetes.io/metadata.name: kube-system
release	shift-left offline proof (release gate)	2026-10-04T06:59:47.7336808Z   ingress:
release	shift-left offline proof (release gate)	2026-10-04T06:59:47.7336981Z   - from:
release	shift-left offline proof (release gate)	2026-10-04T06:59:47.7337165Z     - podSelector: {}
release	shift-left offline proof (release gate)	2026-10-04T06:59:47.7337373Z   podSelector:
release	shift-left offline proof (release gate)	2026-10-04T06:59:47.7337563Z     matchLabels:
release	shift-left offline proof (release gate)	2026-10-04T06:59:47.7337777Z       posture.acme.io/caged: "true"
release	shift-left offline proof (release gate)	2026-10-04T06:59:47.7338174Z       posture.acme.io/tier: quarantine
release	shift-left offline proof (release gate)	2026-10-04T06:59:47.7338431Z   policyTypes:
release	shift-left offline proof (release gate)	2026-10-04T06:59:47.7338618Z   - Ingress
release	shift-left offline proof (release gate)	2026-10-04T06:59:47.7338793Z   - Egress
release	shift-left offline proof (release gate)	2026-10-04T06:59:47.7338891Z 
release	shift-left offline proof (release gate)	2026-10-04T06:59:47.7338967Z ---
release	shift-left offline proof (release gate)	2026-10-04T06:59:47.7339064Z 
release	shift-left offline proof (release gate)	2026-10-04T06:59:47.7339068Z 
release	shift-left offline proof (release gate)	2026-10-04T06:59:47.7339139Z Generate:
release	shift-left offline proof (release gate)	2026-10-04T06:59:47.7339336Z Generation completed successfully.
release	shift-left offline proof (release gate)	2026-10-04T06:59:47.7339671Z policy cage-netpol-5-0-0 applied to default/Pod/checkout-svc:
release	shift-left offline proof (release gate)	2026-10-04T06:59:47.7340030Z apiVersion: networking.k8s.io/v1
release	shift-left offline proof (release gate)	2026-10-04T06:59:47.7340282Z kind: NetworkPolicy
release	shift-left offline proof (release gate)	2026-10-04T06:59:47.7340478Z metadata:
release	shift-left offline proof (release gate)	2026-10-04T06:59:47.7340833Z   labels:
release	shift-left offline proof (release gate)	2026-10-04T06:59:47.7341033Z     app.kubernetes.io/managed-by: kyverno
release	shift-left offline proof (release gate)	2026-10-04T06:59:47.7341314Z     posture.acme.io/cage: reach
release	shift-left offline proof (release gate)	2026-10-04T06:59:47.7341565Z     posture.acme.io/tier: isolated
release	shift-left offline proof (release gate)	2026-10-04T06:59:47.7341875Z   name: cage-reach-isolated
release	shift-left offline proof (release gate)	2026-10-04T06:59:47.7342106Z   namespace: default
release	shift-left offline proof (release gate)	2026-10-04T06:59:47.7342308Z spec:
release	shift-left offline proof (release gate)	2026-10-04T06:59:47.7342489Z   egress: []
release	shift-left offline proof (release gate)	2026-10-04T06:59:47.7342677Z   ingress: []
release	shift-left offline proof (release gate)	2026-10-04T06:59:47.7342869Z   podSelector:
release	shift-left offline proof (release gate)	2026-10-04T06:59:47.7343062Z     matchLabels:
release	shift-left offline proof (release gate)	2026-10-04T06:59:47.7343268Z       posture.acme.io/caged: "true"
release	shift-left offline proof (release gate)	2026-10-04T06:59:47.7343526Z       posture.acme.io/tier: isolated
release	shift-left offline proof (release gate)	2026-10-04T06:59:47.7343769Z   policyTypes:
release	shift-left offline proof (release gate)	2026-10-04T06:59:47.7343956Z   - Ingress
release	shift-left offline proof (release gate)	2026-10-04T06:59:47.7344129Z   - Egress
release	shift-left offline proof (release gate)	2026-10-04T06:59:47.7344232Z 
release	shift-left offline proof (release gate)	2026-10-04T06:59:47.7344304Z ---
release	shift-left offline proof (release gate)	2026-10-04T06:59:47.7344403Z 
release	shift-left offline proof (release gate)	2026-10-04T06:59:47.7344408Z 
release	shift-left offline proof (release gate)	2026-10-04T06:59:47.7344480Z Generate:
release	shift-left offline proof (release gate)	2026-10-04T06:59:47.7344700Z Generation completed successfully.
release	shift-left offline proof (release gate)	2026-10-04T06:59:47.7344974Z pass: 7, fail: 0, warn: 0, error: 0, skip: 0
release	shift-left offline proof (release gate)	2026-10-04T06:59:47.7345168Z 
release	shift-left offline proof (release gate)	2026-10-04T06:59:47.7345552Z shift-left: fixtures/workload-flip.yaml would be denied somewhere in its supported window ['4.0.0', '5.0.0'] on kyverno 1.18.2
release	shift-left offline proof (release gate)	2026-10-04T06:59:47.7346299Z (non-zero above is expected -- the flip was caught at a neighbour of 5.0.0)
release	shift-left offline proof (release gate)	2026-10-04T06:59:47.7822236Z 
release	shift-left offline proof (release gate)	2026-10-04T06:59:47.7823158Z == no declared engine: every line is an unsupported pairing, and the check could not look ==
release	shift-left offline proof (release gate)	2026-10-04T06:59:47.8664524Z fixtures/workload-compliant.yaml: targets 5.0.0, checking supported window ['5.0.0', '6.0.0']
release	shift-left offline proof (release gate)	2026-10-04T06:59:47.8666691Z UNSUPPORTED PAIRING @ v5.0.0: no engine is declared (--engine-declaration /tmp/tmp.ICSOJuSMzp/absent.yaml carries no gitops/engine/kyverno.yaml); not run, so neither a compile error nor a pass
release	shift-left offline proof (release gate)	2026-10-04T06:59:47.8669134Z UNSUPPORTED PAIRING @ v6.0.0: no engine is declared (--engine-declaration /tmp/tmp.ICSOJuSMzp/absent.yaml carries no gitops/engine/kyverno.yaml); not run, so neither a compile error nor a pass
release	shift-left offline proof (release gate)	2026-10-04T06:59:47.8670476Z 
release	shift-left offline proof (release gate)	2026-10-04T06:59:47.8671759Z shift-left: COULD NOT LOOK -- fixtures/workload-compliant.yaml belongs to no declared engine, so no line in its window ['5.0.0', '6.0.0'] was run (hub ADR-0033 point 7)
release	shift-left offline proof (release gate)	2026-10-04T06:59:47.8692853Z ok  no declaration (exit 3)
release	shift-left offline proof (release gate)	2026-10-04T06:59:47.8693201Z 
release	shift-left offline proof (release gate)	2026-10-04T06:59:47.8693447Z == a declaration that does not read refuses by name ==
release	shift-left offline proof (release gate)	2026-10-04T06:59:47.9530566Z fixtures/workload-compliant.yaml: targets 5.0.0, checking supported window ['5.0.0', '6.0.0']
release	shift-left offline proof (release gate)	2026-10-04T06:59:47.9532720Z COULD NOT LOOK: gitops/engine/kyverno.yaml must carry exactly the keys ['cli', 'engine', 'install', 'schema', 'version'], not ['engine', 'schema', 'version'] (--engine-declaration /tmp/tmp.ICSOJuSMzp/bad.yaml); no line runs on an engine nobody can read
release	shift-left offline proof (release gate)	2026-10-04T06:59:47.9562573Z ok  a malformed declaration (exit 3)
release	shift-left offline proof (release gate)	2026-10-04T06:59:47.9563024Z 
release	shift-left offline proof (release gate)	2026-10-04T06:59:47.9563549Z == the served target does not support the declared engine (1.19.1): named, not run, could not look ==
release	shift-left offline proof (release gate)	2026-10-04T06:59:48.0571074Z fixtures/workload-compliant.yaml: targets 5.0.0, checking supported window ['5.0.0', '6.0.0']
release	shift-left offline proof (release gate)	2026-10-04T06:59:48.0572022Z declared engine: kyverno 1.19.1 (read from /tmp/tmp.ICSOJuSMzp/decl-1.19.1.yaml, --engine-declaration /tmp/tmp.ICSOJuSMzp/decl-1.19.1.yaml)
release	shift-left offline proof (release gate)	2026-10-04T06:59:48.0573281Z UNSUPPORTED PAIRING @ v5.0.0: kyverno 1.19.1 is not a supported engine of v5.0.0 (tested_engines ['1.18.2']); not run, so neither a compile error nor a pass
release	shift-left offline proof (release gate)	2026-10-04T06:59:48.0574235Z UNSUPPORTED PAIRING @ v6.0.0: kyverno 1.19.1 is not a supported engine of v6.0.0 (tested_engines ['1.18.2']); not run, so neither a compile error nor a pass
release	shift-left offline proof (release gate)	2026-10-04T06:59:48.0574765Z 
release	shift-left offline proof (release gate)	2026-10-04T06:59:48.0575452Z shift-left: COULD NOT LOOK -- fixtures/workload-compliant.yaml targets v5.0.0, which does not support the declared kyverno 1.19.1, so its own line was not run; unsupported pairing(s), not run and not passed: v5.0.0, v6.0.0
release	shift-left offline proof (release gate)	2026-10-04T06:59:48.0601931Z ok  an engine the target does not support (exit 3)
release	shift-left offline proof (release gate)	2026-10-04T06:59:48.0602355Z 
release	shift-left offline proof (release gate)	2026-10-04T06:59:48.0602911Z == a neighbour whose tested_engines supports no engine is named and not run; the target still runs ==
release	shift-left offline proof (release gate)	2026-10-04T06:59:48.7281386Z fixtures/workload-compliant.yaml: targets 5.0.0, checking supported window ['4.0.0', '5.0.0']
release	shift-left offline proof (release gate)	2026-10-04T06:59:48.7283051Z declared engine: kyverno 1.18.2 (read from fixtures/engine/kyverno.yaml, --engine-declaration fixtures/engine/kyverno.yaml)
release	shift-left offline proof (release gate)	2026-10-04T06:59:48.7287029Z UNSUPPORTED PAIRING @ v4.0.0: kyverno 1.18.2 is not a supported engine of v4.0.0 (tested_engines is scoped published-cage-fixtures-v1, which graded the cage-tier and cage-netpol fixtures only (ticket 71, platform PR 26), not every body the line serves; a declaration under the narrower meaning cannot pass under every-served-body-v1); not run, so neither a compile error nor a pass
release	shift-left offline proof (release gate)	2026-10-04T06:59:48.7290296Z --- kyverno apply @ v5.0.0 ---
release	shift-left offline proof (release gate)	2026-10-04T06:59:48.7291275Z Applying 5 policy rule(s) to 1 resource(s)...
release	shift-left offline proof (release gate)	2026-10-04T06:59:48.7291765Z 
release	shift-left offline proof (release gate)	2026-10-04T06:59:48.7292163Z policy cage-tier-5-0-0 applied to default/Pod/checkout-svc:
release	shift-left offline proof (release gate)	2026-10-04T06:59:48.7292930Z apiVersion: v1
release	shift-left offline proof (release gate)	2026-10-04T06:59:48.7293340Z kind: Pod
release	shift-left offline proof (release gate)	2026-10-04T06:59:48.7293716Z metadata:
release	shift-left offline proof (release gate)	2026-10-04T06:59:48.7294068Z   labels:
release	shift-left offline proof (release gate)	2026-10-04T06:59:48.7294434Z     policy-as-versioned.dev/policy-version: 5.0.0
release	shift-left offline proof (release gate)	2026-10-04T06:59:48.7295039Z     posture.acme.io/caged: "true"
release	shift-left offline proof (release gate)	2026-10-04T06:59:48.7295514Z     posture.acme.io/tier: isolated
release	shift-left offline proof (release gate)	2026-10-04T06:59:48.7295986Z     posture.acme.io/version: 5.0.0
release	shift-left offline proof (release gate)	2026-10-04T06:59:48.7296434Z   name: checkout-svc
release	shift-left offline proof (release gate)	2026-10-04T06:59:48.7296804Z   namespace: default
release	shift-left offline proof (release gate)	2026-10-04T06:59:48.7297158Z spec:
release	shift-left offline proof (release gate)	2026-10-04T06:59:48.7297461Z   containers:
release	shift-left offline proof (release gate)	2026-10-04T06:59:48.7297792Z   - image: nginx
release	shift-left offline proof (release gate)	2026-10-04T06:59:48.7298145Z     name: c
release	shift-left offline proof (release gate)	2026-10-04T06:59:48.7298458Z     resources:
release	shift-left offline proof (release gate)	2026-10-04T06:59:48.7298775Z       limits:
release	shift-left offline proof (release gate)	2026-10-04T06:59:48.7299094Z         cpu: 100m
release	shift-left offline proof (release gate)	2026-10-04T06:59:48.7299450Z         memory: 64Mi
release	shift-left offline proof (release gate)	2026-10-04T06:59:48.7299877Z     securityContext:
release	shift-left offline proof (release gate)	2026-10-04T06:59:48.7300446Z       allowPrivilegeEscalation: false
release	shift-left offline proof (release gate)	2026-10-04T06:59:48.7302150Z       capabilities:
release	shift-left offline proof (release gate)	2026-10-04T06:59:48.7302546Z         drop:
release	shift-left offline proof (release gate)	2026-10-04T06:59:48.7302890Z         - ALL
release	shift-left offline proof (release gate)	2026-10-04T06:59:48.7303235Z       privileged: false
release	shift-left offline proof (release gate)	2026-10-04T06:59:48.7303672Z       readOnlyRootFilesystem: true
release	shift-left offline proof (release gate)	2026-10-04T06:59:48.7304167Z       runAsNonRoot: true
release	shift-left offline proof (release gate)	2026-10-04T06:59:48.7304610Z   - image: ghcr.io/acme/coraza-waf:cage
release	shift-left offline proof (release gate)	2026-10-04T06:59:48.7305145Z     name: waf-sidecar
release	shift-left offline proof (release gate)	2026-10-04T06:59:48.7305524Z     resources:
release	shift-left offline proof (release gate)	2026-10-04T06:59:48.7305862Z       limits:
release	shift-left offline proof (release gate)	2026-10-04T06:59:48.7306183Z         cpu: 250m
release	shift-left offline proof (release gate)	2026-10-04T06:59:48.7306517Z         memory: 256Mi
release	shift-left offline proof (release gate)	2026-10-04T06:59:48.7306932Z     securityContext:
release	shift-left offline proof (release gate)	2026-10-04T06:59:48.7307378Z       allowPrivilegeEscalation: false
release	shift-left offline proof (release gate)	2026-10-04T06:59:48.7308252Z       capabilities:
release	shift-left offline proof (release gate)	2026-10-04T06:59:48.7308627Z         drop:
release	shift-left offline proof (release gate)	2026-10-04T06:59:48.7308969Z         - ALL
release	shift-left offline proof (release gate)	2026-10-04T06:59:48.7309319Z       privileged: false
release	shift-left offline proof (release gate)	2026-10-04T06:59:48.7309752Z       readOnlyRootFilesystem: true
release	shift-left offline proof (release gate)	2026-10-04T06:59:48.7310225Z       runAsNonRoot: true
release	shift-left offline proof (release gate)	2026-10-04T06:59:48.7310975Z   hostIPC: false
release	shift-left offline proof (release gate)	2026-10-04T06:59:48.7311375Z   hostNetwork: false
release	shift-left offline proof (release gate)	2026-10-04T06:59:48.7311749Z   hostPID: false
release	shift-left offline proof (release gate)	2026-10-04T06:59:48.7312118Z   preemptionPolicy: Never
release	shift-left offline proof (release gate)	2026-10-04T06:59:48.7312850Z   priority: -10000
release	shift-left offline proof (release gate)	2026-10-04T06:59:48.7313264Z   priorityClassName: cage-isolated-5-0-0
release	shift-left offline proof (release gate)	2026-10-04T06:59:48.7313771Z   securityContext:
release	shift-left offline proof (release gate)	2026-10-04T06:59:48.7314216Z     runAsNonRoot: true
release	shift-left offline proof (release gate)	2026-10-04T06:59:48.7314454Z 
release	shift-left offline proof (release gate)	2026-10-04T06:59:48.7314577Z ---
release	shift-left offline proof (release gate)	2026-10-04T06:59:48.7314755Z 
release	shift-left offline proof (release gate)	2026-10-04T06:59:48.7314763Z 
release	shift-left offline proof (release gate)	2026-10-04T06:59:48.7314890Z Mutation:
release	shift-left offline proof (release gate)	2026-10-04T06:59:48.7315337Z Mutation has been applied successfully.
release	shift-left offline proof (release gate)	2026-10-04T06:59:48.7316189Z policy cage-tier-5-0-0 applied to default/Pod/checkout-svc:
release	shift-left offline proof (release gate)	2026-10-04T06:59:48.7316858Z apiVersion: v1
release	shift-left offline proof (release gate)	2026-10-04T06:59:48.7317198Z kind: Pod
release	shift-left offline proof (release gate)	2026-10-04T06:59:48.7317518Z metadata:
release	shift-left offline proof (release gate)	2026-10-04T06:59:48.7317818Z   labels:
release	shift-left offline proof (release gate)	2026-10-04T06:59:48.7318211Z     policy-as-versioned.dev/policy-version: 5.0.0
release	shift-left offline proof (release gate)	2026-10-04T06:59:48.7318778Z     posture.acme.io/caged: "true"
release	shift-left offline proof (release gate)	2026-10-04T06:59:48.7319265Z     posture.acme.io/tier: isolated
release	shift-left offline proof (release gate)	2026-10-04T06:59:48.7319758Z     posture.acme.io/version: 5.0.0
release	shift-left offline proof (release gate)	2026-10-04T06:59:48.7320259Z   name: checkout-svc
release	shift-left offline proof (release gate)	2026-10-04T06:59:48.7320935Z   namespace: default
release	shift-left offline proof (release gate)	2026-10-04T06:59:48.7321361Z spec:
release	shift-left offline proof (release gate)	2026-10-04T06:59:48.7321694Z   containers:
release	shift-left offline proof (release gate)	2026-10-04T06:59:48.7322063Z   - image: nginx
release	shift-left offline proof (release gate)	2026-10-04T06:59:48.7322432Z     name: c
release	shift-left offline proof (release gate)	2026-10-04T06:59:48.7322769Z     resources:
release	shift-left offline proof (release gate)	2026-10-04T06:59:48.7323114Z       limits:
release	shift-left offline proof (release gate)	2026-10-04T06:59:48.7323454Z         cpu: 100m
release	shift-left offline proof (release gate)	2026-10-04T06:59:48.7323825Z         memory: 64Mi
release	shift-left offline proof (release gate)	2026-10-04T06:59:48.7324208Z     securityContext:
release	shift-left offline proof (release gate)	2026-10-04T06:59:48.7324628Z       allowPrivilegeEscalation: false
release	shift-left offline proof (release gate)	2026-10-04T06:59:48.7325121Z       capabilities:
release	shift-left offline proof (release gate)	2026-10-04T06:59:48.7325467Z         drop:
release	shift-left offline proof (release gate)	2026-10-04T06:59:48.7325794Z         - ALL
release	shift-left offline proof (release gate)	2026-10-04T06:59:48.7326140Z       privileged: false
release	shift-left offline proof (release gate)	2026-10-04T06:59:48.7326564Z       readOnlyRootFilesystem: true
release	shift-left offline proof (release gate)	2026-10-04T06:59:48.7327016Z       runAsNonRoot: true
release	shift-left offline proof (release gate)	2026-10-04T06:59:48.7327441Z   - image: ghcr.io/acme/coraza-waf:cage
release	shift-left offline proof (release gate)	2026-10-04T06:59:48.7327924Z     name: waf-sidecar
release	shift-left offline proof (release gate)	2026-10-04T06:59:48.7328289Z     resources:
release	shift-left offline proof (release gate)	2026-10-04T06:59:48.7328614Z       limits:
release	shift-left offline proof (release gate)	2026-10-04T06:59:48.7328958Z         cpu: 250m
release	shift-left offline proof (release gate)	2026-10-04T06:59:48.7329300Z         memory: 256Mi
release	shift-left offline proof (release gate)	2026-10-04T06:59:48.7329669Z     securityContext:
release	shift-left offline proof (release gate)	2026-10-04T06:59:48.7330296Z       allowPrivilegeEscalation: false
release	shift-left offline proof (release gate)	2026-10-04T06:59:48.7331726Z       capabilities:
release	shift-left offline proof (release gate)	2026-10-04T06:59:48.7332178Z         drop:
release	shift-left offline proof (release gate)	2026-10-04T06:59:48.7332537Z         - ALL
release	shift-left offline proof (release gate)	2026-10-04T06:59:48.7332906Z       privileged: false
release	shift-left offline proof (release gate)	2026-10-04T06:59:48.7333333Z       readOnlyRootFilesystem: true
release	shift-left offline proof (release gate)	2026-10-04T06:59:48.7333615Z       runAsNonRoot: true
release	shift-left offline proof (release gate)	2026-10-04T06:59:48.7333858Z   hostIPC: false
release	shift-left offline proof (release gate)	2026-10-04T06:59:48.7334076Z   hostNetwork: false
release	shift-left offline proof (release gate)	2026-10-04T06:59:48.7334284Z   hostPID: false
release	shift-left offline proof (release gate)	2026-10-04T06:59:48.7334489Z   preemptionPolicy: Never
release	shift-left offline proof (release gate)	2026-10-04T06:59:48.7334719Z   priority: -10000
release	shift-left offline proof (release gate)	2026-10-04T06:59:48.7334956Z   priorityClassName: cage-isolated-5-0-0
release	shift-left offline proof (release gate)	2026-10-04T06:59:48.7335229Z   securityContext:
release	shift-left offline proof (release gate)	2026-10-04T06:59:48.7335429Z     runAsNonRoot: true
release	shift-left offline proof (release gate)	2026-10-04T06:59:48.7335563Z 
release	shift-left offline proof (release gate)	2026-10-04T06:59:48.7335638Z ---
release	shift-left offline proof (release gate)	2026-10-04T06:59:48.7335741Z 
release	shift-left offline proof (release gate)	2026-10-04T06:59:48.7335751Z 
release	shift-left offline proof (release gate)	2026-10-04T06:59:48.7335824Z Mutation:
release	shift-left offline proof (release gate)	2026-10-04T06:59:48.7336040Z Mutation has been applied successfully.
release	shift-left offline proof (release gate)	2026-10-04T06:59:48.7336408Z policy stamp-posture-5-0-0 applied to default/Pod/checkout-svc:
release	shift-left offline proof (release gate)	2026-10-04T06:59:48.7336757Z apiVersion: v1
release	shift-left offline proof (release gate)	2026-10-04T06:59:48.7336956Z kind: Pod
release	shift-left offline proof (release gate)	2026-10-04T06:59:48.7337133Z metadata:
release	shift-left offline proof (release gate)	2026-10-04T06:59:48.7337307Z   labels:
release	shift-left offline proof (release gate)	2026-10-04T06:59:48.7337538Z     policy-as-versioned.dev/policy-version: 5.0.0
release	shift-left offline proof (release gate)	2026-10-04T06:59:48.7338487Z     posture.acme.io/caged: "true"
release	shift-left offline proof (release gate)	2026-10-04T06:59:48.7338774Z     posture.acme.io/tier: isolated
release	shift-left offline proof (release gate)	2026-10-04T06:59:48.7339040Z     posture.acme.io/version: 5.0.0
release	shift-left offline proof (release gate)	2026-10-04T06:59:48.7339284Z   name: checkout-svc
release	shift-left offline proof (release gate)	2026-10-04T06:59:48.7339501Z   namespace: default
release	shift-left offline proof (release gate)	2026-10-04T06:59:48.7339695Z spec:
release	shift-left offline proof (release gate)	2026-10-04T06:59:48.7339872Z   containers:
release	shift-left offline proof (release gate)	2026-10-04T06:59:48.7340061Z   - image: nginx
release	shift-left offline proof (release gate)	2026-10-04T06:59:48.7340245Z     name: c
release	shift-left offline proof (release gate)	2026-10-04T06:59:48.7340418Z     resources:
release	shift-left offline proof (release gate)	2026-10-04T06:59:48.7340844Z       limits:
release	shift-left offline proof (release gate)	2026-10-04T06:59:48.7341191Z         cpu: 100m
release	shift-left offline proof (release gate)	2026-10-04T06:59:48.7341701Z         memory: 64Mi
release	shift-left offline proof (release gate)	2026-10-04T06:59:48.7342027Z     securityContext:
release	shift-left offline proof (release gate)	2026-10-04T06:59:48.7342265Z       allowPrivilegeEscalation: false
release	shift-left offline proof (release gate)	2026-10-04T06:59:48.7342538Z       capabilities:
release	shift-left offline proof (release gate)	2026-10-04T06:59:48.7342742Z         drop:
release	shift-left offline proof (release gate)	2026-10-04T06:59:48.7342919Z         - ALL
release	shift-left offline proof (release gate)	2026-10-04T06:59:48.7343106Z       privileged: false
release	shift-left offline proof (release gate)	2026-10-04T06:59:48.7343332Z       readOnlyRootFilesystem: true
release	shift-left offline proof (release gate)	2026-10-04T06:59:48.7343579Z       runAsNonRoot: true
release	shift-left offline proof (release gate)	2026-10-04T06:59:48.7343826Z   - image: ghcr.io/acme/coraza-waf:cage
release	shift-left offline proof (release gate)	2026-10-04T06:59:48.7344098Z     name: waf-sidecar
release	shift-left offline proof (release gate)	2026-10-04T06:59:48.7344294Z     resources:
release	shift-left offline proof (release gate)	2026-10-04T06:59:48.7344470Z       limits:
release	shift-left offline proof (release gate)	2026-10-04T06:59:48.7344643Z         cpu: 250m
release	shift-left offline proof (release gate)	2026-10-04T06:59:48.7344831Z         memory: 256Mi
release	shift-left offline proof (release gate)	2026-10-04T06:59:48.7345029Z     securityContext:
release	shift-left offline proof (release gate)	2026-10-04T06:59:48.7345261Z       allowPrivilegeEscalation: false
release	shift-left offline proof (release gate)	2026-10-04T06:59:48.7345516Z       capabilities:
release	shift-left offline proof (release gate)	2026-10-04T06:59:48.7345704Z         drop:
release	shift-left offline proof (release gate)	2026-10-04T06:59:48.7345883Z         - ALL
release	shift-left offline proof (release gate)	2026-10-04T06:59:48.7346068Z       privileged: false
release	shift-left offline proof (release gate)	2026-10-04T06:59:48.7346294Z       readOnlyRootFilesystem: true
release	shift-left offline proof (release gate)	2026-10-04T06:59:48.7346538Z       runAsNonRoot: true
release	shift-left offline proof (release gate)	2026-10-04T06:59:48.7346750Z   hostIPC: false
release	shift-left offline proof (release gate)	2026-10-04T06:59:48.7346943Z   hostNetwork: false
release	shift-left offline proof (release gate)	2026-10-04T06:59:48.7347137Z   hostPID: false
release	shift-left offline proof (release gate)	2026-10-04T06:59:48.7347339Z   preemptionPolicy: Never
release	shift-left offline proof (release gate)	2026-10-04T06:59:48.7347841Z   priority: -10000
release	shift-left offline proof (release gate)	2026-10-04T06:59:48.7348167Z   priorityClassName: cage-isolated-5-0-0
release	shift-left offline proof (release gate)	2026-10-04T06:59:48.7348570Z   securityContext:
release	shift-left offline proof (release gate)	2026-10-04T06:59:48.7348920Z     runAsNonRoot: true
release	shift-left offline proof (release gate)	2026-10-04T06:59:48.7349117Z 
release	shift-left offline proof (release gate)	2026-10-04T06:59:48.7349218Z ---
release	shift-left offline proof (release gate)	2026-10-04T06:59:48.7349410Z 
release	shift-left offline proof (release gate)	2026-10-04T06:59:48.7349414Z 
release	shift-left offline proof (release gate)	2026-10-04T06:59:48.7349575Z Mutation:
release	shift-left offline proof (release gate)	2026-10-04T06:59:48.7349872Z Mutation has been applied successfully.
release	shift-left offline proof (release gate)	2026-10-04T06:59:48.7357854Z policy stamp-posture-5-0-0 applied to default/Pod/checkout-svc:
release	shift-left offline proof (release gate)	2026-10-04T06:59:48.7358403Z apiVersion: v1
release	shift-left offline proof (release gate)	2026-10-04T06:59:48.7358643Z kind: Pod
release	shift-left offline proof (release gate)	2026-10-04T06:59:48.7358842Z metadata:
release	shift-left offline proof (release gate)	2026-10-04T06:59:48.7359022Z   labels:
release	shift-left offline proof (release gate)	2026-10-04T06:59:48.7359268Z     policy-as-versioned.dev/policy-version: 5.0.0
release	shift-left offline proof (release gate)	2026-10-04T06:59:48.7359597Z     posture.acme.io/caged: "true"
release	shift-left offline proof (release gate)	2026-10-04T06:59:48.7359860Z     posture.acme.io/tier: isolated
release	shift-left offline proof (release gate)	2026-10-04T06:59:48.7360120Z     posture.acme.io/version: 5.0.0
release	shift-left offline proof (release gate)	2026-10-04T06:59:48.7360369Z   name: checkout-svc
release	shift-left offline proof (release gate)	2026-10-04T06:59:48.7360736Z   namespace: default
release	shift-left offline proof (release gate)	2026-10-04T06:59:48.7360955Z spec:
release	shift-left offline proof (release gate)	2026-10-04T06:59:48.7361145Z   containers:
release	shift-left offline proof (release gate)	2026-10-04T06:59:48.7361344Z   - image: nginx
release	shift-left offline proof (release gate)	2026-10-04T06:59:48.7361550Z     name: c
release	shift-left offline proof (release gate)	2026-10-04T06:59:48.7361731Z     resources:
release	shift-left offline proof (release gate)	2026-10-04T06:59:48.7361913Z       limits:
release	shift-left offline proof (release gate)	2026-10-04T06:59:48.7362095Z         cpu: 100m
release	shift-left offline proof (release gate)	2026-10-04T06:59:48.7362296Z         memory: 64Mi
release	shift-left offline proof (release gate)	2026-10-04T06:59:48.7362504Z     securityContext:
release	shift-left offline proof (release gate)	2026-10-04T06:59:48.7362734Z       allowPrivilegeEscalation: false
release	shift-left offline proof (release gate)	2026-10-04T06:59:48.7363001Z       capabilities:
release	shift-left offline proof (release gate)	2026-10-04T06:59:48.7363197Z         drop:
release	shift-left offline proof (release gate)	2026-10-04T06:59:48.7363377Z         - ALL
release	shift-left offline proof (release gate)	2026-10-04T06:59:48.7363576Z       privileged: false
release	shift-left offline proof (release gate)	2026-10-04T06:59:48.7363827Z       readOnlyRootFilesystem: true
release	shift-left offline proof (release gate)	2026-10-04T06:59:48.7364096Z       runAsNonRoot: true
release	shift-left offline proof (release gate)	2026-10-04T06:59:48.7364339Z   - image: ghcr.io/acme/coraza-waf:cage
release	shift-left offline proof (release gate)	2026-10-04T06:59:48.7364616Z     name: waf-sidecar
release	shift-left offline proof (release gate)	2026-10-04T06:59:48.7364823Z     resources:
release	shift-left offline proof (release gate)	2026-10-04T06:59:48.7365019Z       limits:
release	shift-left offline proof (release gate)	2026-10-04T06:59:48.7365197Z         cpu: 250m
release	shift-left offline proof (release gate)	2026-10-04T06:59:48.7365389Z         memory: 256Mi
release	shift-left offline proof (release gate)	2026-10-04T06:59:48.7365788Z     securityContext:
release	shift-left offline proof (release gate)	2026-10-04T06:59:48.7366018Z       allowPrivilegeEscalation: false
release	shift-left offline proof (release gate)	2026-10-04T06:59:48.7366278Z       capabilities:
release	shift-left offline proof (release gate)	2026-10-04T06:59:48.7366474Z         drop:
release	shift-left offline proof (release gate)	2026-10-04T06:59:48.7366654Z         - ALL
release	shift-left offline proof (release gate)	2026-10-04T06:59:48.7366845Z       privileged: false
release	shift-left offline proof (release gate)	2026-10-04T06:59:48.7367077Z       readOnlyRootFilesystem: true
release	shift-left offline proof (release gate)	2026-10-04T06:59:48.7367329Z       runAsNonRoot: true
release	shift-left offline proof (release gate)	2026-10-04T06:59:48.7367545Z   hostIPC: false
release	shift-left offline proof (release gate)	2026-10-04T06:59:48.7367742Z   hostNetwork: false
release	shift-left offline proof (release gate)	2026-10-04T06:59:48.7368060Z   hostPID: false
release	shift-left offline proof (release gate)	2026-10-04T06:59:48.7368268Z   preemptionPolicy: Never
release	shift-left offline proof (release gate)	2026-10-04T06:59:48.7368501Z   priority: -10000
release	shift-left offline proof (release gate)	2026-10-04T06:59:48.7368737Z   priorityClassName: cage-isolated-5-0-0
release	shift-left offline proof (release gate)	2026-10-04T06:59:48.7369015Z   securityContext:
release	shift-left offline proof (release gate)	2026-10-04T06:59:48.7369235Z     runAsNonRoot: true
release	shift-left offline proof (release gate)	2026-10-04T06:59:48.7369365Z 
release	shift-left offline proof (release gate)	2026-10-04T06:59:48.7369447Z ---
release	shift-left offline proof (release gate)	2026-10-04T06:59:48.7369545Z 
release	shift-left offline proof (release gate)	2026-10-04T06:59:48.7369549Z 
release	shift-left offline proof (release gate)	2026-10-04T06:59:48.7369630Z Mutation:
release	shift-left offline proof (release gate)	2026-10-04T06:59:48.7369840Z Mutation has been applied successfully.
release	shift-left offline proof (release gate)	2026-10-04T06:59:48.7370198Z policy cage-netpol-5-0-0 applied to default/Pod/checkout-svc:
release	shift-left offline proof (release gate)	2026-10-04T06:59:48.7370557Z apiVersion: networking.k8s.io/v1
release	shift-left offline proof (release gate)	2026-10-04T06:59:48.7370967Z kind: NetworkPolicy
release	shift-left offline proof (release gate)	2026-10-04T06:59:48.7371166Z metadata:
release	shift-left offline proof (release gate)	2026-10-04T06:59:48.7371339Z   labels:
release	shift-left offline proof (release gate)	2026-10-04T06:59:48.7371541Z     app.kubernetes.io/managed-by: kyverno
release	shift-left offline proof (release gate)	2026-10-04T06:59:48.7371831Z     posture.acme.io/cage: reach
release	shift-left offline proof (release gate)	2026-10-04T06:59:48.7372085Z     posture.acme.io/tier: restricted
release	shift-left offline proof (release gate)	2026-10-04T06:59:48.7372353Z   name: cage-reach-restricted
release	shift-left offline proof (release gate)	2026-10-04T06:59:48.7372585Z   namespace: default
release	shift-left offline proof (release gate)	2026-10-04T06:59:48.7372782Z spec:
release	shift-left offline proof (release gate)	2026-10-04T06:59:48.7372953Z   egress:
release	shift-left offline proof (release gate)	2026-10-04T06:59:48.7373129Z   - ports:
release	shift-left offline proof (release gate)	2026-10-04T06:59:48.7373311Z     - port: 53
release	shift-left offline proof (release gate)	2026-10-04T06:59:48.7373502Z       protocol: UDP
release	shift-left offline proof (release gate)	2026-10-04T06:59:48.7373692Z     to:
release	shift-left offline proof (release gate)	2026-10-04T06:59:48.7373884Z     - namespaceSelector:
release	shift-left offline proof (release gate)	2026-10-04T06:59:48.7374107Z         matchLabels:
release	shift-left offline proof (release gate)	2026-10-04T06:59:48.7374352Z           kubernetes.io/metadata.name: kube-system
release	shift-left offline proof (release gate)	2026-10-04T06:59:48.7374630Z   ingress:
release	shift-left offline proof (release gate)	2026-10-04T06:59:48.7374804Z   - from:
release	shift-left offline proof (release gate)	2026-10-04T06:59:48.7374982Z     - podSelector: {}
release	shift-left offline proof (release gate)	2026-10-04T06:59:48.7375189Z   podSelector:
release	shift-left offline proof (release gate)	2026-10-04T06:59:48.7375379Z     matchLabels:
release	shift-left offline proof (release gate)	2026-10-04T06:59:48.7375587Z       posture.acme.io/caged: "true"
release	shift-left offline proof (release gate)	2026-10-04T06:59:48.7375855Z       posture.acme.io/tier: restricted
release	shift-left offline proof (release gate)	2026-10-04T06:59:48.7376108Z   policyTypes:
release	shift-left offline proof (release gate)	2026-10-04T06:59:48.7376293Z   - Ingress
release	shift-left offline proof (release gate)	2026-10-04T06:59:48.7376470Z   - Egress
release	shift-left offline proof (release gate)	2026-10-04T06:59:48.7376584Z 
release	shift-left offline proof (release gate)	2026-10-04T06:59:48.7376654Z ---
release	shift-left offline proof (release gate)	2026-10-04T06:59:48.7376755Z 
release	shift-left offline proof (release gate)	2026-10-04T06:59:48.7376758Z 
release	shift-left offline proof (release gate)	2026-10-04T06:59:48.7376836Z Generate:
release	shift-left offline proof (release gate)	2026-10-04T06:59:48.7377034Z Generation completed successfully.
release	shift-left offline proof (release gate)	2026-10-04T06:59:48.7377381Z policy cage-netpol-5-0-0 applied to default/Pod/checkout-svc:
release	shift-left offline proof (release gate)	2026-10-04T06:59:48.7377740Z apiVersion: networking.k8s.io/v1
release	shift-left offline proof (release gate)	2026-10-04T06:59:48.7377987Z kind: NetworkPolicy
release	shift-left offline proof (release gate)	2026-10-04T06:59:48.7378184Z metadata:
release	shift-left offline proof (release gate)	2026-10-04T06:59:48.7378362Z   labels:
release	shift-left offline proof (release gate)	2026-10-04T06:59:48.7378558Z     app.kubernetes.io/managed-by: kyverno
release	shift-left offline proof (release gate)	2026-10-04T06:59:48.7378840Z     posture.acme.io/cage: reach
release	shift-left offline proof (release gate)	2026-10-04T06:59:48.7379095Z     posture.acme.io/tier: quarantine
release	shift-left offline proof (release gate)	2026-10-04T06:59:48.7379368Z   name: cage-reach-quarantine
release	shift-left offline proof (release gate)	2026-10-04T06:59:48.7379605Z   namespace: default
release	shift-left offline proof (release gate)	2026-10-04T06:59:48.7379804Z spec:
release	shift-left offline proof (release gate)	2026-10-04T06:59:48.7379970Z   egress:
release	shift-left offline proof (release gate)	2026-10-04T06:59:48.7380140Z   - ports:
release	shift-left offline proof (release gate)	2026-10-04T06:59:48.7380319Z     - port: 53
release	shift-left offline proof (release gate)	2026-10-04T06:59:48.7380509Z       protocol: UDP
release	shift-left offline proof (release gate)	2026-10-04T06:59:48.7380823Z     to:
release	shift-left offline proof (release gate)	2026-10-04T06:59:48.7381010Z     - namespaceSelector:
release	shift-left offline proof (release gate)	2026-10-04T06:59:48.7381232Z         matchLabels:
release	shift-left offline proof (release gate)	2026-10-04T06:59:48.7381463Z           kubernetes.io/metadata.name: kube-system
release	shift-left offline proof (release gate)	2026-10-04T06:59:48.7381742Z   ingress:
release	shift-left offline proof (release gate)	2026-10-04T06:59:48.7381918Z   - from:
release	shift-left offline proof (release gate)	2026-10-04T06:59:48.7382096Z     - podSelector: {}
release	shift-left offline proof (release gate)	2026-10-04T06:59:48.7382300Z   podSelector:
release	shift-left offline proof (release gate)	2026-10-04T06:59:48.7382485Z     matchLabels:
release	shift-left offline proof (release gate)	2026-10-04T06:59:48.7382694Z       posture.acme.io/caged: "true"
release	shift-left offline proof (release gate)	2026-10-04T06:59:48.7383088Z       posture.acme.io/tier: quarantine
release	shift-left offline proof (release gate)	2026-10-04T06:59:48.7383340Z   policyTypes:
release	shift-left offline proof (release gate)	2026-10-04T06:59:48.7383526Z   - Ingress
release	shift-left offline proof (release gate)	2026-10-04T06:59:48.7383703Z   - Egress
release	shift-left offline proof (release gate)	2026-10-04T06:59:48.7383807Z 
release	shift-left offline proof (release gate)	2026-10-04T06:59:48.7383875Z ---
release	shift-left offline proof (release gate)	2026-10-04T06:59:48.7383974Z 
release	shift-left offline proof (release gate)	2026-10-04T06:59:48.7383977Z 
release	shift-left offline proof (release gate)	2026-10-04T06:59:48.7384049Z Generate:
release	shift-left offline proof (release gate)	2026-10-04T06:59:48.7384258Z Generation completed successfully.
release	shift-left offline proof (release gate)	2026-10-04T06:59:48.7384587Z policy cage-netpol-5-0-0 applied to default/Pod/checkout-svc:
release	shift-left offline proof (release gate)	2026-10-04T06:59:48.7384935Z apiVersion: networking.k8s.io/v1
release	shift-left offline proof (release gate)	2026-10-04T06:59:48.7385339Z kind: NetworkPolicy
release	shift-left offline proof (release gate)	2026-10-04T06:59:48.7385534Z metadata:
release	shift-left offline proof (release gate)	2026-10-04T06:59:48.7385701Z   labels:
release	shift-left offline proof (release gate)	2026-10-04T06:59:48.7385891Z     app.kubernetes.io/managed-by: kyverno
release	shift-left offline proof (release gate)	2026-10-04T06:59:48.7386164Z     posture.acme.io/cage: reach
release	shift-left offline proof (release gate)	2026-10-04T06:59:48.7386410Z     posture.acme.io/tier: isolated
release	shift-left offline proof (release gate)	2026-10-04T06:59:48.7386658Z   name: cage-reach-isolated
release	shift-left offline proof (release gate)	2026-10-04T06:59:48.7386882Z   namespace: default
release	shift-left offline proof (release gate)	2026-10-04T06:59:48.7387086Z spec:
release	shift-left offline proof (release gate)	2026-10-04T06:59:48.7387257Z   egress: []
release	shift-left offline proof (release gate)	2026-10-04T06:59:48.7387440Z   ingress: []
release	shift-left offline proof (release gate)	2026-10-04T06:59:48.7387628Z   podSelector:
release	shift-left offline proof (release gate)	2026-10-04T06:59:48.7387817Z     matchLabels:
release	shift-left offline proof (release gate)	2026-10-04T06:59:48.7388020Z       posture.acme.io/caged: "true"
release	shift-left offline proof (release gate)	2026-10-04T06:59:48.7388284Z       posture.acme.io/tier: isolated
release	shift-left offline proof (release gate)	2026-10-04T06:59:48.7388534Z   policyTypes:
release	shift-left offline proof (release gate)	2026-10-04T06:59:48.7388721Z   - Ingress
release	shift-left offline proof (release gate)	2026-10-04T06:59:48.7388897Z   - Egress
release	shift-left offline proof (release gate)	2026-10-04T06:59:48.7389001Z 
release	shift-left offline proof (release gate)	2026-10-04T06:59:48.7389069Z ---
release	shift-left offline proof (release gate)	2026-10-04T06:59:48.7389166Z 
release	shift-left offline proof (release gate)	2026-10-04T06:59:48.7389174Z 
release	shift-left offline proof (release gate)	2026-10-04T06:59:48.7389250Z Generate:
release	shift-left offline proof (release gate)	2026-10-04T06:59:48.7389446Z Generation completed successfully.
release	shift-left offline proof (release gate)	2026-10-04T06:59:48.7389714Z pass: 7, fail: 0, warn: 0, error: 0, skip: 0
release	shift-left offline proof (release gate)	2026-10-04T06:59:48.7389903Z 
release	shift-left offline proof (release gate)	2026-10-04T06:59:48.7390481Z shift-left: fixtures/workload-compliant.yaml is compliant on kyverno 1.18.2 across the line(s) of its window that support it ['5.0.0']; unsupported pairing(s), not run and not passed: v4.0.0
release	shift-left offline proof (release gate)	2026-10-04T06:59:48.7391378Z ok  an unsupported neighbour (exit 0)
release	shift-left offline proof (release gate)	2026-10-04T06:59:49.4077161Z fixtures/workload-flip.yaml: targets 5.0.0, checking supported window ['4.0.0', '5.0.0']
release	shift-left offline proof (release gate)	2026-10-04T06:59:49.4078968Z declared engine: kyverno 1.18.2 (read from fixtures/engine/kyverno.yaml, --engine-declaration fixtures/engine/kyverno.yaml)
release	shift-left offline proof (release gate)	2026-10-04T06:59:49.4081431Z UNSUPPORTED PAIRING @ v4.0.0: kyverno 1.18.2 is not a supported engine of v4.0.0 (declares no tested_engines, so it supports no engine (ADR-0033 point 3) and there is no cell to grade); not run, so neither a compile error nor a pass
release	shift-left offline proof (release gate)	2026-10-04T06:59:49.4083064Z --- kyverno apply @ v5.0.0 ---
release	shift-left offline proof (release gate)	2026-10-04T06:59:49.4083531Z Applying 5 policy rule(s) to 1 resource(s)...
release	shift-left offline proof (release gate)	2026-10-04T06:59:49.4083888Z 
release	shift-left offline proof (release gate)	2026-10-04T06:59:49.4084167Z policy cage-tier-5-0-0 applied to default/Pod/checkout-svc:
release	shift-left offline proof (release gate)	2026-10-04T06:59:49.4084539Z apiVersion: v1
release	shift-left offline proof (release gate)	2026-10-04T06:59:49.4084738Z kind: Pod
release	shift-left offline proof (release gate)	2026-10-04T06:59:49.4084929Z metadata:
release	shift-left offline proof (release gate)	2026-10-04T06:59:49.4085116Z   labels:
release	shift-left offline proof (release gate)	2026-10-04T06:59:49.4085351Z     policy-as-versioned.dev/policy-version: 5.0.0
release	shift-left offline proof (release gate)	2026-10-04T06:59:49.4085681Z     posture.acme.io/caged: "true"
release	shift-left offline proof (release gate)	2026-10-04T06:59:49.4085941Z     posture.acme.io/tier: isolated
release	shift-left offline proof (release gate)	2026-10-04T06:59:49.4086195Z     posture.acme.io/version: 5.0.0
release	shift-left offline proof (release gate)	2026-10-04T06:59:49.4086443Z   name: checkout-svc
release	shift-left offline proof (release gate)	2026-10-04T06:59:49.4086653Z   namespace: default
release	shift-left offline proof (release gate)	2026-10-04T06:59:49.4086851Z spec:
release	shift-left offline proof (release gate)	2026-10-04T06:59:49.4087027Z   containers:
release	shift-left offline proof (release gate)	2026-10-04T06:59:49.4087217Z   - image: nginx
release	shift-left offline proof (release gate)	2026-10-04T06:59:49.4087413Z     name: c
release	shift-left offline proof (release gate)	2026-10-04T06:59:49.4087590Z     resources:
release	shift-left offline proof (release gate)	2026-10-04T06:59:49.4087774Z       limits:
release	shift-left offline proof (release gate)	2026-10-04T06:59:49.4087949Z         cpu: 100m
release	shift-left offline proof (release gate)	2026-10-04T06:59:49.4088140Z         memory: 64Mi
release	shift-left offline proof (release gate)	2026-10-04T06:59:49.4088340Z     securityContext:
release	shift-left offline proof (release gate)	2026-10-04T06:59:49.4088570Z       allowPrivilegeEscalation: false
release	shift-left offline proof (release gate)	2026-10-04T06:59:49.4088832Z       capabilities:
release	shift-left offline proof (release gate)	2026-10-04T06:59:49.4089023Z         drop:
release	shift-left offline proof (release gate)	2026-10-04T06:59:49.4089201Z         - ALL
release	shift-left offline proof (release gate)	2026-10-04T06:59:49.4089401Z       privileged: false
release	shift-left offline proof (release gate)	2026-10-04T06:59:49.4089635Z       readOnlyRootFilesystem: true
release	shift-left offline proof (release gate)	2026-10-04T06:59:49.4090195Z       runAsNonRoot: true
release	shift-left offline proof (release gate)	2026-10-04T06:59:49.4090432Z   - image: ghcr.io/acme/coraza-waf:cage
release	shift-left offline proof (release gate)	2026-10-04T06:59:49.4091069Z     name: waf-sidecar
release	shift-left offline proof (release gate)	2026-10-04T06:59:49.4091420Z     resources:
release	shift-left offline proof (release gate)	2026-10-04T06:59:49.4091724Z       limits:
release	shift-left offline proof (release gate)	2026-10-04T06:59:49.4092005Z         cpu: 250m
release	shift-left offline proof (release gate)	2026-10-04T06:59:49.4092203Z         memory: 256Mi
release	shift-left offline proof (release gate)	2026-10-04T06:59:49.4092401Z     securityContext:
release	shift-left offline proof (release gate)	2026-10-04T06:59:49.4092630Z       allowPrivilegeEscalation: false
release	shift-left offline proof (release gate)	2026-10-04T06:59:49.4092889Z       capabilities:
release	shift-left offline proof (release gate)	2026-10-04T06:59:49.4093348Z         drop:
release	shift-left offline proof (release gate)	2026-10-04T06:59:49.4093531Z         - ALL
release	shift-left offline proof (release gate)	2026-10-04T06:59:49.4093727Z       privileged: false
release	shift-left offline proof (release gate)	2026-10-04T06:59:49.4093963Z       readOnlyRootFilesystem: true
release	shift-left offline proof (release gate)	2026-10-04T06:59:49.4094216Z       runAsNonRoot: true
release	shift-left offline proof (release gate)	2026-10-04T06:59:49.4094427Z   hostIPC: false
release	shift-left offline proof (release gate)	2026-10-04T06:59:49.4094621Z   hostNetwork: false
release	shift-left offline proof (release gate)	2026-10-04T06:59:49.4094823Z   hostPID: false
release	shift-left offline proof (release gate)	2026-10-04T06:59:49.4095032Z   preemptionPolicy: Never
release	shift-left offline proof (release gate)	2026-10-04T06:59:49.4095268Z   priority: -10000
release	shift-left offline proof (release gate)	2026-10-04T06:59:49.4095495Z   priorityClassName: cage-isolated-5-0-0
release	shift-left offline proof (release gate)	2026-10-04T06:59:49.4095765Z   securityContext:
release	shift-left offline proof (release gate)	2026-10-04T06:59:49.4095966Z     runAsNonRoot: true
release	shift-left offline proof (release gate)	2026-10-04T06:59:49.4096099Z 
release	shift-left offline proof (release gate)	2026-10-04T06:59:49.4096181Z ---
release	shift-left offline proof (release gate)	2026-10-04T06:59:49.4096277Z 
release	shift-left offline proof (release gate)	2026-10-04T06:59:49.4096280Z 
release	shift-left offline proof (release gate)	2026-10-04T06:59:49.4096368Z Mutation:
release	shift-left offline proof (release gate)	2026-10-04T06:59:49.4096574Z Mutation has been applied successfully.
release	shift-left offline proof (release gate)	2026-10-04T06:59:49.4096921Z policy cage-tier-5-0-0 applied to default/Pod/checkout-svc:
release	shift-left offline proof (release gate)	2026-10-04T06:59:49.4097254Z apiVersion: v1
release	shift-left offline proof (release gate)	2026-10-04T06:59:49.4097443Z kind: Pod
release	shift-left offline proof (release gate)	2026-10-04T06:59:49.4097617Z metadata:
release	shift-left offline proof (release gate)	2026-10-04T06:59:49.4097784Z   labels:
release	shift-left offline proof (release gate)	2026-10-04T06:59:49.4098012Z     policy-as-versioned.dev/policy-version: 5.0.0
release	shift-left offline proof (release gate)	2026-10-04T06:59:49.4098327Z     posture.acme.io/caged: "true"
release	shift-left offline proof (release gate)	2026-10-04T06:59:49.4098582Z     posture.acme.io/tier: isolated
release	shift-left offline proof (release gate)	2026-10-04T06:59:49.4098841Z     posture.acme.io/version: 5.0.0
release	shift-left offline proof (release gate)	2026-10-04T06:59:49.4099080Z   name: checkout-svc
release	shift-left offline proof (release gate)	2026-10-04T06:59:49.4099285Z   namespace: default
release	shift-left offline proof (release gate)	2026-10-04T06:59:49.4099479Z spec:
release	shift-left offline proof (release gate)	2026-10-04T06:59:49.4099651Z   containers:
release	shift-left offline proof (release gate)	2026-10-04T06:59:49.4099833Z   - image: nginx
release	shift-left offline proof (release gate)	2026-10-04T06:59:49.4100019Z     name: c
release	shift-left offline proof (release gate)	2026-10-04T06:59:49.4100192Z     resources:
release	shift-left offline proof (release gate)	2026-10-04T06:59:49.4100369Z       limits:
release	shift-left offline proof (release gate)	2026-10-04T06:59:49.4100547Z         cpu: 100m
release	shift-left offline proof (release gate)	2026-10-04T06:59:49.4101076Z         memory: 64Mi
release	shift-left offline proof (release gate)	2026-10-04T06:59:49.4101298Z     securityContext:
release	shift-left offline proof (release gate)	2026-10-04T06:59:49.4101530Z       allowPrivilegeEscalation: false
release	shift-left offline proof (release gate)	2026-10-04T06:59:49.4101793Z       capabilities:
release	shift-left offline proof (release gate)	2026-10-04T06:59:49.4101996Z         drop:
release	shift-left offline proof (release gate)	2026-10-04T06:59:49.4102174Z         - ALL
release	shift-left offline proof (release gate)	2026-10-04T06:59:49.4102362Z       privileged: false
release	shift-left offline proof (release gate)	2026-10-04T06:59:49.4102591Z       readOnlyRootFilesystem: true
release	shift-left offline proof (release gate)	2026-10-04T06:59:49.4102844Z       runAsNonRoot: true
release	shift-left offline proof (release gate)	2026-10-04T06:59:49.4103082Z   - image: ghcr.io/acme/coraza-waf:cage
release	shift-left offline proof (release gate)	2026-10-04T06:59:49.4103351Z     name: waf-sidecar
release	shift-left offline proof (release gate)	2026-10-04T06:59:49.4103556Z     resources:
release	shift-left offline proof (release gate)	2026-10-04T06:59:49.4103738Z       limits:
release	shift-left offline proof (release gate)	2026-10-04T06:59:49.4103926Z         cpu: 250m
release	shift-left offline proof (release gate)	2026-10-04T06:59:49.4104117Z         memory: 256Mi
release	shift-left offline proof (release gate)	2026-10-04T06:59:49.4104319Z     securityContext:
release	shift-left offline proof (release gate)	2026-10-04T06:59:49.4104543Z       allowPrivilegeEscalation: false
release	shift-left offline proof (release gate)	2026-10-04T06:59:49.4104802Z       capabilities:
release	shift-left offline proof (release gate)	2026-10-04T06:59:49.4104998Z         drop:
release	shift-left offline proof (release gate)	2026-10-04T06:59:49.4105181Z         - ALL
release	shift-left offline proof (release gate)	2026-10-04T06:59:49.4105374Z       privileged: false
release	shift-left offline proof (release gate)	2026-10-04T06:59:49.4105603Z       readOnlyRootFilesystem: true
release	shift-left offline proof (release gate)	2026-10-04T06:59:49.4105855Z       runAsNonRoot: true
release	shift-left offline proof (release gate)	2026-10-04T06:59:49.4106071Z   hostIPC: false
release	shift-left offline proof (release gate)	2026-10-04T06:59:49.4106276Z   hostNetwork: false
release	shift-left offline proof (release gate)	2026-10-04T06:59:49.4106482Z   hostPID: false
release	shift-left offline proof (release gate)	2026-10-04T06:59:49.4106688Z   preemptionPolicy: Never
release	shift-left offline proof (release gate)	2026-10-04T06:59:49.4106912Z   priority: -10000
release	shift-left offline proof (release gate)	2026-10-04T06:59:49.4107139Z   priorityClassName: cage-isolated-5-0-0
release	shift-left offline proof (release gate)	2026-10-04T06:59:49.4107410Z   securityContext:
release	shift-left offline proof (release gate)	2026-10-04T06:59:49.4107607Z     runAsNonRoot: true
release	shift-left offline proof (release gate)	2026-10-04T06:59:49.4107737Z 
release	shift-left offline proof (release gate)	2026-10-04T06:59:49.4107806Z ---
release	shift-left offline proof (release gate)	2026-10-04T06:59:49.4107904Z 
release	shift-left offline proof (release gate)	2026-10-04T06:59:49.4108052Z 
release	shift-left offline proof (release gate)	2026-10-04T06:59:49.4108128Z Mutation:
release	shift-left offline proof (release gate)	2026-10-04T06:59:49.4108332Z Mutation has been applied successfully.
release	shift-left offline proof (release gate)	2026-10-04T06:59:49.4108689Z policy stamp-posture-5-0-0 applied to default/Pod/checkout-svc:
release	shift-left offline proof (release gate)	2026-10-04T06:59:49.4109047Z apiVersion: v1
release	shift-left offline proof (release gate)	2026-10-04T06:59:49.4109235Z kind: Pod
release	shift-left offline proof (release gate)	2026-10-04T06:59:49.4109484Z metadata:
release	shift-left offline proof (release gate)	2026-10-04T06:59:49.4109779Z   labels:
release	shift-left offline proof (release gate)	2026-10-04T06:59:49.4110161Z     policy-as-versioned.dev/policy-version: 5.0.0
release	shift-left offline proof (release gate)	2026-10-04T06:59:49.4110989Z     posture.acme.io/caged: "true"
release	shift-left offline proof (release gate)	2026-10-04T06:59:49.4111684Z     posture.acme.io/tier: isolated
release	shift-left offline proof (release gate)	2026-10-04T06:59:49.4112152Z     posture.acme.io/version: 5.0.0
release	shift-left offline proof (release gate)	2026-10-04T06:59:49.4112592Z   name: checkout-svc
release	shift-left offline proof (release gate)	2026-10-04T06:59:49.4112948Z   namespace: default
release	shift-left offline proof (release gate)	2026-10-04T06:59:49.4113284Z spec:
release	shift-left offline proof (release gate)	2026-10-04T06:59:49.4113584Z   containers:
release	shift-left offline proof (release gate)	2026-10-04T06:59:49.4113912Z   - image: nginx
release	shift-left offline proof (release gate)	2026-10-04T06:59:49.4114238Z     name: c
release	shift-left offline proof (release gate)	2026-10-04T06:59:49.4114546Z     resources:
release	shift-left offline proof (release gate)	2026-10-04T06:59:49.4114738Z       limits:
release	shift-left offline proof (release gate)	2026-10-04T06:59:49.4114922Z         cpu: 100m
release	shift-left offline proof (release gate)	2026-10-04T06:59:49.4115114Z         memory: 64Mi
release	shift-left offline proof (release gate)	2026-10-04T06:59:49.4115322Z     securityContext:
release	shift-left offline proof (release gate)	2026-10-04T06:59:49.4115552Z       allowPrivilegeEscalation: false
release	shift-left offline proof (release gate)	2026-10-04T06:59:49.4115818Z       capabilities:
release	shift-left offline proof (release gate)	2026-10-04T06:59:49.4116010Z         drop:
release	shift-left offline proof (release gate)	2026-10-04T06:59:49.4116193Z         - ALL
release	shift-left offline proof (release gate)	2026-10-04T06:59:49.4116431Z       privileged: false
release	shift-left offline proof (release gate)	2026-10-04T06:59:49.4116678Z       readOnlyRootFilesystem: true
release	shift-left offline proof (release gate)	2026-10-04T06:59:49.4116934Z       runAsNonRoot: true
release	shift-left offline proof (release gate)	2026-10-04T06:59:49.4117172Z   - image: ghcr.io/acme/coraza-waf:cage
release	shift-left offline proof (release gate)	2026-10-04T06:59:49.4117442Z     name: waf-sidecar
release	shift-left offline proof (release gate)	2026-10-04T06:59:49.4117648Z     resources:
release	shift-left offline proof (release gate)	2026-10-04T06:59:49.4117832Z       limits:
release	shift-left offline proof (release gate)	2026-10-04T06:59:49.4118009Z         cpu: 250m
release	shift-left offline proof (release gate)	2026-10-04T06:59:49.4118202Z         memory: 256Mi
release	shift-left offline proof (release gate)	2026-10-04T06:59:49.4118407Z     securityContext:
release	shift-left offline proof (release gate)	2026-10-04T06:59:49.4118638Z       allowPrivilegeEscalation: false
release	shift-left offline proof (release gate)	2026-10-04T06:59:49.4118895Z       capabilities:
release	shift-left offline proof (release gate)	2026-10-04T06:59:49.4119087Z         drop:
release	shift-left offline proof (release gate)	2026-10-04T06:59:49.4119277Z         - ALL
release	shift-left offline proof (release gate)	2026-10-04T06:59:49.4119467Z       privileged: false
release	shift-left offline proof (release gate)	2026-10-04T06:59:49.4119707Z       readOnlyRootFilesystem: true
release	shift-left offline proof (release gate)	2026-10-04T06:59:49.4119973Z       runAsNonRoot: true
release	shift-left offline proof (release gate)	2026-10-04T06:59:49.4120189Z   hostIPC: false
release	shift-left offline proof (release gate)	2026-10-04T06:59:49.4120386Z   hostNetwork: false
release	shift-left offline proof (release gate)	2026-10-04T06:59:49.4120876Z   hostPID: false
release	shift-left offline proof (release gate)	2026-10-04T06:59:49.4121242Z   preemptionPolicy: Never
release	shift-left offline proof (release gate)	2026-10-04T06:59:49.4121723Z   priority: -10000
release	shift-left offline proof (release gate)	2026-10-04T06:59:49.4122067Z   priorityClassName: cage-isolated-5-0-0
release	shift-left offline proof (release gate)	2026-10-04T06:59:49.4122516Z   securityContext:
release	shift-left offline proof (release gate)	2026-10-04T06:59:49.4122848Z     runAsNonRoot: true
release	shift-left offline proof (release gate)	2026-10-04T06:59:49.4123064Z 
release	shift-left offline proof (release gate)	2026-10-04T06:59:49.4123180Z ---
release	shift-left offline proof (release gate)	2026-10-04T06:59:49.4123342Z 
release	shift-left offline proof (release gate)	2026-10-04T06:59:49.4123347Z 
release	shift-left offline proof (release gate)	2026-10-04T06:59:49.4123470Z Mutation:
release	shift-left offline proof (release gate)	2026-10-04T06:59:49.4123790Z Mutation has been applied successfully.
release	shift-left offline proof (release gate)	2026-10-04T06:59:49.4124377Z policy stamp-posture-5-0-0 applied to default/Pod/checkout-svc:
release	shift-left offline proof (release gate)	2026-10-04T06:59:49.4124928Z apiVersion: v1
release	shift-left offline proof (release gate)	2026-10-04T06:59:49.4125254Z kind: Pod
release	shift-left offline proof (release gate)	2026-10-04T06:59:49.4125501Z metadata:
release	shift-left offline proof (release gate)	2026-10-04T06:59:49.4125679Z   labels:
release	shift-left offline proof (release gate)	2026-10-04T06:59:49.4125910Z     policy-as-versioned.dev/policy-version: 5.0.0
release	shift-left offline proof (release gate)	2026-10-04T06:59:49.4126230Z     posture.acme.io/caged: "true"
release	shift-left offline proof (release gate)	2026-10-04T06:59:49.4126501Z     posture.acme.io/tier: isolated
release	shift-left offline proof (release gate)	2026-10-04T06:59:49.4126762Z     posture.acme.io/version: 5.0.0
release	shift-left offline proof (release gate)	2026-10-04T06:59:49.4127005Z   name: checkout-svc
release	shift-left offline proof (release gate)	2026-10-04T06:59:49.4127215Z   namespace: default
release	shift-left offline proof (release gate)	2026-10-04T06:59:49.4127412Z spec:
release	shift-left offline proof (release gate)	2026-10-04T06:59:49.4127589Z   containers:
release	shift-left offline proof (release gate)	2026-10-04T06:59:49.4127805Z   - image: nginx
release	shift-left offline proof (release gate)	2026-10-04T06:59:49.4128004Z     name: c
release	shift-left offline proof (release gate)	2026-10-04T06:59:49.4128187Z     resources:
release	shift-left offline proof (release gate)	2026-10-04T06:59:49.4128372Z       limits:
release	shift-left offline proof (release gate)	2026-10-04T06:59:49.4128561Z         cpu: 100m
release	shift-left offline proof (release gate)	2026-10-04T06:59:49.4128758Z         memory: 64Mi
release	shift-left offline proof (release gate)	2026-10-04T06:59:49.4128970Z     securityContext:
release	shift-left offline proof (release gate)	2026-10-04T06:59:49.4129202Z       allowPrivilegeEscalation: false
release	shift-left offline proof (release gate)	2026-10-04T06:59:49.4129467Z       capabilities:
release	shift-left offline proof (release gate)	2026-10-04T06:59:49.4129662Z         drop:
release	shift-left offline proof (release gate)	2026-10-04T06:59:49.4130055Z         - ALL
release	shift-left offline proof (release gate)	2026-10-04T06:59:49.4130251Z       privileged: false
release	shift-left offline proof (release gate)	2026-10-04T06:59:49.4130492Z       readOnlyRootFilesystem: true
release	shift-left offline proof (release gate)	2026-10-04T06:59:49.4131072Z       runAsNonRoot: true
release	shift-left offline proof (release gate)	2026-10-04T06:59:49.4131318Z   - image: ghcr.io/acme/coraza-waf:cage
release	shift-left offline proof (release gate)	2026-10-04T06:59:49.4131586Z     name: waf-sidecar
release	shift-left offline proof (release gate)	2026-10-04T06:59:49.4131791Z     resources:
release	shift-left offline proof (release gate)	2026-10-04T06:59:49.4131982Z       limits:
release	shift-left offline proof (release gate)	2026-10-04T06:59:49.4132162Z         cpu: 250m
release	shift-left offline proof (release gate)	2026-10-04T06:59:49.4132355Z         memory: 256Mi
release	shift-left offline proof (release gate)	2026-10-04T06:59:49.4132559Z     securityContext:
release	shift-left offline proof (release gate)	2026-10-04T06:59:49.4132926Z       allowPrivilegeEscalation: false
release	shift-left offline proof (release gate)	2026-10-04T06:59:49.4133186Z       capabilities:
release	shift-left offline proof (release gate)	2026-10-04T06:59:49.4133376Z         drop:
release	shift-left offline proof (release gate)	2026-10-04T06:59:49.4133553Z         - ALL
release	shift-left offline proof (release gate)	2026-10-04T06:59:49.4133741Z       privileged: false
release	shift-left offline proof (release gate)	2026-10-04T06:59:49.4133970Z       readOnlyRootFilesystem: true
release	shift-left offline proof (release gate)	2026-10-04T06:59:49.4134222Z       runAsNonRoot: true
release	shift-left offline proof (release gate)	2026-10-04T06:59:49.4134435Z   hostIPC: false
release	shift-left offline proof (release gate)	2026-10-04T06:59:49.4134637Z   hostNetwork: false
release	shift-left offline proof (release gate)	2026-10-04T06:59:49.4134838Z   hostPID: false
release	shift-left offline proof (release gate)	2026-10-04T06:59:49.4135039Z   preemptionPolicy: Never
release	shift-left offline proof (release gate)	2026-10-04T06:59:49.4135260Z   priority: -10000
release	shift-left offline proof (release gate)	2026-10-04T06:59:49.4135489Z   priorityClassName: cage-isolated-5-0-0
release	shift-left offline proof (release gate)	2026-10-04T06:59:49.4135761Z   securityContext:
release	shift-left offline proof (release gate)	2026-10-04T06:59:49.4135959Z     runAsNonRoot: true
release	shift-left offline proof (release gate)	2026-10-04T06:59:49.4136089Z 
release	shift-left offline proof (release gate)	2026-10-04T06:59:49.4136159Z ---
release	shift-left offline proof (release gate)	2026-10-04T06:59:49.4136261Z 
release	shift-left offline proof (release gate)	2026-10-04T06:59:49.4136265Z 
release	shift-left offline proof (release gate)	2026-10-04T06:59:49.4136336Z Mutation:
release	shift-left offline proof (release gate)	2026-10-04T06:59:49.4136538Z Mutation has been applied successfully.
release	shift-left offline proof (release gate)	2026-10-04T06:59:49.4136896Z policy cage-netpol-5-0-0 applied to default/Pod/checkout-svc:
release	shift-left offline proof (release gate)	2026-10-04T06:59:49.4137257Z apiVersion: networking.k8s.io/v1
release	shift-left offline proof (release gate)	2026-10-04T06:59:49.4137505Z kind: NetworkPolicy
release	shift-left offline proof (release gate)	2026-10-04T06:59:49.4137702Z metadata:
release	shift-left offline proof (release gate)	2026-10-04T06:59:49.4137877Z   labels:
release	shift-left offline proof (release gate)	2026-10-04T06:59:49.4138079Z     app.kubernetes.io/managed-by: kyverno
release	shift-left offline proof (release gate)	2026-10-04T06:59:49.4138358Z     posture.acme.io/cage: reach
release	shift-left offline proof (release gate)	2026-10-04T06:59:49.4138612Z     posture.acme.io/tier: restricted
release	shift-left offline proof (release gate)	2026-10-04T06:59:49.4138882Z   name: cage-reach-restricted
release	shift-left offline proof (release gate)	2026-10-04T06:59:49.4139116Z   namespace: default
release	shift-left offline proof (release gate)	2026-10-04T06:59:49.4139315Z spec:
release	shift-left offline proof (release gate)	2026-10-04T06:59:49.4139484Z   egress:
release	shift-left offline proof (release gate)	2026-10-04T06:59:49.4139667Z   - ports:
release	shift-left offline proof (release gate)	2026-10-04T06:59:49.4139845Z     - port: 53
release	shift-left offline proof (release gate)	2026-10-04T06:59:49.4140034Z       protocol: UDP
release	shift-left offline proof (release gate)	2026-10-04T06:59:49.4140220Z     to:
release	shift-left offline proof (release gate)	2026-10-04T06:59:49.4140405Z     - namespaceSelector:
release	shift-left offline proof (release gate)	2026-10-04T06:59:49.4140875Z         matchLabels:
release	shift-left offline proof (release gate)	2026-10-04T06:59:49.4141294Z           kubernetes.io/metadata.name: kube-system
release	shift-left offline proof (release gate)	2026-10-04T06:59:49.4141608Z   ingress:
release	shift-left offline proof (release gate)	2026-10-04T06:59:49.4141783Z   - from:
release	shift-left offline proof (release gate)	2026-10-04T06:59:49.4141964Z     - podSelector: {}
release	shift-left offline proof (release gate)	2026-10-04T06:59:49.4142178Z   podSelector:
release	shift-left offline proof (release gate)	2026-10-04T06:59:49.4142369Z     matchLabels:
release	shift-left offline proof (release gate)	2026-10-04T06:59:49.4142583Z       posture.acme.io/caged: "true"
release	shift-left offline proof (release gate)	2026-10-04T06:59:49.4142853Z       posture.acme.io/tier: restricted
release	shift-left offline proof (release gate)	2026-10-04T06:59:49.4143107Z   policyTypes:
release	shift-left offline proof (release gate)	2026-10-04T06:59:49.4143294Z   - Ingress
release	shift-left offline proof (release gate)	2026-10-04T06:59:49.4143469Z   - Egress
release	shift-left offline proof (release gate)	2026-10-04T06:59:49.4143570Z 
release	shift-left offline proof (release gate)	2026-10-04T06:59:49.4143646Z ---
release	shift-left offline proof (release gate)	2026-10-04T06:59:49.4143746Z 
release	shift-left offline proof (release gate)	2026-10-04T06:59:49.4143749Z 
release	shift-left offline proof (release gate)	2026-10-04T06:59:49.4143820Z Generate:
release	shift-left offline proof (release gate)	2026-10-04T06:59:49.4144016Z Generation completed successfully.
release	shift-left offline proof (release gate)	2026-10-04T06:59:49.4144354Z policy cage-netpol-5-0-0 applied to default/Pod/checkout-svc:
release	shift-left offline proof (release gate)	2026-10-04T06:59:49.4144710Z apiVersion: networking.k8s.io/v1
release	shift-left offline proof (release gate)	2026-10-04T06:59:49.4144960Z kind: NetworkPolicy
release	shift-left offline proof (release gate)	2026-10-04T06:59:49.4145157Z metadata:
release	shift-left offline proof (release gate)	2026-10-04T06:59:49.4145327Z   labels:
release	shift-left offline proof (release gate)	2026-10-04T06:59:49.4145522Z     app.kubernetes.io/managed-by: kyverno
release	shift-left offline proof (release gate)	2026-10-04T06:59:49.4145803Z     posture.acme.io/cage: reach
release	shift-left offline proof (release gate)	2026-10-04T06:59:49.4146054Z     posture.acme.io/tier: quarantine
release	shift-left offline proof (release gate)	2026-10-04T06:59:49.4146324Z   name: cage-reach-quarantine
release	shift-left offline proof (release gate)	2026-10-04T06:59:49.4146555Z   namespace: default
release	shift-left offline proof (release gate)	2026-10-04T06:59:49.4146760Z spec:
release	shift-left offline proof (release gate)	2026-10-04T06:59:49.4146926Z   egress:
release	shift-left offline proof (release gate)	2026-10-04T06:59:49.4147102Z   - ports:
release	shift-left offline proof (release gate)	2026-10-04T06:59:49.4147284Z     - port: 53
release	shift-left offline proof (release gate)	2026-10-04T06:59:49.4147489Z       protocol: UDP
release	shift-left offline proof (release gate)	2026-10-04T06:59:49.4147851Z     to:
release	shift-left offline proof (release gate)	2026-10-04T06:59:49.4148049Z     - namespaceSelector:
release	shift-left offline proof (release gate)	2026-10-04T06:59:49.4148277Z         matchLabels:
release	shift-left offline proof (release gate)	2026-10-04T06:59:49.4148515Z           kubernetes.io/metadata.name: kube-system
release	shift-left offline proof (release gate)	2026-10-04T06:59:49.4148801Z   ingress:
release	shift-left offline proof (release gate)	2026-10-04T06:59:49.4148979Z   - from:
release	shift-left offline proof (release gate)	2026-10-04T06:59:49.4149164Z     - podSelector: {}
release	shift-left offline proof (release gate)	2026-10-04T06:59:49.4149371Z   podSelector:
release	shift-left offline proof (release gate)	2026-10-04T06:59:49.4149560Z     matchLabels:
release	shift-left offline proof (release gate)	2026-10-04T06:59:49.4149773Z       posture.acme.io/caged: "true"
release	shift-left offline proof (release gate)	2026-10-04T06:59:49.4150044Z       posture.acme.io/tier: quarantine
release	shift-left offline proof (release gate)	2026-10-04T06:59:49.4150425Z   policyTypes:
release	shift-left offline proof (release gate)	2026-10-04T06:59:49.4150839Z   - Ingress
release	shift-left offline proof (release gate)	2026-10-04T06:59:49.4151035Z   - Egress
release	shift-left offline proof (release gate)	2026-10-04T06:59:49.4151137Z 
release	shift-left offline proof (release gate)	2026-10-04T06:59:49.4151213Z ---
release	shift-left offline proof (release gate)	2026-10-04T06:59:49.4151307Z 
release	shift-left offline proof (release gate)	2026-10-04T06:59:49.4151310Z 
release	shift-left offline proof (release gate)	2026-10-04T06:59:49.4151387Z Generate:
release	shift-left offline proof (release gate)	2026-10-04T06:59:49.4151586Z Generation completed successfully.
release	shift-left offline proof (release gate)	2026-10-04T06:59:49.4151931Z policy cage-netpol-5-0-0 applied to default/Pod/checkout-svc:
release	shift-left offline proof (release gate)	2026-10-04T06:59:49.4152294Z apiVersion: networking.k8s.io/v1
release	shift-left offline proof (release gate)	2026-10-04T06:59:49.4152539Z kind: NetworkPolicy
release	shift-left offline proof (release gate)	2026-10-04T06:59:49.4152737Z metadata:
release	shift-left offline proof (release gate)	2026-10-04T06:59:49.4152922Z   labels:
release	shift-left offline proof (release gate)	2026-10-04T06:59:49.4153117Z     app.kubernetes.io/managed-by: kyverno
release	shift-left offline proof (release gate)	2026-10-04T06:59:49.4153394Z     posture.acme.io/cage: reach
release	shift-left offline proof (release gate)	2026-10-04T06:59:49.4153643Z     posture.acme.io/tier: isolated
release	shift-left offline proof (release gate)	2026-10-04T06:59:49.4153902Z   name: cage-reach-isolated
release	shift-left offline proof (release gate)	2026-10-04T06:59:49.4154131Z   namespace: default
release	shift-left offline proof (release gate)	2026-10-04T06:59:49.4154332Z spec:
release	shift-left offline proof (release gate)	2026-10-04T06:59:49.4154507Z   egress: []
release	shift-left offline proof (release gate)	2026-10-04T06:59:49.4154694Z   ingress: []
release	shift-left offline proof (release gate)	2026-10-04T06:59:49.4154886Z   podSelector:
release	shift-left offline proof (release gate)	2026-10-04T06:59:49.4155073Z     matchLabels:
release	shift-left offline proof (release gate)	2026-10-04T06:59:49.4155286Z       posture.acme.io/caged: "true"
release	shift-left offline proof (release gate)	2026-10-04T06:59:49.4155555Z       posture.acme.io/tier: isolated
release	shift-left offline proof (release gate)	2026-10-04T06:59:49.4155804Z   policyTypes:
release	shift-left offline proof (release gate)	2026-10-04T06:59:49.4155992Z   - Ingress
release	shift-left offline proof (release gate)	2026-10-04T06:59:49.4156169Z   - Egress
release	shift-left offline proof (release gate)	2026-10-04T06:59:49.4156269Z 
release	shift-left offline proof (release gate)	2026-10-04T06:59:49.4156344Z ---
release	shift-left offline proof (release gate)	2026-10-04T06:59:49.4156442Z 
release	shift-left offline proof (release gate)	2026-10-04T06:59:49.4156452Z 
release	shift-left offline proof (release gate)	2026-10-04T06:59:49.4156526Z Generate:
release	shift-left offline proof (release gate)	2026-10-04T06:59:49.4156726Z Generation completed successfully.
release	shift-left offline proof (release gate)	2026-10-04T06:59:49.4157004Z pass: 7, fail: 0, warn: 0, error: 0, skip: 0
release	shift-left offline proof (release gate)	2026-10-04T06:59:49.4157204Z 
release	shift-left offline proof (release gate)	2026-10-04T06:59:49.4157776Z shift-left: fixtures/workload-flip.yaml is compliant on kyverno 1.18.2 across the line(s) of its window that support it ['5.0.0']; unsupported pairing(s), not run and not passed: v4.0.0
release	shift-left offline proof (release gate)	2026-10-04T06:59:49.4158593Z ok  a neighbour with no tested_engines (exit 0)
release	shift-left offline proof (release gate)	2026-10-04T06:59:49.4158804Z 
release	shift-left offline proof (release gate)	2026-10-04T06:59:49.4159015Z == a CLI that reports another version than the declared engine could not look ==
release	shift-left offline proof (release gate)	2026-10-04T06:59:49.5766517Z fixtures/workload-compliant.yaml: targets 5.0.0, checking supported window ['4.0.0', '5.0.0']
release	shift-left offline proof (release gate)	2026-10-04T06:59:49.5768110Z declared engine: kyverno 1.19.1 (read from /tmp/tmp.ICSOJuSMzp/decl-1.19.1.yaml, --engine-declaration /tmp/tmp.ICSOJuSMzp/decl-1.19.1.yaml)
release	shift-left offline proof (release gate)	2026-10-04T06:59:49.5769846Z UNSUPPORTED PAIRING @ v4.0.0: kyverno 1.19.1 is not a supported engine of v4.0.0 (tested_engines ['1.18.2']); not run, so neither a compile error nor a pass
release	shift-left offline proof (release gate)	2026-10-04T06:59:49.5771431Z COULD NOT LOOK: the kyverno CLI on PATH reports 1.18.2, and the declared engine is 1.19.1; a line run on another engine would measure a pairing nobody declared
release	shift-left offline proof (release gate)	2026-10-04T06:59:49.5796377Z ok  a CLI of another version (exit 3)
release	shift-left offline proof (release gate)	2026-10-04T06:59:49.5796747Z 
release	shift-left offline proof (release gate)	2026-10-04T06:59:49.5806042Z == an adopter's own repository declares the engine, and the check finds it with no flag ==
release	shift-left offline proof (release gate)	2026-10-04T06:59:50.7644931Z /tmp/tmp.ICSOJuSMzp/adopter/deploy/pod.yaml: targets 5.0.0, checking supported window ['5.0.0', '6.0.0']
release	shift-left offline proof (release gate)	2026-10-04T06:59:50.7647005Z declared engine: kyverno 1.18.2 (read from /tmp/tmp.ICSOJuSMzp/adopter/gitops/engine/kyverno.yaml, the top of adopter, the repository /tmp/tmp.ICSOJuSMzp/adopter/deploy/pod.yaml belongs to)
release	shift-left offline proof (release gate)	2026-10-04T06:59:50.7648585Z --- kyverno apply @ v5.0.0 ---
release	shift-left offline proof (release gate)	2026-10-04T06:59:50.7649337Z Applying 5 policy rule(s) to 1 resource(s)...
release	shift-left offline proof (release gate)	2026-10-04T06:59:50.7650412Z 
release	shift-left offline proof (release gate)	2026-10-04T06:59:50.7650973Z policy cage-tier-5-0-0 applied to default/Pod/checkout-svc:
release	shift-left offline proof (release gate)	2026-10-04T06:59:50.7651590Z apiVersion: v1
release	shift-left offline proof (release gate)	2026-10-04T06:59:50.7651934Z kind: Pod
release	shift-left offline proof (release gate)	2026-10-04T06:59:50.7652256Z metadata:
release	shift-left offline proof (release gate)	2026-10-04T06:59:50.7652546Z   labels:
release	shift-left offline proof (release gate)	2026-10-04T06:59:50.7652950Z     policy-as-versioned.dev/policy-version: 5.0.0
release	shift-left offline proof (release gate)	2026-10-04T06:59:50.7653491Z     posture.acme.io/caged: "true"
release	shift-left offline proof (release gate)	2026-10-04T06:59:50.7653937Z     posture.acme.io/tier: isolated
release	shift-left offline proof (release gate)	2026-10-04T06:59:50.7654394Z     posture.acme.io/version: 5.0.0
release	shift-left offline proof (release gate)	2026-10-04T06:59:50.7655071Z   name: checkout-svc
release	shift-left offline proof (release gate)	2026-10-04T06:59:50.7655314Z   namespace: default
release	shift-left offline proof (release gate)	2026-10-04T06:59:50.7655513Z spec:
release	shift-left offline proof (release gate)	2026-10-04T06:59:50.7655685Z   containers:
release	shift-left offline proof (release gate)	2026-10-04T06:59:50.7655880Z   - image: nginx
release	shift-left offline proof (release gate)	2026-10-04T06:59:50.7656071Z     name: c
release	shift-left offline proof (release gate)	2026-10-04T06:59:50.7656271Z     resources:
release	shift-left offline proof (release gate)	2026-10-04T06:59:50.7656450Z       limits:
release	shift-left offline proof (release gate)	2026-10-04T06:59:50.7656627Z         cpu: 100m
release	shift-left offline proof (release gate)	2026-10-04T06:59:50.7656817Z         memory: 64Mi
release	shift-left offline proof (release gate)	2026-10-04T06:59:50.7657022Z     securityContext:
release	shift-left offline proof (release gate)	2026-10-04T06:59:50.7657248Z       allowPrivilegeEscalation: false
release	shift-left offline proof (release gate)	2026-10-04T06:59:50.7657509Z       capabilities:
release	shift-left offline proof (release gate)	2026-10-04T06:59:50.7657697Z         drop:
release	shift-left offline proof (release gate)	2026-10-04T06:59:50.7657872Z         - ALL
release	shift-left offline proof (release gate)	2026-10-04T06:59:50.7658064Z       privileged: false
release	shift-left offline proof (release gate)	2026-10-04T06:59:50.7658297Z       readOnlyRootFilesystem: true
release	shift-left offline proof (release gate)	2026-10-04T06:59:50.7658545Z       runAsNonRoot: true
release	shift-left offline proof (release gate)	2026-10-04T06:59:50.7658778Z   - image: ghcr.io/acme/coraza-waf:cage
release	shift-left offline proof (release gate)	2026-10-04T06:59:50.7659038Z     name: waf-sidecar
release	shift-left offline proof (release gate)	2026-10-04T06:59:50.7659243Z     resources:
release	shift-left offline proof (release gate)	2026-10-04T06:59:50.7659422Z       limits:
release	shift-left offline proof (release gate)	2026-10-04T06:59:50.7659694Z         cpu: 250m
release	shift-left offline proof (release gate)	2026-10-04T06:59:50.7659882Z         memory: 256Mi
release	shift-left offline proof (release gate)	2026-10-04T06:59:50.7660080Z     securityContext:
release	shift-left offline proof (release gate)	2026-10-04T06:59:50.7660303Z       allowPrivilegeEscalation: false
release	shift-left offline proof (release gate)	2026-10-04T06:59:50.7660553Z       capabilities:
release	shift-left offline proof (release gate)	2026-10-04T06:59:50.7661023Z         drop:
release	shift-left offline proof (release gate)	2026-10-04T06:59:50.7661206Z         - ALL
release	shift-left offline proof (release gate)	2026-10-04T06:59:50.7661396Z       privileged: false
release	shift-left offline proof (release gate)	2026-10-04T06:59:50.7661631Z       readOnlyRootFilesystem: true
release	shift-left offline proof (release gate)	2026-10-04T06:59:50.7661879Z       runAsNonRoot: true
release	shift-left offline proof (release gate)	2026-10-04T06:59:50.7662090Z   hostIPC: false
release	shift-left offline proof (release gate)	2026-10-04T06:59:50.7662296Z   hostNetwork: false
release	shift-left offline proof (release gate)	2026-10-04T06:59:50.7662501Z   hostPID: false
release	shift-left offline proof (release gate)	2026-10-04T06:59:50.7662706Z   preemptionPolicy: Never
release	shift-left offline proof (release gate)	2026-10-04T06:59:50.7662930Z   priority: -10000
release	shift-left offline proof (release gate)	2026-10-04T06:59:50.7663156Z   priorityClassName: cage-isolated-5-0-0
release	shift-left offline proof (release gate)	2026-10-04T06:59:50.7663424Z   securityContext:
release	shift-left offline proof (release gate)	2026-10-04T06:59:50.7663630Z     runAsNonRoot: true
release	shift-left offline proof (release gate)	2026-10-04T06:59:50.7663758Z 
release	shift-left offline proof (release gate)	2026-10-04T06:59:50.7663839Z ---
release	shift-left offline proof (release gate)	2026-10-04T06:59:50.7663931Z 
release	shift-left offline proof (release gate)	2026-10-04T06:59:50.7663935Z 
release	shift-left offline proof (release gate)	2026-10-04T06:59:50.7664014Z Mutation:
release	shift-left offline proof (release gate)	2026-10-04T06:59:50.7664220Z Mutation has been applied successfully.
release	shift-left offline proof (release gate)	2026-10-04T06:59:50.7664561Z policy cage-tier-5-0-0 applied to default/Pod/checkout-svc:
release	shift-left offline proof (release gate)	2026-10-04T06:59:50.7664888Z apiVersion: v1
release	shift-left offline proof (release gate)	2026-10-04T06:59:50.7665072Z kind: Pod
release	shift-left offline proof (release gate)	2026-10-04T06:59:50.7665244Z metadata:
release	shift-left offline proof (release gate)	2026-10-04T06:59:50.7665518Z   labels:
release	shift-left offline proof (release gate)	2026-10-04T06:59:50.7665933Z     policy-as-versioned.dev/policy-version: 5.0.0
release	shift-left offline proof (release gate)	2026-10-04T06:59:50.7666504Z     posture.acme.io/caged: "true"
release	shift-left offline proof (release gate)	2026-10-04T06:59:50.7667024Z     posture.acme.io/tier: isolated
release	shift-left offline proof (release gate)	2026-10-04T06:59:50.7667698Z     posture.acme.io/version: 5.0.0
release	shift-left offline proof (release gate)	2026-10-04T06:59:50.7668290Z   name: checkout-svc
release	shift-left offline proof (release gate)	2026-10-04T06:59:50.7668549Z   namespace: default
release	shift-left offline proof (release gate)	2026-10-04T06:59:50.7668748Z spec:
release	shift-left offline proof (release gate)	2026-10-04T06:59:50.7668921Z   containers:
release	shift-left offline proof (release gate)	2026-10-04T06:59:50.7669111Z   - image: nginx
release	shift-left offline proof (release gate)	2026-10-04T06:59:50.7669296Z     name: c
release	shift-left offline proof (release gate)	2026-10-04T06:59:50.7669468Z     resources:
release	shift-left offline proof (release gate)	2026-10-04T06:59:50.7669654Z       limits:
release	shift-left offline proof (release gate)	2026-10-04T06:59:50.7669829Z         cpu: 100m
release	shift-left offline proof (release gate)	2026-10-04T06:59:50.7670019Z         memory: 64Mi
release	shift-left offline proof (release gate)	2026-10-04T06:59:50.7670211Z     securityContext:
release	shift-left offline proof (release gate)	2026-10-04T06:59:50.7670429Z       allowPrivilegeEscalation: false
release	shift-left offline proof (release gate)	2026-10-04T06:59:50.7671189Z       capabilities:
release	shift-left offline proof (release gate)	2026-10-04T06:59:50.7671532Z         drop:
release	shift-left offline proof (release gate)	2026-10-04T06:59:50.7671835Z         - ALL
release	shift-left offline proof (release gate)	2026-10-04T06:59:50.7672120Z       privileged: false
release	shift-left offline proof (release gate)	2026-10-04T06:59:50.7672546Z       readOnlyRootFilesystem: true
release	shift-left offline proof (release gate)	2026-10-04T06:59:50.7672803Z       runAsNonRoot: true
release	shift-left offline proof (release gate)	2026-10-04T06:59:50.7673042Z   - image: ghcr.io/acme/coraza-waf:cage
release	shift-left offline proof (release gate)	2026-10-04T06:59:50.7673311Z     name: waf-sidecar
release	shift-left offline proof (release gate)	2026-10-04T06:59:50.7673516Z     resources:
release	shift-left offline proof (release gate)	2026-10-04T06:59:50.7673700Z       limits:
release	shift-left offline proof (release gate)	2026-10-04T06:59:50.7673878Z         cpu: 250m
release	shift-left offline proof (release gate)	2026-10-04T06:59:50.7674068Z         memory: 256Mi
release	shift-left offline proof (release gate)	2026-10-04T06:59:50.7674273Z     securityContext:
release	shift-left offline proof (release gate)	2026-10-04T06:59:50.7674498Z       allowPrivilegeEscalation: false
release	shift-left offline proof (release gate)	2026-10-04T06:59:50.7674755Z       capabilities:
release	shift-left offline proof (release gate)	2026-10-04T06:59:50.7675066Z         drop:
release	shift-left offline proof (release gate)	2026-10-04T06:59:50.7675242Z         - ALL
release	shift-left offline proof (release gate)	2026-10-04T06:59:50.7675429Z       privileged: false
release	shift-left offline proof (release gate)	2026-10-04T06:59:50.7675656Z       readOnlyRootFilesystem: true
release	shift-left offline proof (release gate)	2026-10-04T06:59:50.7675911Z       runAsNonRoot: true
release	shift-left offline proof (release gate)	2026-10-04T06:59:50.7676129Z   hostIPC: false
release	shift-left offline proof (release gate)	2026-10-04T06:59:50.7676321Z   hostNetwork: false
release	shift-left offline proof (release gate)	2026-10-04T06:59:50.7676517Z   hostPID: false
release	shift-left offline proof (release gate)	2026-10-04T06:59:50.7676718Z   preemptionPolicy: Never
release	shift-left offline proof (release gate)	2026-10-04T06:59:50.7676946Z   priority: -10000
release	shift-left offline proof (release gate)	2026-10-04T06:59:50.7677180Z   priorityClassName: cage-isolated-5-0-0
release	shift-left offline proof (release gate)	2026-10-04T06:59:50.7677452Z   securityContext:
release	shift-left offline proof (release gate)	2026-10-04T06:59:50.7677652Z     runAsNonRoot: true
release	shift-left offline proof (release gate)	2026-10-04T06:59:50.7677788Z 
release	shift-left offline proof (release gate)	2026-10-04T06:59:50.7677857Z ---
release	shift-left offline proof (release gate)	2026-10-04T06:59:50.7677956Z 
release	shift-left offline proof (release gate)	2026-10-04T06:59:50.7677960Z 
release	shift-left offline proof (release gate)	2026-10-04T06:59:50.7678032Z Mutation:
release	shift-left offline proof (release gate)	2026-10-04T06:59:50.7678237Z Mutation has been applied successfully.
release	shift-left offline proof (release gate)	2026-10-04T06:59:50.7678766Z policy stamp-posture-5-0-0 applied to default/Pod/checkout-svc:
release	shift-left offline proof (release gate)	2026-10-04T06:59:50.7679406Z apiVersion: v1
release	shift-left offline proof (release gate)	2026-10-04T06:59:50.7679728Z kind: Pod
release	shift-left offline proof (release gate)	2026-10-04T06:59:50.7680023Z metadata:
release	shift-left offline proof (release gate)	2026-10-04T06:59:50.7680314Z   labels:
release	shift-left offline proof (release gate)	2026-10-04T06:59:50.7681096Z     policy-as-versioned.dev/policy-version: 5.0.0
release	shift-left offline proof (release gate)	2026-10-04T06:59:50.7681789Z     posture.acme.io/caged: "true"
release	shift-left offline proof (release gate)	2026-10-04T06:59:50.7682466Z     posture.acme.io/tier: isolated
release	shift-left offline proof (release gate)	2026-10-04T06:59:50.7682857Z     posture.acme.io/version: 5.0.0
release	shift-left offline proof (release gate)	2026-10-04T06:59:50.7683101Z   name: checkout-svc
release	shift-left offline proof (release gate)	2026-10-04T06:59:50.7683318Z   namespace: default
release	shift-left offline proof (release gate)	2026-10-04T06:59:50.7683521Z spec:
release	shift-left offline proof (release gate)	2026-10-04T06:59:50.7683694Z   containers:
release	shift-left offline proof (release gate)	2026-10-04T06:59:50.7683882Z   - image: nginx
release	shift-left offline proof (release gate)	2026-10-04T06:59:50.7684071Z     name: c
release	shift-left offline proof (release gate)	2026-10-04T06:59:50.7684245Z     resources:
release	shift-left offline proof (release gate)	2026-10-04T06:59:50.7684422Z       limits:
release	shift-left offline proof (release gate)	2026-10-04T06:59:50.7684598Z         cpu: 100m
release	shift-left offline proof (release gate)	2026-10-04T06:59:50.7684784Z         memory: 64Mi
release	shift-left offline proof (release gate)	2026-10-04T06:59:50.7684981Z     securityContext:
release	shift-left offline proof (release gate)	2026-10-04T06:59:50.7685205Z       allowPrivilegeEscalation: false
release	shift-left offline proof (release gate)	2026-10-04T06:59:50.7685464Z       capabilities:
release	shift-left offline proof (release gate)	2026-10-04T06:59:50.7685661Z         drop:
release	shift-left offline proof (release gate)	2026-10-04T06:59:50.7685845Z         - ALL
release	shift-left offline proof (release gate)	2026-10-04T06:59:50.7686031Z       privileged: false
release	shift-left offline proof (release gate)	2026-10-04T06:59:50.7686259Z       readOnlyRootFilesystem: true
release	shift-left offline proof (release gate)	2026-10-04T06:59:50.7686509Z       runAsNonRoot: true
release	shift-left offline proof (release gate)	2026-10-04T06:59:50.7686743Z   - image: ghcr.io/acme/coraza-waf:cage
release	shift-left offline proof (release gate)	2026-10-04T06:59:50.7687007Z     name: waf-sidecar
release	shift-left offline proof (release gate)	2026-10-04T06:59:50.7687206Z     resources:
release	shift-left offline proof (release gate)	2026-10-04T06:59:50.7687384Z       limits:
release	shift-left offline proof (release gate)	2026-10-04T06:59:50.7687567Z         cpu: 250m
release	shift-left offline proof (release gate)	2026-10-04T06:59:50.7687754Z         memory: 256Mi
release	shift-left offline proof (release gate)	2026-10-04T06:59:50.7688007Z     securityContext:
release	shift-left offline proof (release gate)	2026-10-04T06:59:50.7688229Z       allowPrivilegeEscalation: false
release	shift-left offline proof (release gate)	2026-10-04T06:59:50.7688487Z       capabilities:
release	shift-left offline proof (release gate)	2026-10-04T06:59:50.7688701Z         drop:
release	shift-left offline proof (release gate)	2026-10-04T06:59:50.7688878Z         - ALL
release	shift-left offline proof (release gate)	2026-10-04T06:59:50.7689067Z       privileged: false
release	shift-left offline proof (release gate)	2026-10-04T06:59:50.7689295Z       readOnlyRootFilesystem: true
release	shift-left offline proof (release gate)	2026-10-04T06:59:50.7689541Z       runAsNonRoot: true
release	shift-left offline proof (release gate)	2026-10-04T06:59:50.7689756Z   hostIPC: false
release	shift-left offline proof (release gate)	2026-10-04T06:59:50.7689949Z   hostNetwork: false
release	shift-left offline proof (release gate)	2026-10-04T06:59:50.7690144Z   hostPID: false
release	shift-left offline proof (release gate)	2026-10-04T06:59:50.7690350Z   preemptionPolicy: Never
release	shift-left offline proof (release gate)	2026-10-04T06:59:50.7690572Z   priority: -10000
release	shift-left offline proof (release gate)	2026-10-04T06:59:50.7691074Z   priorityClassName: cage-isolated-5-0-0
release	shift-left offline proof (release gate)	2026-10-04T06:59:50.7691582Z   securityContext:
release	shift-left offline proof (release gate)	2026-10-04T06:59:50.7691938Z     runAsNonRoot: true
release	shift-left offline proof (release gate)	2026-10-04T06:59:50.7692172Z 
release	shift-left offline proof (release gate)	2026-10-04T06:59:50.7692302Z ---
release	shift-left offline proof (release gate)	2026-10-04T06:59:50.7692701Z 
release	shift-left offline proof (release gate)	2026-10-04T06:59:50.7692710Z 
release	shift-left offline proof (release gate)	2026-10-04T06:59:50.7692852Z Mutation:
release	shift-left offline proof (release gate)	2026-10-04T06:59:50.7693216Z Mutation has been applied successfully.
release	shift-left offline proof (release gate)	2026-10-04T06:59:50.7694120Z policy stamp-posture-5-0-0 applied to default/Pod/checkout-svc:
release	shift-left offline proof (release gate)	2026-10-04T06:59:50.7694808Z apiVersion: v1
release	shift-left offline proof (release gate)	2026-10-04T06:59:50.7695007Z kind: Pod
release	shift-left offline proof (release gate)	2026-10-04T06:59:50.7695181Z metadata:
release	shift-left offline proof (release gate)	2026-10-04T06:59:50.7695349Z   labels:
release	shift-left offline proof (release gate)	2026-10-04T06:59:50.7695579Z     policy-as-versioned.dev/policy-version: 5.0.0
release	shift-left offline proof (release gate)	2026-10-04T06:59:50.7695894Z     posture.acme.io/caged: "true"
release	shift-left offline proof (release gate)	2026-10-04T06:59:50.7696310Z     posture.acme.io/tier: isolated
release	shift-left offline proof (release gate)	2026-10-04T06:59:50.7696562Z     posture.acme.io/version: 5.0.0
release	shift-left offline proof (release gate)	2026-10-04T06:59:50.7696802Z   name: checkout-svc
release	shift-left offline proof (release gate)	2026-10-04T06:59:50.7697006Z   namespace: default
release	shift-left offline proof (release gate)	2026-10-04T06:59:50.7697198Z spec:
release	shift-left offline proof (release gate)	2026-10-04T06:59:50.7697372Z   containers:
release	shift-left offline proof (release gate)	2026-10-04T06:59:50.7697563Z   - image: nginx
release	shift-left offline proof (release gate)	2026-10-04T06:59:50.7697750Z     name: c
release	shift-left offline proof (release gate)	2026-10-04T06:59:50.7697923Z     resources:
release	shift-left offline proof (release gate)	2026-10-04T06:59:50.7698100Z       limits:
release	shift-left offline proof (release gate)	2026-10-04T06:59:50.7698291Z         cpu: 100m
release	shift-left offline proof (release gate)	2026-10-04T06:59:50.7698478Z         memory: 64Mi
release	shift-left offline proof (release gate)	2026-10-04T06:59:50.7698675Z     securityContext:
release	shift-left offline proof (release gate)	2026-10-04T06:59:50.7698896Z       allowPrivilegeEscalation: false
release	shift-left offline proof (release gate)	2026-10-04T06:59:50.7699151Z       capabilities:
release	shift-left offline proof (release gate)	2026-10-04T06:59:50.7699340Z         drop:
release	shift-left offline proof (release gate)	2026-10-04T06:59:50.7699527Z         - ALL
release	shift-left offline proof (release gate)	2026-10-04T06:59:50.7699719Z       privileged: false
release	shift-left offline proof (release gate)	2026-10-04T06:59:50.7699948Z       readOnlyRootFilesystem: true
release	shift-left offline proof (release gate)	2026-10-04T06:59:50.7700196Z       runAsNonRoot: true
release	shift-left offline proof (release gate)	2026-10-04T06:59:50.7700433Z   - image: ghcr.io/acme/coraza-waf:cage
release	shift-left offline proof (release gate)	2026-10-04T06:59:50.7701007Z     name: waf-sidecar
release	shift-left offline proof (release gate)	2026-10-04T06:59:50.7701224Z     resources:
release	shift-left offline proof (release gate)	2026-10-04T06:59:50.7709263Z       limits:
release	shift-left offline proof (release gate)	2026-10-04T06:59:50.7709500Z         cpu: 250m
release	shift-left offline proof (release gate)	2026-10-04T06:59:50.7709715Z         memory: 256Mi
release	shift-left offline proof (release gate)	2026-10-04T06:59:50.7709942Z     securityContext:
release	shift-left offline proof (release gate)	2026-10-04T06:59:50.7710192Z       allowPrivilegeEscalation: false
release	shift-left offline proof (release gate)	2026-10-04T06:59:50.7710481Z       capabilities:
release	shift-left offline proof (release gate)	2026-10-04T06:59:50.7710969Z         drop:
release	shift-left offline proof (release gate)	2026-10-04T06:59:50.7711181Z         - ALL
release	shift-left offline proof (release gate)	2026-10-04T06:59:50.7711383Z       privileged: false
release	shift-left offline proof (release gate)	2026-10-04T06:59:50.7711629Z       readOnlyRootFilesystem: true
release	shift-left offline proof (release gate)	2026-10-04T06:59:50.7711895Z       runAsNonRoot: true
release	shift-left offline proof (release gate)	2026-10-04T06:59:50.7712118Z   hostIPC: false
release	shift-left offline proof (release gate)	2026-10-04T06:59:50.7712318Z   hostNetwork: false
release	shift-left offline proof (release gate)	2026-10-04T06:59:50.7712523Z   hostPID: false
release	shift-left offline proof (release gate)	2026-10-04T06:59:50.7712736Z   preemptionPolicy: Never
release	shift-left offline proof (release gate)	2026-10-04T06:59:50.7712970Z   priority: -10000
release	shift-left offline proof (release gate)	2026-10-04T06:59:50.7713207Z   priorityClassName: cage-isolated-5-0-0
release	shift-left offline proof (release gate)	2026-10-04T06:59:50.7713495Z   securityContext:
release	shift-left offline proof (release gate)	2026-10-04T06:59:50.7713698Z     runAsNonRoot: true
release	shift-left offline proof (release gate)	2026-10-04T06:59:50.7713828Z 
release	shift-left offline proof (release gate)	2026-10-04T06:59:50.7713907Z ---
release	shift-left offline proof (release gate)	2026-10-04T06:59:50.7714005Z 
release	shift-left offline proof (release gate)	2026-10-04T06:59:50.7714010Z 
release	shift-left offline proof (release gate)	2026-10-04T06:59:50.7714090Z Mutation:
release	shift-left offline proof (release gate)	2026-10-04T06:59:50.7714305Z Mutation has been applied successfully.
release	shift-left offline proof (release gate)	2026-10-04T06:59:50.7714679Z policy cage-netpol-5-0-0 applied to default/Pod/checkout-svc:
release	shift-left offline proof (release gate)	2026-10-04T06:59:50.7715054Z apiVersion: networking.k8s.io/v1
release	shift-left offline proof (release gate)	2026-10-04T06:59:50.7715315Z kind: NetworkPolicy
release	shift-left offline proof (release gate)	2026-10-04T06:59:50.7715518Z metadata:
release	shift-left offline proof (release gate)	2026-10-04T06:59:50.7715699Z   labels:
release	shift-left offline proof (release gate)	2026-10-04T06:59:50.7715910Z     app.kubernetes.io/managed-by: kyverno
release	shift-left offline proof (release gate)	2026-10-04T06:59:50.7716193Z     posture.acme.io/cage: reach
release	shift-left offline proof (release gate)	2026-10-04T06:59:50.7716448Z     posture.acme.io/tier: restricted
release	shift-left offline proof (release gate)	2026-10-04T06:59:50.7716719Z   name: cage-reach-restricted
release	shift-left offline proof (release gate)	2026-10-04T06:59:50.7716959Z   namespace: default
release	shift-left offline proof (release gate)	2026-10-04T06:59:50.7717161Z spec:
release	shift-left offline proof (release gate)	2026-10-04T06:59:50.7717331Z   egress:
release	shift-left offline proof (release gate)	2026-10-04T06:59:50.7717511Z   - ports:
release	shift-left offline proof (release gate)	2026-10-04T06:59:50.7717699Z     - port: 53
release	shift-left offline proof (release gate)	2026-10-04T06:59:50.7717895Z       protocol: UDP
release	shift-left offline proof (release gate)	2026-10-04T06:59:50.7718090Z     to:
release	shift-left offline proof (release gate)	2026-10-04T06:59:50.7718277Z     - namespaceSelector:
release	shift-left offline proof (release gate)	2026-10-04T06:59:50.7718507Z         matchLabels:
release	shift-left offline proof (release gate)	2026-10-04T06:59:50.7718746Z           kubernetes.io/metadata.name: kube-system
release	shift-left offline proof (release gate)	2026-10-04T06:59:50.7719034Z   ingress:
release	shift-left offline proof (release gate)	2026-10-04T06:59:50.7719212Z   - from:
release	shift-left offline proof (release gate)	2026-10-04T06:59:50.7719398Z     - podSelector: {}
release	shift-left offline proof (release gate)	2026-10-04T06:59:50.7719607Z   podSelector:
release	shift-left offline proof (release gate)	2026-10-04T06:59:50.7719979Z     matchLabels:
release	shift-left offline proof (release gate)	2026-10-04T06:59:50.7720191Z       posture.acme.io/caged: "true"
release	shift-left offline proof (release gate)	2026-10-04T06:59:50.7720465Z       posture.acme.io/tier: restricted
release	shift-left offline proof (release gate)	2026-10-04T06:59:50.7720983Z   policyTypes:
release	shift-left offline proof (release gate)	2026-10-04T06:59:50.7721189Z   - Ingress
release	shift-left offline proof (release gate)	2026-10-04T06:59:50.7721368Z   - Egress
release	shift-left offline proof (release gate)	2026-10-04T06:59:50.7721477Z 
release	shift-left offline proof (release gate)	2026-10-04T06:59:50.7721552Z ---
release	shift-left offline proof (release gate)	2026-10-04T06:59:50.7721643Z 
release	shift-left offline proof (release gate)	2026-10-04T06:59:50.7721647Z 
release	shift-left offline proof (release gate)	2026-10-04T06:59:50.7721723Z Generate:
release	shift-left offline proof (release gate)	2026-10-04T06:59:50.7721921Z Generation completed successfully.
release	shift-left offline proof (release gate)	2026-10-04T06:59:50.7722409Z policy cage-netpol-5-0-0 applied to default/Pod/checkout-svc:
release	shift-left offline proof (release gate)	2026-10-04T06:59:50.7722769Z apiVersion: networking.k8s.io/v1
release	shift-left offline proof (release gate)	2026-10-04T06:59:50.7723013Z kind: NetworkPolicy
release	shift-left offline proof (release gate)	2026-10-04T06:59:50.7723208Z metadata:
release	shift-left offline proof (release gate)	2026-10-04T06:59:50.7723378Z   labels:
release	shift-left offline proof (release gate)	2026-10-04T06:59:50.7723570Z     app.kubernetes.io/managed-by: kyverno
release	shift-left offline proof (release gate)	2026-10-04T06:59:50.7723850Z     posture.acme.io/cage: reach
release	shift-left offline proof (release gate)	2026-10-04T06:59:50.7724112Z     posture.acme.io/tier: quarantine
release	shift-left offline proof (release gate)	2026-10-04T06:59:50.7724383Z   name: cage-reach-quarantine
release	shift-left offline proof (release gate)	2026-10-04T06:59:50.7724616Z   namespace: default
release	shift-left offline proof (release gate)	2026-10-04T06:59:50.7724815Z spec:
release	shift-left offline proof (release gate)	2026-10-04T06:59:50.7724984Z   egress:
release	shift-left offline proof (release gate)	2026-10-04T06:59:50.7725163Z   - ports:
release	shift-left offline proof (release gate)	2026-10-04T06:59:50.7725346Z     - port: 53
release	shift-left offline proof (release gate)	2026-10-04T06:59:50.7725539Z       protocol: UDP
release	shift-left offline proof (release gate)	2026-10-04T06:59:50.7725730Z     to:
release	shift-left offline proof (release gate)	2026-10-04T06:59:50.7725913Z     - namespaceSelector:
release	shift-left offline proof (release gate)	2026-10-04T06:59:50.7726132Z         matchLabels:
release	shift-left offline proof (release gate)	2026-10-04T06:59:50.7726368Z           kubernetes.io/metadata.name: kube-system
release	shift-left offline proof (release gate)	2026-10-04T06:59:50.7726655Z   ingress:
release	shift-left offline proof (release gate)	2026-10-04T06:59:50.7726831Z   - from:
release	shift-left offline proof (release gate)	2026-10-04T06:59:50.7727011Z     - podSelector: {}
release	shift-left offline proof (release gate)	2026-10-04T06:59:50.7727218Z   podSelector:
release	shift-left offline proof (release gate)	2026-10-04T06:59:50.7727408Z     matchLabels:
release	shift-left offline proof (release gate)	2026-10-04T06:59:50.7727616Z       posture.acme.io/caged: "true"
release	shift-left offline proof (release gate)	2026-10-04T06:59:50.7727886Z       posture.acme.io/tier: quarantine
release	shift-left offline proof (release gate)	2026-10-04T06:59:50.7728139Z   policyTypes:
release	shift-left offline proof (release gate)	2026-10-04T06:59:50.7728323Z   - Ingress
release	shift-left offline proof (release gate)	2026-10-04T06:59:50.7728501Z   - Egress
release	shift-left offline proof (release gate)	2026-10-04T06:59:50.7728610Z 
release	shift-left offline proof (release gate)	2026-10-04T06:59:50.7728679Z ---
release	shift-left offline proof (release gate)	2026-10-04T06:59:50.7728779Z 
release	shift-left offline proof (release gate)	2026-10-04T06:59:50.7728782Z 
release	shift-left offline proof (release gate)	2026-10-04T06:59:50.7728863Z Generate:
release	shift-left offline proof (release gate)	2026-10-04T06:59:50.7729060Z Generation completed successfully.
release	shift-left offline proof (release gate)	2026-10-04T06:59:50.7729397Z policy cage-netpol-5-0-0 applied to default/Pod/checkout-svc:
release	shift-left offline proof (release gate)	2026-10-04T06:59:50.7729758Z apiVersion: networking.k8s.io/v1
release	shift-left offline proof (release gate)	2026-10-04T06:59:50.7730007Z kind: NetworkPolicy
release	shift-left offline proof (release gate)	2026-10-04T06:59:50.7730204Z metadata:
release	shift-left offline proof (release gate)	2026-10-04T06:59:50.7730373Z   labels:
release	shift-left offline proof (release gate)	2026-10-04T06:59:50.7730758Z     app.kubernetes.io/managed-by: kyverno
release	shift-left offline proof (release gate)	2026-10-04T06:59:50.7731116Z     posture.acme.io/cage: reach
release	shift-left offline proof (release gate)	2026-10-04T06:59:50.7731384Z     posture.acme.io/tier: isolated
release	shift-left offline proof (release gate)	2026-10-04T06:59:50.7731641Z   name: cage-reach-isolated
release	shift-left offline proof (release gate)	2026-10-04T06:59:50.7731879Z   namespace: default
release	shift-left offline proof (release gate)	2026-10-04T06:59:50.7732076Z spec:
release	shift-left offline proof (release gate)	2026-10-04T06:59:50.7732247Z   egress: []
release	shift-left offline proof (release gate)	2026-10-04T06:59:50.7732427Z   ingress: []
release	shift-left offline proof (release gate)	2026-10-04T06:59:50.7732611Z   podSelector:
release	shift-left offline proof (release gate)	2026-10-04T06:59:50.7732799Z     matchLabels:
release	shift-left offline proof (release gate)	2026-10-04T06:59:50.7733012Z       posture.acme.io/caged: "true"
release	shift-left offline proof (release gate)	2026-10-04T06:59:50.7733275Z       posture.acme.io/tier: isolated
release	shift-left offline proof (release gate)	2026-10-04T06:59:50.7733528Z   policyTypes:
release	shift-left offline proof (release gate)	2026-10-04T06:59:50.7733711Z   - Ingress
release	shift-left offline proof (release gate)	2026-10-04T06:59:50.7733889Z   - Egress
release	shift-left offline proof (release gate)	2026-10-04T06:59:50.7733995Z 
release	shift-left offline proof (release gate)	2026-10-04T06:59:50.7734064Z ---
release	shift-left offline proof (release gate)	2026-10-04T06:59:50.7734161Z 
release	shift-left offline proof (release gate)	2026-10-04T06:59:50.7734165Z 
release	shift-left offline proof (release gate)	2026-10-04T06:59:50.7734242Z Generate:
release	shift-left offline proof (release gate)	2026-10-04T06:59:50.7734438Z Generation completed successfully.
release	shift-left offline proof (release gate)	2026-10-04T06:59:50.7734717Z pass: 7, fail: 0, warn: 0, error: 0, skip: 0
release	shift-left offline proof (release gate)	2026-10-04T06:59:50.7735009Z --- kyverno apply @ v6.0.0 ---
release	shift-left offline proof (release gate)	2026-10-04T06:59:50.7735285Z Applying 5 policy rule(s) to 1 resource(s)...
release	shift-left offline proof (release gate)	2026-10-04T06:59:50.7735498Z 
release	shift-left offline proof (release gate)	2026-10-04T06:59:50.7735659Z policy cage-tier-6-0-0 applied to default/Pod/checkout-svc:
release	shift-left offline proof (release gate)	2026-10-04T06:59:50.7735993Z apiVersion: v1
release	shift-left offline proof (release gate)	2026-10-04T06:59:50.7736181Z kind: Pod
release	shift-left offline proof (release gate)	2026-10-04T06:59:50.7736355Z metadata:
release	shift-left offline proof (release gate)	2026-10-04T06:59:50.7736524Z   labels:
release	shift-left offline proof (release gate)	2026-10-04T06:59:50.7736751Z     policy-as-versioned.dev/policy-version: 6.0.0
release	shift-left offline proof (release gate)	2026-10-04T06:59:50.7737208Z     posture.acme.io/caged: "true"
release	shift-left offline proof (release gate)	2026-10-04T06:59:50.7737470Z     posture.acme.io/tier: isolated
release	shift-left offline proof (release gate)	2026-10-04T06:59:50.7737721Z     posture.acme.io/version: 6.0.0
release	shift-left offline proof (release gate)	2026-10-04T06:59:50.7737961Z   name: checkout-svc
release	shift-left offline proof (release gate)	2026-10-04T06:59:50.7738165Z   namespace: default
release	shift-left offline proof (release gate)	2026-10-04T06:59:50.7738362Z spec:
release	shift-left offline proof (release gate)	2026-10-04T06:59:50.7738536Z   containers:
release	shift-left offline proof (release gate)	2026-10-04T06:59:50.7738725Z   - image: nginx
release	shift-left offline proof (release gate)	2026-10-04T06:59:50.7738921Z     name: c
release	shift-left offline proof (release gate)	2026-10-04T06:59:50.7739098Z     resources:
release	shift-left offline proof (release gate)	2026-10-04T06:59:50.7739289Z       limits:
release	shift-left offline proof (release gate)	2026-10-04T06:59:50.7739583Z         cpu: 100m
release	shift-left offline proof (release gate)	2026-10-04T06:59:50.7739778Z         memory: 64Mi
release	shift-left offline proof (release gate)	2026-10-04T06:59:50.7739986Z     securityContext:
release	shift-left offline proof (release gate)	2026-10-04T06:59:50.7740216Z       allowPrivilegeEscalation: false
release	shift-left offline proof (release gate)	2026-10-04T06:59:50.7740483Z       capabilities:
release	shift-left offline proof (release gate)	2026-10-04T06:59:50.7740914Z         drop:
release	shift-left offline proof (release gate)	2026-10-04T06:59:50.7741106Z         - ALL
release	shift-left offline proof (release gate)	2026-10-04T06:59:50.7741295Z       privileged: false
release	shift-left offline proof (release gate)	2026-10-04T06:59:50.7741529Z       readOnlyRootFilesystem: true
release	shift-left offline proof (release gate)	2026-10-04T06:59:50.7741789Z       runAsNonRoot: true
release	shift-left offline proof (release gate)	2026-10-04T06:59:50.7742026Z   - image: ghcr.io/acme/coraza-waf:cage
release	shift-left offline proof (release gate)	2026-10-04T06:59:50.7742313Z     name: waf-sidecar
release	shift-left offline proof (release gate)	2026-10-04T06:59:50.7742517Z     resources:
release	shift-left offline proof (release gate)	2026-10-04T06:59:50.7742701Z       limits:
release	shift-left offline proof (release gate)	2026-10-04T06:59:50.7742880Z         cpu: 250m
release	shift-left offline proof (release gate)	2026-10-04T06:59:50.7743071Z         memory: 256Mi
release	shift-left offline proof (release gate)	2026-10-04T06:59:50.7743279Z     securityContext:
release	shift-left offline proof (release gate)	2026-10-04T06:59:50.7743509Z       allowPrivilegeEscalation: false
release	shift-left offline proof (release gate)	2026-10-04T06:59:50.7743771Z       capabilities:
release	shift-left offline proof (release gate)	2026-10-04T06:59:50.7743963Z         drop:
release	shift-left offline proof (release gate)	2026-10-04T06:59:50.7744153Z         - ALL
release	shift-left offline proof (release gate)	2026-10-04T06:59:50.7744345Z       privileged: false
release	shift-left offline proof (release gate)	2026-10-04T06:59:50.7744581Z       readOnlyRootFilesystem: true
release	shift-left offline proof (release gate)	2026-10-04T06:59:50.7744840Z       runAsNonRoot: true
release	shift-left offline proof (release gate)	2026-10-04T06:59:50.7745057Z   hostIPC: false
release	shift-left offline proof (release gate)	2026-10-04T06:59:50.7745257Z   hostNetwork: false
release	shift-left offline proof (release gate)	2026-10-04T06:59:50.7745458Z   hostPID: false
release	shift-left offline proof (release gate)	2026-10-04T06:59:50.7745660Z   preemptionPolicy: Never
release	shift-left offline proof (release gate)	2026-10-04T06:59:50.7745894Z   priority: -10000
release	shift-left offline proof (release gate)	2026-10-04T06:59:50.7746131Z   priorityClassName: cage-isolated-6-0-0
release	shift-left offline proof (release gate)	2026-10-04T06:59:50.7746411Z   securityContext:
release	shift-left offline proof (release gate)	2026-10-04T06:59:50.7746615Z     runAsNonRoot: true
release	shift-left offline proof (release gate)	2026-10-04T06:59:50.7746745Z 
release	shift-left offline proof (release gate)	2026-10-04T06:59:50.7746822Z ---
release	shift-left offline proof (release gate)	2026-10-04T06:59:50.7746920Z 
release	shift-left offline proof (release gate)	2026-10-04T06:59:50.7746923Z 
release	shift-left offline proof (release gate)	2026-10-04T06:59:50.7747007Z Mutation:
release	shift-left offline proof (release gate)	2026-10-04T06:59:50.7747213Z Mutation has been applied successfully.
release	shift-left offline proof (release gate)	2026-10-04T06:59:50.7747556Z policy cage-tier-6-0-0 applied to default/Pod/checkout-svc:
release	shift-left offline proof (release gate)	2026-10-04T06:59:50.7747888Z apiVersion: v1
release	shift-left offline proof (release gate)	2026-10-04T06:59:50.7748082Z kind: Pod
release	shift-left offline proof (release gate)	2026-10-04T06:59:50.7748258Z metadata:
release	shift-left offline proof (release gate)	2026-10-04T06:59:50.7748429Z   labels:
release	shift-left offline proof (release gate)	2026-10-04T06:59:50.7748661Z     policy-as-versioned.dev/policy-version: 6.0.0
release	shift-left offline proof (release gate)	2026-10-04T06:59:50.7748979Z     posture.acme.io/caged: "true"
release	shift-left offline proof (release gate)	2026-10-04T06:59:50.7749236Z     posture.acme.io/tier: isolated
release	shift-left offline proof (release gate)	2026-10-04T06:59:50.7749491Z     posture.acme.io/version: 6.0.0
release	shift-left offline proof (release gate)	2026-10-04T06:59:50.7749731Z   name: checkout-svc
release	shift-left offline proof (release gate)	2026-10-04T06:59:50.7749935Z   namespace: default
release	shift-left offline proof (release gate)	2026-10-04T06:59:50.7750133Z spec:
release	shift-left offline proof (release gate)	2026-10-04T06:59:50.7750302Z   containers:
release	shift-left offline proof (release gate)	2026-10-04T06:59:50.7750486Z   - image: nginx
release	shift-left offline proof (release gate)	2026-10-04T06:59:50.7750937Z     name: c
release	shift-left offline proof (release gate)	2026-10-04T06:59:50.7751123Z     resources:
release	shift-left offline proof (release gate)	2026-10-04T06:59:50.7751306Z       limits:
release	shift-left offline proof (release gate)	2026-10-04T06:59:50.7751493Z         cpu: 100m
release	shift-left offline proof (release gate)	2026-10-04T06:59:50.7751682Z         memory: 64Mi
release	shift-left offline proof (release gate)	2026-10-04T06:59:50.7751879Z     securityContext:
release	shift-left offline proof (release gate)	2026-10-04T06:59:50.7752105Z       allowPrivilegeEscalation: false
release	shift-left offline proof (release gate)	2026-10-04T06:59:50.7752376Z       capabilities:
release	shift-left offline proof (release gate)	2026-10-04T06:59:50.7752569Z         drop:
release	shift-left offline proof (release gate)	2026-10-04T06:59:50.7752751Z         - ALL
release	shift-left offline proof (release gate)	2026-10-04T06:59:50.7752941Z       privileged: false
release	shift-left offline proof (release gate)	2026-10-04T06:59:50.7753167Z       readOnlyRootFilesystem: true
release	shift-left offline proof (release gate)	2026-10-04T06:59:50.7753415Z       runAsNonRoot: true
release	shift-left offline proof (release gate)	2026-10-04T06:59:50.7753649Z   - image: ghcr.io/acme/coraza-waf:cage
release	shift-left offline proof (release gate)	2026-10-04T06:59:50.7753918Z     name: waf-sidecar
release	shift-left offline proof (release gate)	2026-10-04T06:59:50.7754122Z     resources:
release	shift-left offline proof (release gate)	2026-10-04T06:59:50.7754301Z       limits:
release	shift-left offline proof (release gate)	2026-10-04T06:59:50.7754478Z         cpu: 250m
release	shift-left offline proof (release gate)	2026-10-04T06:59:50.7754811Z         memory: 256Mi
release	shift-left offline proof (release gate)	2026-10-04T06:59:50.7755013Z     securityContext:
release	shift-left offline proof (release gate)	2026-10-04T06:59:50.7755238Z       allowPrivilegeEscalation: false
release	shift-left offline proof (release gate)	2026-10-04T06:59:50.7755493Z       capabilities:
release	shift-left offline proof (release gate)	2026-10-04T06:59:50.7755682Z         drop:
release	shift-left offline proof (release gate)	2026-10-04T06:59:50.7755859Z         - ALL
release	shift-left offline proof (release gate)	2026-10-04T06:59:50.7756046Z       privileged: false
release	shift-left offline proof (release gate)	2026-10-04T06:59:50.7756268Z       readOnlyRootFilesystem: true
release	shift-left offline proof (release gate)	2026-10-04T06:59:50.7756517Z       runAsNonRoot: true
release	shift-left offline proof (release gate)	2026-10-04T06:59:50.7756736Z   hostIPC: false
release	shift-left offline proof (release gate)	2026-10-04T06:59:50.7756933Z   hostNetwork: false
release	shift-left offline proof (release gate)	2026-10-04T06:59:50.7757249Z   hostPID: false
release	shift-left offline proof (release gate)	2026-10-04T06:59:50.7757455Z   preemptionPolicy: Never
release	shift-left offline proof (release gate)	2026-10-04T06:59:50.7757684Z   priority: -10000
release	shift-left offline proof (release gate)	2026-10-04T06:59:50.7757914Z   priorityClassName: cage-isolated-6-0-0
release	shift-left offline proof (release gate)	2026-10-04T06:59:50.7758183Z   securityContext:
release	shift-left offline proof (release gate)	2026-10-04T06:59:50.7758381Z     runAsNonRoot: true
release	shift-left offline proof (release gate)	2026-10-04T06:59:50.7758512Z 
release	shift-left offline proof (release gate)	2026-10-04T06:59:50.7758580Z ---
release	shift-left offline proof (release gate)	2026-10-04T06:59:50.7758681Z 
release	shift-left offline proof (release gate)	2026-10-04T06:59:50.7758684Z 
release	shift-left offline proof (release gate)	2026-10-04T06:59:50.7758760Z Mutation:
release	shift-left offline proof (release gate)	2026-10-04T06:59:50.7758964Z Mutation has been applied successfully.
release	shift-left offline proof (release gate)	2026-10-04T06:59:50.7759324Z policy stamp-posture-6-0-0 applied to default/Pod/checkout-svc:
release	shift-left offline proof (release gate)	2026-10-04T06:59:50.7759670Z apiVersion: v1
release	shift-left offline proof (release gate)	2026-10-04T06:59:50.7759858Z kind: Pod
release	shift-left offline proof (release gate)	2026-10-04T06:59:50.7760029Z metadata:
release	shift-left offline proof (release gate)	2026-10-04T06:59:50.7760199Z   labels:
release	shift-left offline proof (release gate)	2026-10-04T06:59:50.7760419Z     policy-as-versioned.dev/policy-version: 6.0.0
release	shift-left offline proof (release gate)	2026-10-04T06:59:50.7760947Z     posture.acme.io/caged: "true"
release	shift-left offline proof (release gate)	2026-10-04T06:59:50.7761216Z     posture.acme.io/tier: isolated
release	shift-left offline proof (release gate)	2026-10-04T06:59:50.7761475Z     posture.acme.io/version: 6.0.0
release	shift-left offline proof (release gate)	2026-10-04T06:59:50.7761720Z   name: checkout-svc
release	shift-left offline proof (release gate)	2026-10-04T06:59:50.7761931Z   namespace: default
release	shift-left offline proof (release gate)	2026-10-04T06:59:50.7762127Z spec:
release	shift-left offline proof (release gate)	2026-10-04T06:59:50.7762299Z   containers:
release	shift-left offline proof (release gate)	2026-10-04T06:59:50.7762489Z   - image: nginx
release	shift-left offline proof (release gate)	2026-10-04T06:59:50.7762676Z     name: c
release	shift-left offline proof (release gate)	2026-10-04T06:59:50.7762851Z     resources:
release	shift-left offline proof (release gate)	2026-10-04T06:59:50.7763029Z       limits:
release	shift-left offline proof (release gate)	2026-10-04T06:59:50.7763204Z         cpu: 100m
release	shift-left offline proof (release gate)	2026-10-04T06:59:50.7763397Z         memory: 64Mi
release	shift-left offline proof (release gate)	2026-10-04T06:59:50.7763595Z     securityContext:
release	shift-left offline proof (release gate)	2026-10-04T06:59:50.7763818Z       allowPrivilegeEscalation: false
release	shift-left offline proof (release gate)	2026-10-04T06:59:50.7764078Z       capabilities:
release	shift-left offline proof (release gate)	2026-10-04T06:59:50.7764272Z         drop:
release	shift-left offline proof (release gate)	2026-10-04T06:59:50.7764448Z         - ALL
release	shift-left offline proof (release gate)	2026-10-04T06:59:50.7764636Z       privileged: false
release	shift-left offline proof (release gate)	2026-10-04T06:59:50.7764869Z       readOnlyRootFilesystem: true
release	shift-left offline proof (release gate)	2026-10-04T06:59:50.7765121Z       runAsNonRoot: true
release	shift-left offline proof (release gate)	2026-10-04T06:59:50.7765356Z   - image: ghcr.io/acme/coraza-waf:cage
release	shift-left offline proof (release gate)	2026-10-04T06:59:50.7765620Z     name: waf-sidecar
release	shift-left offline proof (release gate)	2026-10-04T06:59:50.7765820Z     resources:
release	shift-left offline proof (release gate)	2026-10-04T06:59:50.7766002Z       limits:
release	shift-left offline proof (release gate)	2026-10-04T06:59:50.7766181Z         cpu: 250m
release	shift-left offline proof (release gate)	2026-10-04T06:59:50.7766384Z         memory: 256Mi
release	shift-left offline proof (release gate)	2026-10-04T06:59:50.7766591Z     securityContext:
release	shift-left offline proof (release gate)	2026-10-04T06:59:50.7766822Z       allowPrivilegeEscalation: false
release	shift-left offline proof (release gate)	2026-10-04T06:59:50.7767079Z       capabilities:
release	shift-left offline proof (release gate)	2026-10-04T06:59:50.7767268Z         drop:
release	shift-left offline proof (release gate)	2026-10-04T06:59:50.7767446Z         - ALL
release	shift-left offline proof (release gate)	2026-10-04T06:59:50.7767636Z       privileged: false
release	shift-left offline proof (release gate)	2026-10-04T06:59:50.7767863Z       readOnlyRootFilesystem: true
release	shift-left offline proof (release gate)	2026-10-04T06:59:50.7768112Z       runAsNonRoot: true
release	shift-left offline proof (release gate)	2026-10-04T06:59:50.7768324Z   hostIPC: false
release	shift-left offline proof (release gate)	2026-10-04T06:59:50.7768518Z   hostNetwork: false
release	shift-left offline proof (release gate)	2026-10-04T06:59:50.7768717Z   hostPID: false
release	shift-left offline proof (release gate)	2026-10-04T06:59:50.7768919Z   preemptionPolicy: Never
release	shift-left offline proof (release gate)	2026-10-04T06:59:50.7769141Z   priority: -10000
release	shift-left offline proof (release gate)	2026-10-04T06:59:50.7769374Z   priorityClassName: cage-isolated-6-0-0
release	shift-left offline proof (release gate)	2026-10-04T06:59:50.7769642Z   securityContext:
release	shift-left offline proof (release gate)	2026-10-04T06:59:50.7769843Z     runAsNonRoot: true
release	shift-left offline proof (release gate)	2026-10-04T06:59:50.7769970Z 
release	shift-left offline proof (release gate)	2026-10-04T06:59:50.7770044Z ---
release	shift-left offline proof (release gate)	2026-10-04T06:59:50.7770137Z 
release	shift-left offline proof (release gate)	2026-10-04T06:59:50.7770140Z 
release	shift-left offline proof (release gate)	2026-10-04T06:59:50.7770217Z Mutation:
release	shift-left offline proof (release gate)	2026-10-04T06:59:50.7770414Z Mutation has been applied successfully.
release	shift-left offline proof (release gate)	2026-10-04T06:59:50.7771020Z policy stamp-posture-6-0-0 applied to default/Pod/checkout-svc:
release	shift-left offline proof (release gate)	2026-10-04T06:59:50.7771368Z apiVersion: v1
release	shift-left offline proof (release gate)	2026-10-04T06:59:50.7771555Z kind: Pod
release	shift-left offline proof (release gate)	2026-10-04T06:59:50.7771729Z metadata:
release	shift-left offline proof (release gate)	2026-10-04T06:59:50.7772038Z   labels:
release	shift-left offline proof (release gate)	2026-10-04T06:59:50.7772268Z     policy-as-versioned.dev/policy-version: 6.0.0
release	shift-left offline proof (release gate)	2026-10-04T06:59:50.7772579Z     posture.acme.io/caged: "true"
release	shift-left offline proof (release gate)	2026-10-04T06:59:50.7772836Z     posture.acme.io/tier: isolated
release	shift-left offline proof (release gate)	2026-10-04T06:59:50.7773093Z     posture.acme.io/version: 6.0.0
release	shift-left offline proof (release gate)	2026-10-04T06:59:50.7773337Z   name: checkout-svc
release	shift-left offline proof (release gate)	2026-10-04T06:59:50.7773540Z   namespace: default
release	shift-left offline proof (release gate)	2026-10-04T06:59:50.7773732Z spec:
release	shift-left offline proof (release gate)	2026-10-04T06:59:50.7773906Z   containers:
release	shift-left offline proof (release gate)	2026-10-04T06:59:50.7774092Z   - image: nginx
release	shift-left offline proof (release gate)	2026-10-04T06:59:50.7774394Z     name: c
release	shift-left offline proof (release gate)	2026-10-04T06:59:50.7774569Z     resources:
release	shift-left offline proof (release gate)	2026-10-04T06:59:50.7774757Z       limits:
release	shift-left offline proof (release gate)	2026-10-04T06:59:50.7774933Z         cpu: 100m
release	shift-left offline proof (release gate)	2026-10-04T06:59:50.7775116Z         memory: 64Mi
release	shift-left offline proof (release gate)	2026-10-04T06:59:50.7775318Z     securityContext:
release	shift-left offline proof (release gate)	2026-10-04T06:59:50.7775542Z       allowPrivilegeEscalation: false
release	shift-left offline proof (release gate)	2026-10-04T06:59:50.7775799Z       capabilities:
release	shift-left offline proof (release gate)	2026-10-04T06:59:50.7775994Z         drop:
release	shift-left offline proof (release gate)	2026-10-04T06:59:50.7776173Z         - ALL
release	shift-left offline proof (release gate)	2026-10-04T06:59:50.7776363Z       privileged: false
release	shift-left offline proof (release gate)	2026-10-04T06:59:50.7776587Z       readOnlyRootFilesystem: true
release	shift-left offline proof (release gate)	2026-10-04T06:59:50.7776837Z       runAsNonRoot: true
release	shift-left offline proof (release gate)	2026-10-04T06:59:50.7777068Z   - image: ghcr.io/acme/coraza-waf:cage
release	shift-left offline proof (release gate)	2026-10-04T06:59:50.7777328Z     name: waf-sidecar
release	shift-left offline proof (release gate)	2026-10-04T06:59:50.7777523Z     resources:
release	shift-left offline proof (release gate)	2026-10-04T06:59:50.7777701Z       limits:
release	shift-left offline proof (release gate)	2026-10-04T06:59:50.7777877Z         cpu: 250m
release	shift-left offline proof (release gate)	2026-10-04T06:59:50.7778064Z         memory: 256Mi
release	shift-left offline proof (release gate)	2026-10-04T06:59:50.7778263Z     securityContext:
release	shift-left offline proof (release gate)	2026-10-04T06:59:50.7778484Z       allowPrivilegeEscalation: false
release	shift-left offline proof (release gate)	2026-10-04T06:59:50.7778739Z       capabilities:
release	shift-left offline proof (release gate)	2026-10-04T06:59:50.7778929Z         drop:
release	shift-left offline proof (release gate)	2026-10-04T06:59:50.7779103Z         - ALL
release	shift-left offline proof (release gate)	2026-10-04T06:59:50.7779288Z       privileged: false
release	shift-left offline proof (release gate)	2026-10-04T06:59:50.7779512Z       readOnlyRootFilesystem: true
release	shift-left offline proof (release gate)	2026-10-04T06:59:50.7779764Z       runAsNonRoot: true
release	shift-left offline proof (release gate)	2026-10-04T06:59:50.7779975Z   hostIPC: false
release	shift-left offline proof (release gate)	2026-10-04T06:59:50.7780170Z   hostNetwork: false
release	shift-left offline proof (release gate)	2026-10-04T06:59:50.7780370Z   hostPID: false
release	shift-left offline proof (release gate)	2026-10-04T06:59:50.7780774Z   preemptionPolicy: Never
release	shift-left offline proof (release gate)	2026-10-04T06:59:50.7781021Z   priority: -10000
release	shift-left offline proof (release gate)	2026-10-04T06:59:50.7781250Z   priorityClassName: cage-isolated-6-0-0
release	shift-left offline proof (release gate)	2026-10-04T06:59:50.7781517Z   securityContext:
release	shift-left offline proof (release gate)	2026-10-04T06:59:50.7781714Z     runAsNonRoot: true
release	shift-left offline proof (release gate)	2026-10-04T06:59:50.7781845Z 
release	shift-left offline proof (release gate)	2026-10-04T06:59:50.7781915Z ---
release	shift-left offline proof (release gate)	2026-10-04T06:59:50.7782012Z 
release	shift-left offline proof (release gate)	2026-10-04T06:59:50.7782016Z 
release	shift-left offline proof (release gate)	2026-10-04T06:59:50.7782092Z Mutation:
release	shift-left offline proof (release gate)	2026-10-04T06:59:50.7782299Z Mutation has been applied successfully.
release	shift-left offline proof (release gate)	2026-10-04T06:59:50.7782642Z policy cage-netpol-6-0-0 applied to default/Pod/checkout-svc:
release	shift-left offline proof (release gate)	2026-10-04T06:59:50.7783000Z apiVersion: networking.k8s.io/v1
release	shift-left offline proof (release gate)	2026-10-04T06:59:50.7783259Z kind: NetworkPolicy
release	shift-left offline proof (release gate)	2026-10-04T06:59:50.7783498Z metadata:
release	shift-left offline proof (release gate)	2026-10-04T06:59:50.7783672Z   labels:
release	shift-left offline proof (release gate)	2026-10-04T06:59:50.7783871Z     app.kubernetes.io/managed-by: kyverno
release	shift-left offline proof (release gate)	2026-10-04T06:59:50.7784157Z     posture.acme.io/cage: reach
release	shift-left offline proof (release gate)	2026-10-04T06:59:50.7784412Z     posture.acme.io/tier: restricted
release	shift-left offline proof (release gate)	2026-10-04T06:59:50.7784679Z   name: cage-reach-restricted
release	shift-left offline proof (release gate)	2026-10-04T06:59:50.7784929Z   namespace: default
release	shift-left offline proof (release gate)	2026-10-04T06:59:50.7785123Z spec:
release	shift-left offline proof (release gate)	2026-10-04T06:59:50.7785290Z   egress:
release	shift-left offline proof (release gate)	2026-10-04T06:59:50.7785463Z   - ports:
release	shift-left offline proof (release gate)	2026-10-04T06:59:50.7785646Z     - port: 53
release	shift-left offline proof (release gate)	2026-10-04T06:59:50.7785838Z       protocol: UDP
release	shift-left offline proof (release gate)	2026-10-04T06:59:50.7786030Z     to:
release	shift-left offline proof (release gate)	2026-10-04T06:59:50.7786214Z     - namespaceSelector:
release	shift-left offline proof (release gate)	2026-10-04T06:59:50.7786432Z         matchLabels:
release	shift-left offline proof (release gate)	2026-10-04T06:59:50.7786671Z           kubernetes.io/metadata.name: kube-system
release	shift-left offline proof (release gate)	2026-10-04T06:59:50.7786954Z   ingress:
release	shift-left offline proof (release gate)	2026-10-04T06:59:50.7787137Z   - from:
release	shift-left offline proof (release gate)	2026-10-04T06:59:50.7787323Z     - podSelector: {}
release	shift-left offline proof (release gate)	2026-10-04T06:59:50.7787528Z   podSelector:
release	shift-left offline proof (release gate)	2026-10-04T06:59:50.7787715Z     matchLabels:
release	shift-left offline proof (release gate)	2026-10-04T06:59:50.7787960Z       posture.acme.io/caged: "true"
release	shift-left offline proof (release gate)	2026-10-04T06:59:50.7788229Z       posture.acme.io/tier: restricted
release	shift-left offline proof (release gate)	2026-10-04T06:59:50.7788483Z   policyTypes:
release	shift-left offline proof (release gate)	2026-10-04T06:59:50.7788671Z   - Ingress
release	shift-left offline proof (release gate)	2026-10-04T06:59:50.7788847Z   - Egress
release	shift-left offline proof (release gate)	2026-10-04T06:59:50.7788957Z 
release	shift-left offline proof (release gate)	2026-10-04T06:59:50.7789184Z ---
release	shift-left offline proof (release gate)	2026-10-04T06:59:50.7789285Z 
release	shift-left offline proof (release gate)	2026-10-04T06:59:50.7789289Z 
release	shift-left offline proof (release gate)	2026-10-04T06:59:50.7789360Z Generate:
release	shift-left offline proof (release gate)	2026-10-04T06:59:50.7789557Z Generation completed successfully.
release	shift-left offline proof (release gate)	2026-10-04T06:59:50.7789900Z policy cage-netpol-6-0-0 applied to default/Pod/checkout-svc:
release	shift-left offline proof (release gate)	2026-10-04T06:59:50.7790253Z apiVersion: networking.k8s.io/v1
release	shift-left offline proof (release gate)	2026-10-04T06:59:50.7790500Z kind: NetworkPolicy
release	shift-left offline proof (release gate)	2026-10-04T06:59:50.7790928Z metadata:
release	shift-left offline proof (release gate)	2026-10-04T06:59:50.7791103Z   labels:
release	shift-left offline proof (release gate)	2026-10-04T06:59:50.7791298Z     app.kubernetes.io/managed-by: kyverno
release	shift-left offline proof (release gate)	2026-10-04T06:59:50.7791743Z     posture.acme.io/cage: reach
release	shift-left offline proof (release gate)	2026-10-04T06:59:50.7791999Z     posture.acme.io/tier: quarantine
release	shift-left offline proof (release gate)	2026-10-04T06:59:50.7792275Z   name: cage-reach-quarantine
release	shift-left offline proof (release gate)	2026-10-04T06:59:50.7792512Z   namespace: default
release	shift-left offline proof (release gate)	2026-10-04T06:59:50.7792709Z spec:
release	shift-left offline proof (release gate)	2026-10-04T06:59:50.7792885Z   egress:
release	shift-left offline proof (release gate)	2026-10-04T06:59:50.7793061Z   - ports:
release	shift-left offline proof (release gate)	2026-10-04T06:59:50.7793245Z     - port: 53
release	shift-left offline proof (release gate)	2026-10-04T06:59:50.7793437Z       protocol: UDP
release	shift-left offline proof (release gate)	2026-10-04T06:59:50.7793632Z     to:
release	shift-left offline proof (release gate)	2026-10-04T06:59:50.7793823Z     - namespaceSelector:
release	shift-left offline proof (release gate)	2026-10-04T06:59:50.7794044Z         matchLabels:
release	shift-left offline proof (release gate)	2026-10-04T06:59:50.7794281Z           kubernetes.io/metadata.name: kube-system
release	shift-left offline proof (release gate)	2026-10-04T06:59:50.7794561Z   ingress:
release	shift-left offline proof (release gate)	2026-10-04T06:59:50.7794733Z   - from:
release	shift-left offline proof (release gate)	2026-10-04T06:59:50.7794914Z     - podSelector: {}
release	shift-left offline proof (release gate)	2026-10-04T06:59:50.7795120Z   podSelector:
release	shift-left offline proof (release gate)	2026-10-04T06:59:50.7795314Z     matchLabels:
release	shift-left offline proof (release gate)	2026-10-04T06:59:50.7795518Z       posture.acme.io/caged: "true"
release	shift-left offline proof (release gate)	2026-10-04T06:59:50.7795781Z       posture.acme.io/tier: quarantine
release	shift-left offline proof (release gate)	2026-10-04T06:59:50.7796031Z   policyTypes:
release	shift-left offline proof (release gate)	2026-10-04T06:59:50.7796221Z   - Ingress
release	shift-left offline proof (release gate)	2026-10-04T06:59:50.7796395Z   - Egress
release	shift-left offline proof (release gate)	2026-10-04T06:59:50.7796501Z 
release	shift-left offline proof (release gate)	2026-10-04T06:59:50.7796569Z ---
release	shift-left offline proof (release gate)	2026-10-04T06:59:50.7796666Z 
release	shift-left offline proof (release gate)	2026-10-04T06:59:50.7796669Z 
release	shift-left offline proof (release gate)	2026-10-04T06:59:50.7796741Z Generate:
release	shift-left offline proof (release gate)	2026-10-04T06:59:50.7796933Z Generation completed successfully.
release	shift-left offline proof (release gate)	2026-10-04T06:59:50.7797267Z policy cage-netpol-6-0-0 applied to default/Pod/checkout-svc:
release	shift-left offline proof (release gate)	2026-10-04T06:59:50.7797626Z apiVersion: networking.k8s.io/v1
release	shift-left offline proof (release gate)	2026-10-04T06:59:50.7797873Z kind: NetworkPolicy
release	shift-left offline proof (release gate)	2026-10-04T06:59:50.7798068Z metadata:
release	shift-left offline proof (release gate)	2026-10-04T06:59:50.7798238Z   labels:
release	shift-left offline proof (release gate)	2026-10-04T06:59:50.7798433Z     app.kubernetes.io/managed-by: kyverno
release	shift-left offline proof (release gate)	2026-10-04T06:59:50.7798708Z     posture.acme.io/cage: reach
release	shift-left offline proof (release gate)	2026-10-04T06:59:50.7798955Z     posture.acme.io/tier: isolated
release	shift-left offline proof (release gate)	2026-10-04T06:59:50.7799206Z   name: cage-reach-isolated
release	shift-left offline proof (release gate)	2026-10-04T06:59:50.7799430Z   namespace: default
release	shift-left offline proof (release gate)	2026-10-04T06:59:50.7799621Z spec:
release	shift-left offline proof (release gate)	2026-10-04T06:59:50.7799794Z   egress: []
release	shift-left offline proof (release gate)	2026-10-04T06:59:50.7799975Z   ingress: []
release	shift-left offline proof (release gate)	2026-10-04T06:59:50.7800174Z   podSelector:
release	shift-left offline proof (release gate)	2026-10-04T06:59:50.7800356Z     matchLabels:
release	shift-left offline proof (release gate)	2026-10-04T06:59:50.7800559Z       posture.acme.io/caged: "true"
release	shift-left offline proof (release gate)	2026-10-04T06:59:50.7801072Z       posture.acme.io/tier: isolated
release	shift-left offline proof (release gate)	2026-10-04T06:59:50.7801322Z   policyTypes:
release	shift-left offline proof (release gate)	2026-10-04T06:59:50.7801510Z   - Ingress
release	shift-left offline proof (release gate)	2026-10-04T06:59:50.7801684Z   - Egress
release	shift-left offline proof (release gate)	2026-10-04T06:59:50.7801791Z 
release	shift-left offline proof (release gate)	2026-10-04T06:59:50.7801859Z ---
release	shift-left offline proof (release gate)	2026-10-04T06:59:50.7801960Z 
release	shift-left offline proof (release gate)	2026-10-04T06:59:50.7801963Z 
release	shift-left offline proof (release gate)	2026-10-04T06:59:50.7802039Z Generate:
release	shift-left offline proof (release gate)	2026-10-04T06:59:50.7802241Z Generation completed successfully.
release	shift-left offline proof (release gate)	2026-10-04T06:59:50.7802518Z pass: 7, fail: 0, warn: 0, error: 0, skip: 0
release	shift-left offline proof (release gate)	2026-10-04T06:59:50.7802716Z 
release	shift-left offline proof (release gate)	2026-10-04T06:59:50.7803193Z shift-left: /tmp/tmp.ICSOJuSMzp/adopter/deploy/pod.yaml is compliant on kyverno 1.18.2 across the line(s) of its window that support it ['5.0.0', '6.0.0']
release	shift-left offline proof (release gate)	2026-10-04T06:59:50.7803929Z ok  the declaration of the resource's own repository (exit 0)
release	shift-left offline proof (release gate)	2026-10-04T06:59:50.8541457Z /tmp/tmp.ICSOJuSMzp/adopter/deploy/pod.yaml: targets 5.0.0, checking supported window ['5.0.0', '6.0.0']
release	shift-left offline proof (release gate)	2026-10-04T06:59:50.8544111Z UNSUPPORTED PAIRING @ v5.0.0: no engine is declared (the top of adopter, the repository /tmp/tmp.ICSOJuSMzp/adopter/deploy/pod.yaml belongs to carries no gitops/engine/kyverno.yaml); not run, so neither a compile error nor a pass
release	shift-left offline proof (release gate)	2026-10-04T06:59:50.8546867Z UNSUPPORTED PAIRING @ v6.0.0: no engine is declared (the top of adopter, the repository /tmp/tmp.ICSOJuSMzp/adopter/deploy/pod.yaml belongs to carries no gitops/engine/kyverno.yaml); not run, so neither a compile error nor a pass
release	shift-left offline proof (release gate)	2026-10-04T06:59:50.8550114Z 
release	shift-left offline proof (release gate)	2026-10-04T06:59:50.8551321Z shift-left: COULD NOT LOOK -- /tmp/tmp.ICSOJuSMzp/adopter/deploy/pod.yaml belongs to no declared engine, so no line in its window ['5.0.0', '6.0.0'] was run (hub ADR-0033 point 7)
release	shift-left offline proof (release gate)	2026-10-04T06:59:50.8567989Z ok  a repository that declares no engine (exit 3)
release	shift-left offline proof (release gate)	2026-10-04T06:59:50.8568436Z 
release	shift-left offline proof (release gate)	2026-10-04T06:59:50.8568669Z shift-left: all offline proofs passed
release	gitsign verify-tag, identity-pinned, offline Rekor bundle	﻿2026-10-04T06:59:50.8628015Z ##[group]Run set -euo pipefail
release	gitsign verify-tag, identity-pinned, offline Rekor bundle	2026-10-04T06:59:50.8628348Z ^[[36;1mset -euo pipefail^[[0m
release	gitsign verify-tag, identity-pinned, offline Rekor bundle	2026-10-04T06:59:50.8628711Z ^[[36;1m# actions/checkout's second fetch (it resolves the trigger ref to a^[[0m
release	gitsign verify-tag, identity-pinned, offline Rekor bundle	2026-10-04T06:59:50.8629203Z ^[[36;1m# SHA for checkout) force-overwrites the local refs/tags/<name> to^[[0m
release	gitsign verify-tag, identity-pinned, offline Rekor bundle	2026-10-04T06:59:50.8629680Z ^[[36;1m# point straight at the commit, flattening the annotated tag object^[[0m
release	gitsign verify-tag, identity-pinned, offline Rekor bundle	2026-10-04T06:59:50.8630152Z ^[[36;1m# gitsign needs. Re-fetch the real tag ref before verifying it.^[[0m
release	gitsign verify-tag, identity-pinned, offline Rekor bundle	2026-10-04T06:59:50.8630939Z ^[[36;1mgit fetch origin "+refs/tags/${TAG}:refs/tags/${TAG}" --force^[[0m
release	gitsign verify-tag, identity-pinned, offline Rekor bundle	2026-10-04T06:59:50.8631348Z ^[[36;1mgitsign verify-tag "${TAG}" \^[[0m
release	gitsign verify-tag, identity-pinned, offline Rekor bundle	2026-10-04T06:59:50.8631754Z ^[[36;1m  --certificate-identity-regexp="${EXPECTED_IDENTITY_REGEXP}" \^[[0m
release	gitsign verify-tag, identity-pinned, offline Rekor bundle	2026-10-04T06:59:50.8632209Z ^[[36;1m  --certificate-oidc-issuer="${EXPECTED_ISSUER}"^[[0m
release	gitsign verify-tag, identity-pinned, offline Rekor bundle	2026-10-04T06:59:50.8694490Z shell: /usr/bin/bash -e {0}
release	gitsign verify-tag, identity-pinned, offline Rekor bundle	2026-10-04T06:59:50.8694743Z env:
release	gitsign verify-tag, identity-pinned, offline Rekor bundle	2026-10-04T06:59:50.8694932Z   TAG: policy/v6.0.0
release	gitsign verify-tag, identity-pinned, offline Rekor bundle	2026-10-04T06:59:50.8695200Z   GITSIGN_VERSION: 0.17.1
release	gitsign verify-tag, identity-pinned, offline Rekor bundle	2026-10-04T06:59:50.8695576Z   GITSIGN_SHA256: 69213a8a0813a151e5a47d0060862952ff833a845d57309dff76f7ba6600abae
release	gitsign verify-tag, identity-pinned, offline Rekor bundle	2026-10-04T06:59:50.8695989Z   COSIGN_VERSION: 2.4.1
release	gitsign verify-tag, identity-pinned, offline Rekor bundle	2026-10-04T06:59:50.8696341Z   COSIGN_SHA256: 8b24b946dd5809c6bd93de08033bcf6bc0ed7d336b7785787c080f574b89249b
release	gitsign verify-tag, identity-pinned, offline Rekor bundle	2026-10-04T06:59:50.8696742Z   KYVERNO_VERSION: 1.18.2
release	gitsign verify-tag, identity-pinned, offline Rekor bundle	2026-10-04T06:59:50.8697100Z   KYVERNO_SHA256: cb2feb8356149fd2fe774c894ccf0969f4a60a83867dd913af724f74ffbbc18b
release	gitsign verify-tag, identity-pinned, offline Rekor bundle	2026-10-04T06:59:50.8697993Z   EXPECTED_IDENTITY_REGEXP: ^https://github\.com/policy-as-versioned-platform/platform/\.github/workflows/cut-release\.yml@refs/heads/(main|release/[0-9]+\.[0-9]+\.x)$
release	gitsign verify-tag, identity-pinned, offline Rekor bundle	2026-10-04T06:59:50.8698834Z   EXPECTED_ISSUER: https://token.actions.githubusercontent.com
release	gitsign verify-tag, identity-pinned, offline Rekor bundle	2026-10-04T06:59:50.8699209Z   GITSIGN_REKOR_MODE: offline
release	gitsign verify-tag, identity-pinned, offline Rekor bundle	2026-10-04T06:59:50.8699441Z ##[endgroup]
release	gitsign verify-tag, identity-pinned, offline Rekor bundle	2026-10-04T06:59:51.2446703Z From https://github.com/policy-as-versioned-platform/platform
release	gitsign verify-tag, identity-pinned, offline Rekor bundle	2026-10-04T06:59:51.2447478Z  t [tag update]      policy/v6.0.0 -> policy/v6.0.0
release	gitsign verify-tag, identity-pinned, offline Rekor bundle	2026-10-04T06:59:51.8091724Z tlog index: 3076307703
release	gitsign verify-tag, identity-pinned, offline Rekor bundle	2026-10-04T06:59:51.8092535Z gitsign: Signature made using certificate ID 0xc6c170f15724d587ac0a69b5870d792b4fdaf430 | CN=sigstore-intermediate,O=sigstore.dev
release	gitsign verify-tag, identity-pinned, offline Rekor bundle	2026-10-04T06:59:51.8093734Z gitsign: Good signature from [https://github.com/policy-as-versioned-platform/platform/.github/workflows/cut-release.yml@refs/heads/main](https://token.actions.githubusercontent.com)
release	gitsign verify-tag, identity-pinned, offline Rekor bundle	2026-10-04T06:59:51.8094591Z Validated Git signature: true
release	gitsign verify-tag, identity-pinned, offline Rekor bundle	2026-10-04T06:59:51.8094845Z Validated Rekor entry: true
release	gitsign verify-tag, identity-pinned, offline Rekor bundle	2026-10-04T06:59:51.8095103Z Validated Certificate claims: true
release	cheaper check -- the signed release-gate evidence matches this tag (policy tags only)	﻿2026-10-04T06:59:51.8164052Z ##[group]Run set -euo pipefail
release	cheaper check -- the signed release-gate evidence matches this tag (policy tags only)	2026-10-04T06:59:51.8164393Z ^[[36;1mset -euo pipefail^[[0m
release	cheaper check -- the signed release-gate evidence matches this tag (policy tags only)	2026-10-04T06:59:51.8164639Z ^[[36;1mversion="${TAG#policy/v}"^[[0m
release	cheaper check -- the signed release-gate evidence matches this tag (policy tags only)	2026-10-04T06:59:51.8164969Z ^[[36;1mevidence="computed-semver/evidence/${version}.json"^[[0m
release	cheaper check -- the signed release-gate evidence matches this tag (policy tags only)	2026-10-04T06:59:51.8165315Z ^[[36;1mbundle="${evidence}.bundle"^[[0m
release	cheaper check -- the signed release-gate evidence matches this tag (policy tags only)	2026-10-04T06:59:51.8165770Z ^[[36;1m[ -f "$evidence" ] || { echo "FAIL: no evidence file committed at $evidence for tag ${TAG}"; exit 1; }^[[0m
release	cheaper check -- the signed release-gate evidence matches this tag (policy tags only)	2026-10-04T06:59:51.8166405Z ^[[36;1m[ -f "$bundle" ] || { echo "FAIL: no cosign bundle committed at $bundle for tag ${TAG}"; exit 1; }^[[0m
release	cheaper check -- the signed release-gate evidence matches this tag (policy tags only)	2026-10-04T06:59:51.8166850Z ^[[36;1mcosign verify-blob \^[[0m
release	cheaper check -- the signed release-gate evidence matches this tag (policy tags only)	2026-10-04T06:59:51.8167098Z ^[[36;1m  --bundle="$bundle" \^[[0m
release	cheaper check -- the signed release-gate evidence matches this tag (policy tags only)	2026-10-04T06:59:51.8167454Z ^[[36;1m  --certificate-identity-regexp="${EXPECTED_IDENTITY_REGEXP}" \^[[0m
release	cheaper check -- the signed release-gate evidence matches this tag (policy tags only)	2026-10-04T06:59:51.8168073Z ^[[36;1m  --certificate-oidc-issuer="${EXPECTED_ISSUER}" \^[[0m
release	cheaper check -- the signed release-gate evidence matches this tag (policy tags only)	2026-10-04T06:59:51.8168410Z ^[[36;1m  "$evidence"^[[0m
release	cheaper check -- the signed release-gate evidence matches this tag (policy tags only)	2026-10-04T06:59:51.8168802Z ^[[36;1mpython3 .github/scripts/release-verify-evidence.py "$evidence" "$version" "$TAG"^[[0m
release	cheaper check -- the signed release-gate evidence matches this tag (policy tags only)	2026-10-04T06:59:51.8232759Z shell: /usr/bin/bash -e {0}
release	cheaper check -- the signed release-gate evidence matches this tag (policy tags only)	2026-10-04T06:59:51.8233009Z env:
release	cheaper check -- the signed release-gate evidence matches this tag (policy tags only)	2026-10-04T06:59:51.8233193Z   TAG: policy/v6.0.0
release	cheaper check -- the signed release-gate evidence matches this tag (policy tags only)	2026-10-04T06:59:51.8233427Z   GITSIGN_VERSION: 0.17.1
release	cheaper check -- the signed release-gate evidence matches this tag (policy tags only)	2026-10-04T06:59:51.8233797Z   GITSIGN_SHA256: 69213a8a0813a151e5a47d0060862952ff833a845d57309dff76f7ba6600abae
release	cheaper check -- the signed release-gate evidence matches this tag (policy tags only)	2026-10-04T06:59:51.8234205Z   COSIGN_VERSION: 2.4.1
release	cheaper check -- the signed release-gate evidence matches this tag (policy tags only)	2026-10-04T06:59:51.8234556Z   COSIGN_SHA256: 8b24b946dd5809c6bd93de08033bcf6bc0ed7d336b7785787c080f574b89249b
release	cheaper check -- the signed release-gate evidence matches this tag (policy tags only)	2026-10-04T06:59:51.8234953Z   KYVERNO_VERSION: 1.18.2
release	cheaper check -- the signed release-gate evidence matches this tag (policy tags only)	2026-10-04T06:59:51.8235310Z   KYVERNO_SHA256: cb2feb8356149fd2fe774c894ccf0969f4a60a83867dd913af724f74ffbbc18b
release	cheaper check -- the signed release-gate evidence matches this tag (policy tags only)	2026-10-04T06:59:51.8236180Z   EXPECTED_IDENTITY_REGEXP: ^https://github\.com/policy-as-versioned-platform/platform/\.github/workflows/cut-release\.yml@refs/heads/(main|release/[0-9]+\.[0-9]+\.x)$
release	cheaper check -- the signed release-gate evidence matches this tag (policy tags only)	2026-10-04T06:59:51.8237028Z   EXPECTED_ISSUER: https://token.actions.githubusercontent.com
release	cheaper check -- the signed release-gate evidence matches this tag (policy tags only)	2026-10-04T06:59:51.8237377Z ##[endgroup]
release	cheaper check -- the signed release-gate evidence matches this tag (policy tags only)	2026-10-04T06:59:51.9052884Z Verified OK
release	cheaper check -- the signed release-gate evidence matches this tag (policy tags only)	2026-10-04T06:59:51.9248766Z ok  policy/v6.0.0: cosign signature identity-pinned, evidence outcome passed, declared matches the tag
release	publish GitHub Release recording the resolved SHA	﻿2026-10-04T06:59:51.9340436Z ##[group]Run set -euo pipefail
release	publish GitHub Release recording the resolved SHA	2026-10-04T06:59:51.9341083Z ^[[36;1mset -euo pipefail^[[0m
release	publish GitHub Release recording the resolved SHA	2026-10-04T06:59:51.9341388Z ^[[36;1mresolved=$(git rev-parse "${TAG}^{commit}")^[[0m
release	publish GitHub Release recording the resolved SHA	2026-10-04T06:59:51.9341803Z ^[[36;1m# The annotated tag's own message is the "what changed and why" a^[[0m
release	publish GitHub Release recording the resolved SHA	2026-10-04T06:59:51.9342302Z ^[[36;1m# release cutter wrote by hand (cut-release.yml's `message` input)^[[0m
release	publish GitHub Release recording the resolved SHA	2026-10-04T06:59:51.9342761Z ^[[36;1m# -- carry it into the release notes; gitsign appends a signed^[[0m
release	publish GitHub Release recording the resolved SHA	2026-10-04T06:59:51.9343201Z ^[[36;1m# message block to the tag's own message (the signature itself)^[[0m
release	publish GitHub Release recording the resolved SHA	2026-10-04T06:59:51.9343650Z ^[[36;1m# -- strip it so the release body carries the narrative only.^[[0m
release	publish GitHub Release recording the resolved SHA	2026-10-04T06:59:51.9343980Z ^[[36;1m{^[[0m
release	publish GitHub Release recording the resolved SHA	2026-10-04T06:59:51.9344334Z ^[[36;1m  git tag -l --format='%(contents)' "${TAG}" | sed '/^-----BEGIN SIGNED MESSAGE-----$/,$d'^[[0m
release	publish GitHub Release recording the resolved SHA	2026-10-04T06:59:51.9344750Z ^[[36;1m  echo "---"^[[0m
release	publish GitHub Release recording the resolved SHA	2026-10-04T06:59:51.9345317Z ^[[36;1m  echo "Verified gitsign signature (identity regexp: ${EXPECTED_IDENTITY_REGEXP}, issuer: ${EXPECTED_ISSUER}). Resolved commit: ${resolved}."^[[0m
release	publish GitHub Release recording the resolved SHA	2026-10-04T06:59:51.9345984Z ^[[36;1m} > release-notes.md^[[0m
release	publish GitHub Release recording the resolved SHA	2026-10-04T06:59:51.9346233Z ^[[36;1mgh release create "${TAG}" \^[[0m
release	publish GitHub Release recording the resolved SHA	2026-10-04T06:59:51.9346491Z ^[[36;1m  --title "${TAG}" \^[[0m
release	publish GitHub Release recording the resolved SHA	2026-10-04T06:59:51.9346741Z ^[[36;1m  --notes-file release-notes.md^[[0m
release	publish GitHub Release recording the resolved SHA	2026-10-04T06:59:51.9410110Z shell: /usr/bin/bash -e {0}
release	publish GitHub Release recording the resolved SHA	2026-10-04T06:59:51.9410357Z env:
release	publish GitHub Release recording the resolved SHA	2026-10-04T06:59:51.9410543Z   TAG: policy/v6.0.0
release	publish GitHub Release recording the resolved SHA	2026-10-04T06:59:51.9411043Z   GITSIGN_VERSION: 0.17.1
release	publish GitHub Release recording the resolved SHA	2026-10-04T06:59:51.9411416Z   GITSIGN_SHA256: 69213a8a0813a151e5a47d0060862952ff833a845d57309dff76f7ba6600abae
release	publish GitHub Release recording the resolved SHA	2026-10-04T06:59:51.9411830Z   COSIGN_VERSION: 2.4.1
release	publish GitHub Release recording the resolved SHA	2026-10-04T06:59:51.9412180Z   COSIGN_SHA256: 8b24b946dd5809c6bd93de08033bcf6bc0ed7d336b7785787c080f574b89249b
release	publish GitHub Release recording the resolved SHA	2026-10-04T06:59:51.9412589Z   KYVERNO_VERSION: 1.18.2
release	publish GitHub Release recording the resolved SHA	2026-10-04T06:59:51.9412945Z   KYVERNO_SHA256: cb2feb8356149fd2fe774c894ccf0969f4a60a83867dd913af724f74ffbbc18b
release	publish GitHub Release recording the resolved SHA	2026-10-04T06:59:51.9413808Z   EXPECTED_IDENTITY_REGEXP: ^https://github\.com/policy-as-versioned-platform/platform/\.github/workflows/cut-release\.yml@refs/heads/(main|release/[0-9]+\.[0-9]+\.x)$
release	publish GitHub Release recording the resolved SHA	2026-10-04T06:59:51.9414633Z   EXPECTED_ISSUER: https://token.actions.githubusercontent.com
release	publish GitHub Release recording the resolved SHA	2026-10-04T06:59:51.9417675Z   GH_TOKEN: ***
release	publish GitHub Release recording the resolved SHA	2026-10-04T06:59:51.9417884Z ##[endgroup]
release	publish GitHub Release recording the resolved SHA	2026-10-04T06:59:52.9965725Z https://github.com/policy-as-versioned-platform/platform/releases/tag/policy/v6.0.0
release	Post Run actions/checkout@v4	﻿2026-10-04T06:59:53.0105780Z Post job cleanup.
release	Post Run actions/checkout@v4	2026-10-04T06:59:53.0984591Z [command]/usr/bin/git version
release	Post Run actions/checkout@v4	2026-10-04T06:59:53.1035360Z git version 2.55.0
release	Post Run actions/checkout@v4	2026-10-04T06:59:53.1078655Z Temporarily overriding HOME='/home/runner/work/_temp/81b60fa0-c9c0-4cb6-8d79-6a1935522a2d' before making global git config changes
release	Post Run actions/checkout@v4	2026-10-04T06:59:53.1080400Z Adding repository directory to the temporary git global config as a safe directory
release	Post Run actions/checkout@v4	2026-10-04T06:59:53.1085593Z [command]/usr/bin/git config --global --add safe.directory /home/runner/work/platform/platform
release	Post Run actions/checkout@v4	2026-10-04T06:59:53.1129075Z [command]/usr/bin/git config --local --name-only --get-regexp core\.sshCommand
release	Post Run actions/checkout@v4	2026-10-04T06:59:53.1171761Z [command]/usr/bin/git submodule foreach --recursive sh -c "git config --local --name-only --get-regexp 'core\.sshCommand' && git config --local --unset-all 'core.sshCommand' || :"
release	Post Run actions/checkout@v4	2026-10-04T06:59:53.1421463Z [command]/usr/bin/git config --local --name-only --get-regexp http\.https\:\/\/github\.com\/\.extraheader
release	Post Run actions/checkout@v4	2026-10-04T06:59:53.1447082Z http.https://github.com/.extraheader
release	Post Run actions/checkout@v4	2026-10-04T06:59:53.1461173Z [command]/usr/bin/git config --local --unset-all http.https://github.com/.extraheader
release	Post Run actions/checkout@v4	2026-10-04T06:59:53.1497162Z [command]/usr/bin/git submodule foreach --recursive sh -c "git config --local --name-only --get-regexp 'http\.https\:\/\/github\.com\/\.extraheader' && git config --local --unset-all 'http.https://github.com/.extraheader' || :"
release	Post Run actions/checkout@v4	2026-10-04T06:59:53.1749300Z [command]/usr/bin/git config --local --name-only --get-regexp ^includeIf\.gitdir:
release	Post Run actions/checkout@v4	2026-10-04T06:59:53.1787569Z [command]/usr/bin/git submodule foreach --recursive git config --local --show-origin --name-only --get-regexp remote.origin.url
release	Complete job	﻿2026-10-04T06:59:53.2246742Z Cleaning up orphan processes
release	Complete job	2026-10-04T06:59:53.2537455Z ##[warning]Node.js 20 is deprecated. The following actions target Node.js 20 but are being forced to run on Node.js 24: actions/checkout@v4. For more information see: https://github.blog/changelog/2025-09-19-deprecation-of-node-20-on-github-actions-runners/
