release	Set up job	﻿2026-10-04T07:52:27.8713440Z Current runner version: '2.337.0'
release	Set up job	2026-10-04T07:52:27.8730160Z ##[group]Runner Image Provisioner
release	Set up job	2026-10-04T07:52:27.8730775Z Hosted Compute Agent
release	Set up job	2026-10-04T07:52:27.8731152Z Version: 20260901.588
release	Set up job	2026-10-04T07:52:27.8731515Z Commit: f88ec8081b781fac6c440065ac7ff9e710ce3d0b
release	Set up job	2026-10-04T07:52:27.8731963Z Build Date: 2026-09-01T19:56:44Z
release	Set up job	2026-10-04T07:52:27.8732351Z Worker ID: {a9d7f083-ba09-4193-99fe-ecd23bc4d7b2}
release	Set up job	2026-10-04T07:52:27.8732740Z Azure Region: centralus
release	Set up job	2026-10-04T07:52:27.8733148Z ##[endgroup]
release	Set up job	2026-10-04T07:52:27.8733941Z ##[group]Operating System
release	Set up job	2026-10-04T07:52:27.8734308Z Ubuntu
release	Set up job	2026-10-04T07:52:27.8734620Z 24.04.5
release	Set up job	2026-10-04T07:52:27.8734931Z LTS
release	Set up job	2026-10-04T07:52:27.8735306Z ##[endgroup]
release	Set up job	2026-10-04T07:52:27.8735622Z ##[group]Runner Image
release	Set up job	2026-10-04T07:52:27.8735980Z Image: ubuntu-24.04
release	Set up job	2026-10-04T07:52:27.8736317Z Version: 20260927.320.1
release	Set up job	2026-10-04T07:52:27.8736902Z Included Software: https://github.com/actions/runner-images/blob/ubuntu24/20260927.320/images/ubuntu/Ubuntu2404-Readme.md
release	Set up job	2026-10-04T07:52:27.8737925Z Image Release: https://github.com/actions/runner-images/releases/tag/ubuntu24%2F20260927.320
release	Set up job	2026-10-04T07:52:27.8738711Z ##[endgroup]
release	Set up job	2026-10-04T07:52:27.8739576Z ##[group]GITHUB_TOKEN Permissions
release	Set up job	2026-10-04T07:52:27.8740939Z Contents: write
release	Set up job	2026-10-04T07:52:27.8741289Z Metadata: read
release	Set up job	2026-10-04T07:52:27.8741610Z ##[endgroup]
release	Set up job	2026-10-04T07:52:27.8742860Z Secret source: Actions
release	Set up job	2026-10-04T07:52:27.8743400Z Cache mode: write
release	Set up job	2026-10-04T07:52:27.8744004Z Prepare workflow directory
release	Set up job	2026-10-04T07:52:27.9076648Z Prepare all required actions
release	Set up job	2026-10-04T07:52:27.9106125Z Getting action download info
release	Set up job	2026-10-04T07:52:28.1191404Z Download action repository 'actions/checkout@v4' (SHA:11d5960a326750d5838078e36cf38b85af677262)
release	Set up job	2026-10-04T07:52:28.2787729Z Complete job name: release
release	Run actions/checkout@v4	﻿2026-10-04T07:52:28.3258422Z ##[group]Run actions/checkout@v4
release	Run actions/checkout@v4	2026-10-04T07:52:28.3259015Z with:
release	Run actions/checkout@v4	2026-10-04T07:52:28.3259245Z   fetch-depth: 0
release	Run actions/checkout@v4	2026-10-04T07:52:28.3259483Z   fetch-tags: true
release	Run actions/checkout@v4	2026-10-04T07:52:28.3259779Z   repository: policy-as-versioned-platform/platform
release	Run actions/checkout@v4	2026-10-04T07:52:28.3261799Z   token: ***
release	Run actions/checkout@v4	2026-10-04T07:52:28.3262022Z   ssh-strict: true
release	Run actions/checkout@v4	2026-10-04T07:52:28.3262255Z   ssh-user: git
release	Run actions/checkout@v4	2026-10-04T07:52:28.3262492Z   persist-credentials: true
release	Run actions/checkout@v4	2026-10-04T07:52:28.3262747Z   clean: true
release	Run actions/checkout@v4	2026-10-04T07:52:28.3262986Z   sparse-checkout-cone-mode: true
release	Run actions/checkout@v4	2026-10-04T07:52:28.3263264Z   show-progress: true
release	Run actions/checkout@v4	2026-10-04T07:52:28.3263504Z   lfs: false
release	Run actions/checkout@v4	2026-10-04T07:52:28.3263727Z   submodules: false
release	Run actions/checkout@v4	2026-10-04T07:52:28.3263966Z   set-safe-directory: true
release	Run actions/checkout@v4	2026-10-04T07:52:28.3264236Z   allow-unsafe-pr-checkout: false
release	Run actions/checkout@v4	2026-10-04T07:52:28.3264577Z env:
release	Run actions/checkout@v4	2026-10-04T07:52:28.3264789Z   TAG: v5.0.0
release	Run actions/checkout@v4	2026-10-04T07:52:28.3265019Z   GITSIGN_VERSION: 0.17.1
release	Run actions/checkout@v4	2026-10-04T07:52:28.3265392Z   GITSIGN_SHA256: 69213a8a0813a151e5a47d0060862952ff833a845d57309dff76f7ba6600abae
release	Run actions/checkout@v4	2026-10-04T07:52:28.3265822Z   COSIGN_VERSION: 2.4.1
release	Run actions/checkout@v4	2026-10-04T07:52:28.3266186Z   COSIGN_SHA256: 8b24b946dd5809c6bd93de08033bcf6bc0ed7d336b7785787c080f574b89249b
release	Run actions/checkout@v4	2026-10-04T07:52:28.3266599Z   KYVERNO_VERSION: 1.18.2
release	Run actions/checkout@v4	2026-10-04T07:52:28.3266971Z   KYVERNO_SHA256: cb2feb8356149fd2fe774c894ccf0969f4a60a83867dd913af724f74ffbbc18b
release	Run actions/checkout@v4	2026-10-04T07:52:28.3267762Z   EXPECTED_IDENTITY_REGEXP: ^https://github\.com/policy-as-versioned-platform/platform/\.github/workflows/cut-release\.yml@refs/heads/(main|release/[0-9]+\.[0-9]+\.x)$
release	Run actions/checkout@v4	2026-10-04T07:52:28.3268505Z   EXPECTED_ISSUER: https://token.actions.githubusercontent.com
release	Run actions/checkout@v4	2026-10-04T07:52:28.3268970Z ##[endgroup]
release	Run actions/checkout@v4	2026-10-04T07:52:28.3940448Z Syncing repository: policy-as-versioned-platform/platform
release	Run actions/checkout@v4	2026-10-04T07:52:28.3942008Z ##[group]Getting Git version info
release	Run actions/checkout@v4	2026-10-04T07:52:28.3942571Z Working directory is '/home/runner/work/platform/platform'
release	Run actions/checkout@v4	2026-10-04T07:52:28.3943394Z [command]/usr/bin/git version
release	Run actions/checkout@v4	2026-10-04T07:52:28.4006384Z git version 2.55.0
release	Run actions/checkout@v4	2026-10-04T07:52:28.4018951Z ##[endgroup]
release	Run actions/checkout@v4	2026-10-04T07:52:28.4028167Z Temporarily overriding HOME='/home/runner/work/_temp/d60840c0-12cf-48e2-a2b7-259bf7253a44' before making global git config changes
release	Run actions/checkout@v4	2026-10-04T07:52:28.4029823Z Adding repository directory to the temporary git global config as a safe directory
release	Run actions/checkout@v4	2026-10-04T07:52:28.4037157Z [command]/usr/bin/git config --global --add safe.directory /home/runner/work/platform/platform
release	Run actions/checkout@v4	2026-10-04T07:52:28.4077159Z Deleting the contents of '/home/runner/work/platform/platform'
release	Run actions/checkout@v4	2026-10-04T07:52:28.4080698Z ##[group]Initializing the repository
release	Run actions/checkout@v4	2026-10-04T07:52:28.4083854Z [command]/usr/bin/git init /home/runner/work/platform/platform
release	Run actions/checkout@v4	2026-10-04T07:52:28.4190664Z hint: Using 'master' as the name for the initial branch. This default branch name
release	Run actions/checkout@v4	2026-10-04T07:52:28.4191537Z hint: will change to "main" in Git 3.0. To configure the initial branch name
release	Run actions/checkout@v4	2026-10-04T07:52:28.4192283Z hint: to use in all of your new repositories, which will suppress this warning,
release	Run actions/checkout@v4	2026-10-04T07:52:28.4192969Z hint: call:
release	Run actions/checkout@v4	2026-10-04T07:52:28.4193292Z hint:
release	Run actions/checkout@v4	2026-10-04T07:52:28.4193710Z hint: 	git config --global init.defaultBranch <name>
release	Run actions/checkout@v4	2026-10-04T07:52:28.4194213Z hint:
release	Run actions/checkout@v4	2026-10-04T07:52:28.4194644Z hint: Names commonly chosen instead of 'master' are 'main', 'trunk' and
release	Run actions/checkout@v4	2026-10-04T07:52:28.4195126Z hint: 'development'. The just-created branch can be renamed via this command:
release	Run actions/checkout@v4	2026-10-04T07:52:28.4195509Z hint:
release	Run actions/checkout@v4	2026-10-04T07:52:28.4195759Z hint: 	git branch -m <name>
release	Run actions/checkout@v4	2026-10-04T07:52:28.4196013Z hint:
release	Run actions/checkout@v4	2026-10-04T07:52:28.4196344Z hint: Disable this message with "git config set advice.defaultBranchName false"
release	Run actions/checkout@v4	2026-10-04T07:52:28.4199189Z Initialized empty Git repository in /home/runner/work/platform/platform/.git/
release	Run actions/checkout@v4	2026-10-04T07:52:28.4200951Z [command]/usr/bin/git remote add origin https://github.com/policy-as-versioned-platform/platform
release	Run actions/checkout@v4	2026-10-04T07:52:28.4246508Z ##[endgroup]
release	Run actions/checkout@v4	2026-10-04T07:52:28.4247205Z ##[group]Disabling automatic garbage collection
release	Run actions/checkout@v4	2026-10-04T07:52:28.4250573Z [command]/usr/bin/git config --local gc.auto 0
release	Run actions/checkout@v4	2026-10-04T07:52:28.4279226Z ##[endgroup]
release	Run actions/checkout@v4	2026-10-04T07:52:28.4279934Z ##[group]Setting up auth
release	Run actions/checkout@v4	2026-10-04T07:52:28.4284586Z [command]/usr/bin/git config --local --name-only --get-regexp core\.sshCommand
release	Run actions/checkout@v4	2026-10-04T07:52:28.4317656Z [command]/usr/bin/git submodule foreach --recursive sh -c "git config --local --name-only --get-regexp 'core\.sshCommand' && git config --local --unset-all 'core.sshCommand' || :"
release	Run actions/checkout@v4	2026-10-04T07:52:28.4617014Z [command]/usr/bin/git config --local --name-only --get-regexp http\.https\:\/\/github\.com\/\.extraheader
release	Run actions/checkout@v4	2026-10-04T07:52:28.4645422Z [command]/usr/bin/git submodule foreach --recursive sh -c "git config --local --name-only --get-regexp 'http\.https\:\/\/github\.com\/\.extraheader' && git config --local --unset-all 'http.https://github.com/.extraheader' || :"
release	Run actions/checkout@v4	2026-10-04T07:52:28.4817009Z [command]/usr/bin/git config --local --name-only --get-regexp ^includeIf\.gitdir:
release	Run actions/checkout@v4	2026-10-04T07:52:28.4844410Z [command]/usr/bin/git submodule foreach --recursive git config --local --show-origin --name-only --get-regexp remote.origin.url
release	Run actions/checkout@v4	2026-10-04T07:52:28.5019367Z [command]/usr/bin/git config --local http.https://github.com/.extraheader AUTHORIZATION: basic ***
release	Run actions/checkout@v4	2026-10-04T07:52:28.5052208Z ##[endgroup]
release	Run actions/checkout@v4	2026-10-04T07:52:28.5052947Z ##[group]Fetching the repository
release	Run actions/checkout@v4	2026-10-04T07:52:28.5059553Z [command]/usr/bin/git -c protocol.version=2 fetch --prune --no-recurse-submodules origin +refs/heads/*:refs/remotes/origin/* +refs/tags/*:refs/tags/*
release	Run actions/checkout@v4	2026-10-04T07:52:29.4714453Z From https://github.com/policy-as-versioned-platform/platform
release	Run actions/checkout@v4	2026-10-04T07:52:29.4716690Z  * [new branch]      ecosystem/build-2026-09-03 -> origin/ecosystem/build-2026-09-03
release	Run actions/checkout@v4	2026-10-04T07:52:29.4718457Z  * [new branch]      ecosystem/thin-slice    -> origin/ecosystem/thin-slice
release	Run actions/checkout@v4	2026-10-04T07:52:29.4720657Z  * [new branch]      fix-2026-09-09-absence-count-is-derived -> origin/fix-2026-09-09-absence-count-is-derived
release	Run actions/checkout@v4	2026-10-04T07:52:29.4722857Z  * [new branch]      fix-transition-replay-20260910 -> origin/fix-transition-replay-20260910
release	Run actions/checkout@v4	2026-10-04T07:52:29.4725341Z  * [new branch]      implement-engine-fixtures-20260910 -> origin/implement-engine-fixtures-20260910
release	Run actions/checkout@v4	2026-10-04T07:52:29.4728134Z  * [new branch]      implement-floor-change-evidence-20260910 -> origin/implement-floor-change-evidence-20260910
release	Run actions/checkout@v4	2026-10-04T07:52:29.4730244Z  * [new branch]      main                    -> origin/main
release	Run actions/checkout@v4	2026-10-04T07:52:29.4731582Z  * [new branch]      observations            -> origin/observations
release	Run actions/checkout@v4	2026-10-04T07:52:29.4733571Z  * [new branch]      policy-composition/tickets-09-16-wip -> origin/policy-composition/tickets-09-16-wip
release	Run actions/checkout@v4	2026-10-04T07:52:29.4735192Z  * [new branch]      release/2.0.x           -> origin/release/2.0.x
release	Run actions/checkout@v4	2026-10-04T07:52:29.4736599Z  * [new branch]      renovate/configure      -> origin/renovate/configure
release	Run actions/checkout@v4	2026-10-04T07:52:29.4738341Z  * [new branch]      repair-2026-09-04-gate-regressions -> origin/repair-2026-09-04-gate-regressions
release	Run actions/checkout@v4	2026-10-04T07:52:29.4740486Z  * [new branch]      repair/array-commit-for-4-0-0 -> origin/repair/array-commit-for-4-0-0
release	Run actions/checkout@v4	2026-10-04T07:52:29.4742585Z  * [new branch]      repair/evidence-reaches-main -> origin/repair/evidence-reaches-main
release	Run actions/checkout@v4	2026-10-04T07:52:29.4744147Z  * [new branch]      resume/2026-10-03-security6 -> origin/resume/2026-10-03-security6
release	Run actions/checkout@v4	2026-10-04T07:52:29.4745697Z  * [new branch]      resume/2026-10-04-compatibility7 -> origin/resume/2026-10-04-compatibility7
release	Run actions/checkout@v4	2026-10-04T07:52:29.4747153Z  * [new branch]      retire-policy-4-0-0     -> origin/retire-policy-4-0-0
release	Run actions/checkout@v4	2026-10-04T07:52:29.4749266Z  * [new branch]      ticket-106-composition-selfcheck-fixture-namespace -> origin/ticket-106-composition-selfcheck-fixture-namespace
release	Run actions/checkout@v4	2026-10-04T07:52:29.4751361Z  * [new branch]      ticket-110-offline-supersede -> origin/ticket-110-offline-supersede
release	Run actions/checkout@v4	2026-10-04T07:52:29.4753145Z  * [new branch]      ticket-110-selfcheck-derives-supersede -> origin/ticket-110-selfcheck-derives-supersede
release	Run actions/checkout@v4	2026-10-04T07:52:29.4755187Z  * [new branch]      ticket-111-the-cage-delivers-its-classes -> origin/ticket-111-the-cage-delivers-its-classes
release	Run actions/checkout@v4	2026-10-04T07:52:29.4757901Z  * [new branch]      ticket-113-infra-is-a-role-not-a-rung -> origin/ticket-113-infra-is-a-role-not-a-rung
release	Run actions/checkout@v4	2026-10-04T07:52:29.4762659Z  * [new branch]      ticket-119-unlabelled-namespace-is-priced -> origin/ticket-119-unlabelled-namespace-is-priced
release	Run actions/checkout@v4	2026-10-04T07:52:29.4766381Z  * [new branch]      ticket-121-implementing-a-control-moves-the-price -> origin/ticket-121-implementing-a-control-moves-the-price
release	Run actions/checkout@v4	2026-10-04T07:52:29.4769532Z  * [new branch]      ticket-122-ramp-survives-rename -> origin/ticket-122-ramp-survives-rename
release	Run actions/checkout@v4	2026-10-04T07:52:29.4772360Z  * [new branch]      ticket-123-a-withdrawal-is-the-regulators -> origin/ticket-123-a-withdrawal-is-the-regulators
release	Run actions/checkout@v4	2026-10-04T07:52:29.4774211Z  * [new branch]      ticket-124-price-the-removal -> origin/ticket-124-price-the-removal
release	Run actions/checkout@v4	2026-10-04T07:52:29.4776225Z  * [new branch]      ticket-126-a-withdrawn-control-is-not-selectable -> origin/ticket-126-a-withdrawn-control-is-not-selectable
release	Run actions/checkout@v4	2026-10-04T07:52:29.4778633Z  * [new branch]      ticket-128-behind-a-major-unreadable -> origin/ticket-128-behind-a-major-unreadable
release	Run actions/checkout@v4	2026-10-04T07:52:29.4781625Z  * [new branch]      ticket-130-the-composed-root-is-delivered -> origin/ticket-130-the-composed-root-is-delivered
release	Run actions/checkout@v4	2026-10-04T07:52:29.4784909Z  * [new branch]      ticket-134-observation-is-not-source -> origin/ticket-134-observation-is-not-source
release	Run actions/checkout@v4	2026-10-04T07:52:29.4787486Z  * [new branch]      ticket-136-vendor-by-feed-name -> origin/ticket-136-vendor-by-feed-name
release	Run actions/checkout@v4	2026-10-04T07:52:29.4790099Z  * [new branch]      ticket-137-parent-tree-per-feed-edge -> origin/ticket-137-parent-tree-per-feed-edge
release	Run actions/checkout@v4	2026-10-04T07:52:29.4792531Z  * [new branch]      ticket-138-as-of-docstring -> origin/ticket-138-as-of-docstring
release	Run actions/checkout@v4	2026-10-04T07:52:29.4794721Z  * [new branch]      ticket-139-since-after-as-of -> origin/ticket-139-since-after-as-of
release	Run actions/checkout@v4	2026-10-04T07:52:29.4797457Z  * [new branch]      ticket-141-party-declares-pricing-threshold -> origin/ticket-141-party-declares-pricing-threshold
release	Run actions/checkout@v4	2026-10-04T07:52:29.4800332Z  * [new branch]      ticket-145-agent-cage-price -> origin/ticket-145-agent-cage-price
release	Run actions/checkout@v4	2026-10-04T07:52:29.4802770Z  * [new branch]      ticket-146-engine-cells -> origin/ticket-146-engine-cells
release	Run actions/checkout@v4	2026-10-04T07:52:29.4804359Z  * [new branch]      ticket-148-unsupported-pairing -> origin/ticket-148-unsupported-pairing
release	Run actions/checkout@v4	2026-10-04T07:52:29.4806005Z  * [new branch]      ticket-34-followup-2026-09-08 -> origin/ticket-34-followup-2026-09-08
release	Run actions/checkout@v4	2026-10-04T07:52:29.4807907Z  * [new branch]      ticket-34-handbook-as-a-compose-time-render -> origin/ticket-34-handbook-as-a-compose-time-render
release	Run actions/checkout@v4	2026-10-04T07:52:29.4810817Z  * [new branch]      ticket-45-switching-cost-computed-in-composition -> origin/ticket-45-switching-cost-computed-in-composition
release	Run actions/checkout@v4	2026-10-04T07:52:29.4812801Z  * [new branch]      ticket-55-instrument-faults -> origin/ticket-55-instrument-faults
release	Run actions/checkout@v4	2026-10-04T07:52:29.4814168Z  * [new branch]      ticket-62-and-77        -> origin/ticket-62-and-77
release	Run actions/checkout@v4	2026-10-04T07:52:29.4815834Z  * [new branch]      ticket-67-the-record-matches-the-surface -> origin/ticket-67-the-record-matches-the-surface
release	Run actions/checkout@v4	2026-10-04T07:52:29.4817594Z  * [new branch]      ticket-79-the-pound-inputs -> origin/ticket-79-the-pound-inputs
release	Run actions/checkout@v4	2026-10-04T07:52:29.4819456Z  * [new branch]      ticket-80-three-forks-not-a-config-base -> origin/ticket-80-three-forks-not-a-config-base
release	Run actions/checkout@v4	2026-10-04T07:52:29.4821403Z  * [new branch]      ticket-84-being-behind-costs-something -> origin/ticket-84-being-behind-costs-something
release	Run actions/checkout@v4	2026-10-04T07:52:29.4823087Z  * [new branch]      ticket-89-deny-is-not-a-rung -> origin/ticket-89-deny-is-not-a-rung
release	Run actions/checkout@v4	2026-10-04T07:52:29.4824851Z  * [new branch]      ticket-91-the-currency-controller-is-owned -> origin/ticket-91-the-currency-controller-is-owned
release	Run actions/checkout@v4	2026-10-04T07:52:29.4826710Z  * [new branch]      ticket-98-refusal-by-another-name -> origin/ticket-98-refusal-by-another-name
release	Run actions/checkout@v4	2026-10-04T07:52:29.4828327Z  * [new branch]      truth-surface-computed-semver -> origin/truth-surface-computed-semver
release	Run actions/checkout@v4	2026-10-04T07:52:29.4830024Z  * [new branch]      truth-surface-live-tails -> origin/truth-surface-live-tails
release	Run actions/checkout@v4	2026-10-04T07:52:29.4831210Z  * [new tag]         policy/v2.0.0           -> policy/v2.0.0
release	Run actions/checkout@v4	2026-10-04T07:52:29.4832193Z  * [new tag]         policy/v2.0.1           -> policy/v2.0.1
release	Run actions/checkout@v4	2026-10-04T07:52:29.4833181Z  * [new tag]         policy/v3.0.0           -> policy/v3.0.0
release	Run actions/checkout@v4	2026-10-04T07:52:29.4834163Z  * [new tag]         policy/v4.0.0           -> policy/v4.0.0
release	Run actions/checkout@v4	2026-10-04T07:52:29.4835127Z  * [new tag]         policy/v5.0.0           -> policy/v5.0.0
release	Run actions/checkout@v4	2026-10-04T07:52:29.4836093Z  * [new tag]         policy/v6.0.0           -> policy/v6.0.0
release	Run actions/checkout@v4	2026-10-04T07:52:29.4837069Z  * [new tag]         policy/v7.0.0           -> policy/v7.0.0
release	Run actions/checkout@v4	2026-10-04T07:52:29.4838000Z  * [new tag]         v0.1.0                  -> v0.1.0
release	Run actions/checkout@v4	2026-10-04T07:52:29.4838966Z  * [new tag]         v0.1.1                  -> v0.1.1
release	Run actions/checkout@v4	2026-10-04T07:52:29.4839843Z  * [new tag]         v1.0.0                  -> v1.0.0
release	Run actions/checkout@v4	2026-10-04T07:52:29.4840748Z  * [new tag]         v1.1.0                  -> v1.1.0
release	Run actions/checkout@v4	2026-10-04T07:52:29.4841638Z  * [new tag]         v1.1.1                  -> v1.1.1
release	Run actions/checkout@v4	2026-10-04T07:52:29.4842512Z  * [new tag]         v2.0.0                  -> v2.0.0
release	Run actions/checkout@v4	2026-10-04T07:52:29.4843386Z  * [new tag]         v2.0.1                  -> v2.0.1
release	Run actions/checkout@v4	2026-10-04T07:52:29.4844252Z  * [new tag]         v3.0.0                  -> v3.0.0
release	Run actions/checkout@v4	2026-10-04T07:52:29.4845125Z  * [new tag]         v3.1.0                  -> v3.1.0
release	Run actions/checkout@v4	2026-10-04T07:52:29.4846006Z  * [new tag]         v3.2.0                  -> v3.2.0
release	Run actions/checkout@v4	2026-10-04T07:52:29.4846888Z  * [new tag]         v3.3.0                  -> v3.3.0
release	Run actions/checkout@v4	2026-10-04T07:52:29.4847757Z  * [new tag]         v3.4.0                  -> v3.4.0
release	Run actions/checkout@v4	2026-10-04T07:52:29.4848641Z  * [new tag]         v3.4.1                  -> v3.4.1
release	Run actions/checkout@v4	2026-10-04T07:52:29.4849635Z  * [new tag]         v4.0.0                  -> v4.0.0
release	Run actions/checkout@v4	2026-10-04T07:52:29.4850513Z  * [new tag]         v5.0.0                  -> v5.0.0
release	Run actions/checkout@v4	2026-10-04T07:52:29.4852613Z [command]/usr/bin/git tag --list v5.0.0
release	Run actions/checkout@v4	2026-10-04T07:52:29.4853408Z v5.0.0
release	Run actions/checkout@v4	2026-10-04T07:52:29.4854790Z [command]/usr/bin/git rev-parse refs/tags/v5.0.0
release	Run actions/checkout@v4	2026-10-04T07:52:29.4855760Z 6ab1d49cf4ded25b4939ba16f8e8e741a5c2b8f0
release	Run actions/checkout@v4	2026-10-04T07:52:29.4858377Z [command]/usr/bin/git -c protocol.version=2 fetch --no-tags --prune --no-recurse-submodules origin +703eff6aee959843c4160aa54fd03413f62858cc:refs/tags/v5.0.0
release	Run actions/checkout@v4	2026-10-04T07:52:29.4860853Z From https://github.com/policy-as-versioned-platform/platform
release	Run actions/checkout@v4	2026-10-04T07:52:29.4862508Z  t [tag update]      703eff6aee959843c4160aa54fd03413f62858cc -> v5.0.0
release	Run actions/checkout@v4	2026-10-04T07:52:29.4865528Z ##[endgroup]
release	Run actions/checkout@v4	2026-10-04T07:52:29.4866922Z ##[group]Determining the checkout info
release	Run actions/checkout@v4	2026-10-04T07:52:29.4868735Z ##[endgroup]
release	Run actions/checkout@v4	2026-10-04T07:52:29.4870030Z [command]/usr/bin/git sparse-checkout disable
release	Run actions/checkout@v4	2026-10-04T07:52:29.4909269Z [command]/usr/bin/git config --local --unset-all extensions.worktreeConfig
release	Run actions/checkout@v4	2026-10-04T07:52:29.4933718Z ##[group]Checking out the ref
release	Run actions/checkout@v4	2026-10-04T07:52:29.4935384Z [command]/usr/bin/git checkout --progress --force refs/tags/v5.0.0
release	Run actions/checkout@v4	2026-10-04T07:52:29.5255265Z Note: switching to 'refs/tags/v5.0.0'.
release	Run actions/checkout@v4	2026-10-04T07:52:29.5255961Z 
release	Run actions/checkout@v4	2026-10-04T07:52:29.5256584Z You are in 'detached HEAD' state. You can look around, make experimental
release	Run actions/checkout@v4	2026-10-04T07:52:29.5257852Z changes and commit them, and you can discard any commits you make in this
release	Run actions/checkout@v4	2026-10-04T07:52:29.5259238Z state without impacting any branches by switching back to a branch.
release	Run actions/checkout@v4	2026-10-04T07:52:29.5259951Z 
release	Run actions/checkout@v4	2026-10-04T07:52:29.5260425Z If you want to create a new branch to retain commits you create, you may
release	Run actions/checkout@v4	2026-10-04T07:52:29.5261588Z do so (now or later) by using -c with the switch command. Example:
release	Run actions/checkout@v4	2026-10-04T07:52:29.5262238Z 
release	Run actions/checkout@v4	2026-10-04T07:52:29.5262512Z   git switch -c <new-branch-name>
release	Run actions/checkout@v4	2026-10-04T07:52:29.5262949Z 
release	Run actions/checkout@v4	2026-10-04T07:52:29.5263207Z Or undo this operation with:
release	Run actions/checkout@v4	2026-10-04T07:52:29.5263607Z 
release	Run actions/checkout@v4	2026-10-04T07:52:29.5263834Z   git switch -
release	Run actions/checkout@v4	2026-10-04T07:52:29.5264210Z 
release	Run actions/checkout@v4	2026-10-04T07:52:29.5264993Z Turn off this advice by setting config variable advice.detachedHead to false
release	Run actions/checkout@v4	2026-10-04T07:52:29.5265767Z 
release	Run actions/checkout@v4	2026-10-04T07:52:29.5266868Z HEAD is now at 703eff6 cs-27: point versions.yaml commit field(s) at the evidence commit 393a40f707f2b23a3a174696a0c84a8473297ca9 (policy/v7.0.0)
release	Run actions/checkout@v4	2026-10-04T07:52:29.5270030Z ##[endgroup]
release	Run actions/checkout@v4	2026-10-04T07:52:29.5297726Z [command]/usr/bin/git log -1 --format=%H
release	Run actions/checkout@v4	2026-10-04T07:52:29.5318648Z 703eff6aee959843c4160aa54fd03413f62858cc
release	install pinned gitsign + kyverno (binary + checksum, no marketplace actions)	﻿2026-10-04T07:52:29.5492957Z ##[group]Run set -euo pipefail
release	install pinned gitsign + kyverno (binary + checksum, no marketplace actions)	2026-10-04T07:52:29.5493767Z ^[[36;1mset -euo pipefail^[[0m
release	install pinned gitsign + kyverno (binary + checksum, no marketplace actions)	2026-10-04T07:52:29.5495314Z ^[[36;1mcurl -sSL -o gitsign "https://github.com/sigstore/gitsign/releases/download/v${GITSIGN_VERSION}/gitsign_${GITSIGN_VERSION}_linux_amd64"^[[0m
release	install pinned gitsign + kyverno (binary + checksum, no marketplace actions)	2026-10-04T07:52:29.5497055Z ^[[36;1mecho "${GITSIGN_SHA256}  gitsign" | sha256sum -c -^[[0m
release	install pinned gitsign + kyverno (binary + checksum, no marketplace actions)	2026-10-04T07:52:29.5498111Z ^[[36;1mchmod +x gitsign && sudo mv gitsign /usr/local/bin/gitsign^[[0m
release	install pinned gitsign + kyverno (binary + checksum, no marketplace actions)	2026-10-04T07:52:29.5499169Z ^[[36;1m^[[0m
release	install pinned gitsign + kyverno (binary + checksum, no marketplace actions)	2026-10-04T07:52:29.5500370Z ^[[36;1mcurl -sSL -o cosign "https://github.com/sigstore/cosign/releases/download/v${COSIGN_VERSION}/cosign-linux-amd64"^[[0m
release	install pinned gitsign + kyverno (binary + checksum, no marketplace actions)	2026-10-04T07:52:29.5501883Z ^[[36;1mecho "${COSIGN_SHA256}  cosign" | sha256sum -c -^[[0m
release	install pinned gitsign + kyverno (binary + checksum, no marketplace actions)	2026-10-04T07:52:29.5502898Z ^[[36;1mchmod +x cosign && sudo mv cosign /usr/local/bin/cosign^[[0m
release	install pinned gitsign + kyverno (binary + checksum, no marketplace actions)	2026-10-04T07:52:29.5503764Z ^[[36;1m^[[0m
release	install pinned gitsign + kyverno (binary + checksum, no marketplace actions)	2026-10-04T07:52:29.5505252Z ^[[36;1mcurl -sSL -o kyverno.tar.gz "https://github.com/kyverno/kyverno/releases/download/v${KYVERNO_VERSION}/kyverno-cli_v${KYVERNO_VERSION}_linux_x86_64.tar.gz"^[[0m
release	install pinned gitsign + kyverno (binary + checksum, no marketplace actions)	2026-10-04T07:52:29.5507129Z ^[[36;1mecho "${KYVERNO_SHA256}  kyverno.tar.gz" | sha256sum -c -^[[0m
release	install pinned gitsign + kyverno (binary + checksum, no marketplace actions)	2026-10-04T07:52:29.5508425Z ^[[36;1mtar xzf kyverno.tar.gz kyverno && chmod +x kyverno && sudo mv kyverno /usr/local/bin/kyverno^[[0m
release	install pinned gitsign + kyverno (binary + checksum, no marketplace actions)	2026-10-04T07:52:29.5509713Z ^[[36;1m^[[0m
release	install pinned gitsign + kyverno (binary + checksum, no marketplace actions)	2026-10-04T07:52:29.5510269Z ^[[36;1mpip install --quiet pyyaml^[[0m
release	install pinned gitsign + kyverno (binary + checksum, no marketplace actions)	2026-10-04T07:52:29.5735316Z shell: /usr/bin/bash -e {0}
release	install pinned gitsign + kyverno (binary + checksum, no marketplace actions)	2026-10-04T07:52:29.5735989Z env:
release	install pinned gitsign + kyverno (binary + checksum, no marketplace actions)	2026-10-04T07:52:29.5736487Z   TAG: v5.0.0
release	install pinned gitsign + kyverno (binary + checksum, no marketplace actions)	2026-10-04T07:52:29.5737055Z   GITSIGN_VERSION: 0.17.1
release	install pinned gitsign + kyverno (binary + checksum, no marketplace actions)	2026-10-04T07:52:29.5738002Z   GITSIGN_SHA256: 69213a8a0813a151e5a47d0060862952ff833a845d57309dff76f7ba6600abae
release	install pinned gitsign + kyverno (binary + checksum, no marketplace actions)	2026-10-04T07:52:29.5739159Z   COSIGN_VERSION: 2.4.1
release	install pinned gitsign + kyverno (binary + checksum, no marketplace actions)	2026-10-04T07:52:29.5740233Z   COSIGN_SHA256: 8b24b946dd5809c6bd93de08033bcf6bc0ed7d336b7785787c080f574b89249b
release	install pinned gitsign + kyverno (binary + checksum, no marketplace actions)	2026-10-04T07:52:29.5741256Z   KYVERNO_VERSION: 1.18.2
release	install pinned gitsign + kyverno (binary + checksum, no marketplace actions)	2026-10-04T07:52:29.5742187Z   KYVERNO_SHA256: cb2feb8356149fd2fe774c894ccf0969f4a60a83867dd913af724f74ffbbc18b
release	install pinned gitsign + kyverno (binary + checksum, no marketplace actions)	2026-10-04T07:52:29.5744255Z   EXPECTED_IDENTITY_REGEXP: ^https://github\.com/policy-as-versioned-platform/platform/\.github/workflows/cut-release\.yml@refs/heads/(main|release/[0-9]+\.[0-9]+\.x)$
release	install pinned gitsign + kyverno (binary + checksum, no marketplace actions)	2026-10-04T07:52:29.5746272Z   EXPECTED_ISSUER: https://token.actions.githubusercontent.com
release	install pinned gitsign + kyverno (binary + checksum, no marketplace actions)	2026-10-04T07:52:29.5747162Z ##[endgroup]
release	install pinned gitsign + kyverno (binary + checksum, no marketplace actions)	2026-10-04T07:52:30.1870350Z gitsign: OK
release	install pinned gitsign + kyverno (binary + checksum, no marketplace actions)	2026-10-04T07:52:31.8498057Z cosign: OK
release	install pinned gitsign + kyverno (binary + checksum, no marketplace actions)	2026-10-04T07:52:32.2247364Z kyverno.tar.gz: OK
release	shift-left offline proof (release gate)	﻿2026-10-04T07:52:34.9629553Z ##[group]Run ./shift-left/verify-shift-left.sh
release	shift-left offline proof (release gate)	2026-10-04T07:52:34.9629852Z ^[[36;1m./shift-left/verify-shift-left.sh^[[0m
release	shift-left offline proof (release gate)	2026-10-04T07:52:34.9683343Z shell: /usr/bin/bash -e {0}
release	shift-left offline proof (release gate)	2026-10-04T07:52:34.9683520Z env:
release	shift-left offline proof (release gate)	2026-10-04T07:52:34.9683667Z   TAG: v5.0.0
release	shift-left offline proof (release gate)	2026-10-04T07:52:34.9683808Z   GITSIGN_VERSION: 0.17.1
release	shift-left offline proof (release gate)	2026-10-04T07:52:34.9684040Z   GITSIGN_SHA256: 69213a8a0813a151e5a47d0060862952ff833a845d57309dff76f7ba6600abae
release	shift-left offline proof (release gate)	2026-10-04T07:52:34.9684288Z   COSIGN_VERSION: 2.4.1
release	shift-left offline proof (release gate)	2026-10-04T07:52:34.9684509Z   COSIGN_SHA256: 8b24b946dd5809c6bd93de08033bcf6bc0ed7d336b7785787c080f574b89249b
release	shift-left offline proof (release gate)	2026-10-04T07:52:34.9684759Z   KYVERNO_VERSION: 1.18.2
release	shift-left offline proof (release gate)	2026-10-04T07:52:34.9684996Z   KYVERNO_SHA256: cb2feb8356149fd2fe774c894ccf0969f4a60a83867dd913af724f74ffbbc18b
release	shift-left offline proof (release gate)	2026-10-04T07:52:34.9685492Z   EXPECTED_IDENTITY_REGEXP: ^https://github\.com/policy-as-versioned-platform/platform/\.github/workflows/cut-release\.yml@refs/heads/(main|release/[0-9]+\.[0-9]+\.x)$
release	shift-left offline proof (release gate)	2026-10-04T07:52:34.9685978Z   EXPECTED_ISSUER: https://token.actions.githubusercontent.com
release	shift-left offline proof (release gate)	2026-10-04T07:52:34.9686227Z ##[endgroup]
release	shift-left offline proof (release gate)	2026-10-04T07:52:35.0369429Z == a compliant change passes across its ±1 supported window ==
release	shift-left offline proof (release gate)	2026-10-04T07:52:35.7305363Z fixtures/workload-compliant.yaml: targets 5.0.0, checking supported window ['5.0.0', '6.0.0']
release	shift-left offline proof (release gate)	2026-10-04T07:52:35.7306275Z declared engine: kyverno 1.18.2 (read from fixtures/engine/kyverno.yaml, --engine-declaration fixtures/engine/kyverno.yaml)
release	shift-left offline proof (release gate)	2026-10-04T07:52:35.7306733Z --- kyverno apply @ v5.0.0 ---
release	shift-left offline proof (release gate)	2026-10-04T07:52:35.7306975Z Applying 5 policy rule(s) to 1 resource(s)...
release	shift-left offline proof (release gate)	2026-10-04T07:52:35.7307150Z 
release	shift-left offline proof (release gate)	2026-10-04T07:52:35.7307308Z policy cage-tier-5-0-0 applied to default/Pod/checkout-svc:
release	shift-left offline proof (release gate)	2026-10-04T07:52:35.7307540Z apiVersion: v1
release	shift-left offline proof (release gate)	2026-10-04T07:52:35.7307651Z kind: Pod
release	shift-left offline proof (release gate)	2026-10-04T07:52:35.7307752Z metadata:
release	shift-left offline proof (release gate)	2026-10-04T07:52:35.7307876Z   labels:
release	shift-left offline proof (release gate)	2026-10-04T07:52:35.7308094Z     policy-as-versioned.dev/policy-version: 5.0.0
release	shift-left offline proof (release gate)	2026-10-04T07:52:35.7308411Z     posture.acme.io/caged: "true"
release	shift-left offline proof (release gate)	2026-10-04T07:52:35.7308638Z     posture.acme.io/tier: isolated
release	shift-left offline proof (release gate)	2026-10-04T07:52:35.7309008Z     posture.acme.io/version: 5.0.0
release	shift-left offline proof (release gate)	2026-10-04T07:52:35.7309215Z   name: checkout-svc
release	shift-left offline proof (release gate)	2026-10-04T07:52:35.7309402Z   namespace: default
release	shift-left offline proof (release gate)	2026-10-04T07:52:35.7309574Z spec:
release	shift-left offline proof (release gate)	2026-10-04T07:52:35.7309737Z   containers:
release	shift-left offline proof (release gate)	2026-10-04T07:52:35.7309909Z   - image: nginx
release	shift-left offline proof (release gate)	2026-10-04T07:52:35.7310072Z     name: c
release	shift-left offline proof (release gate)	2026-10-04T07:52:35.7310227Z     resources:
release	shift-left offline proof (release gate)	2026-10-04T07:52:35.7310382Z       limits:
release	shift-left offline proof (release gate)	2026-10-04T07:52:35.7310540Z         cpu: 100m
release	shift-left offline proof (release gate)	2026-10-04T07:52:35.7311062Z         memory: 64Mi
release	shift-left offline proof (release gate)	2026-10-04T07:52:35.7311238Z     securityContext:
release	shift-left offline proof (release gate)	2026-10-04T07:52:35.7311475Z       allowPrivilegeEscalation: false
release	shift-left offline proof (release gate)	2026-10-04T07:52:35.7311697Z       capabilities:
release	shift-left offline proof (release gate)	2026-10-04T07:52:35.7311868Z         drop:
release	shift-left offline proof (release gate)	2026-10-04T07:52:35.7312025Z         - ALL
release	shift-left offline proof (release gate)	2026-10-04T07:52:35.7312196Z       privileged: false
release	shift-left offline proof (release gate)	2026-10-04T07:52:35.7312396Z       readOnlyRootFilesystem: true
release	shift-left offline proof (release gate)	2026-10-04T07:52:35.7312611Z       runAsNonRoot: true
release	shift-left offline proof (release gate)	2026-10-04T07:52:35.7312817Z   - image: ghcr.io/acme/coraza-waf:cage
release	shift-left offline proof (release gate)	2026-10-04T07:52:35.7313051Z     name: waf-sidecar
release	shift-left offline proof (release gate)	2026-10-04T07:52:35.7313223Z     resources:
release	shift-left offline proof (release gate)	2026-10-04T07:52:35.7313377Z       limits:
release	shift-left offline proof (release gate)	2026-10-04T07:52:35.7313533Z         cpu: 250m
release	shift-left offline proof (release gate)	2026-10-04T07:52:35.7313700Z         memory: 256Mi
release	shift-left offline proof (release gate)	2026-10-04T07:52:35.7314342Z     securityContext:
release	shift-left offline proof (release gate)	2026-10-04T07:52:35.7314543Z       allowPrivilegeEscalation: false
release	shift-left offline proof (release gate)	2026-10-04T07:52:35.7314760Z       capabilities:
release	shift-left offline proof (release gate)	2026-10-04T07:52:35.7314928Z         drop:
release	shift-left offline proof (release gate)	2026-10-04T07:52:35.7315084Z         - ALL
release	shift-left offline proof (release gate)	2026-10-04T07:52:35.7315253Z       privileged: false
release	shift-left offline proof (release gate)	2026-10-04T07:52:35.7315452Z       readOnlyRootFilesystem: true
release	shift-left offline proof (release gate)	2026-10-04T07:52:35.7315667Z       runAsNonRoot: true
release	shift-left offline proof (release gate)	2026-10-04T07:52:35.7315853Z   hostIPC: false
release	shift-left offline proof (release gate)	2026-10-04T07:52:35.7315979Z   hostNetwork: false
release	shift-left offline proof (release gate)	2026-10-04T07:52:35.7316096Z   hostPID: false
release	shift-left offline proof (release gate)	2026-10-04T07:52:35.7316213Z   preemptionPolicy: Never
release	shift-left offline proof (release gate)	2026-10-04T07:52:35.7316343Z   priority: -10000
release	shift-left offline proof (release gate)	2026-10-04T07:52:35.7316480Z   priorityClassName: cage-isolated-5-0-0
release	shift-left offline proof (release gate)	2026-10-04T07:52:35.7316628Z   securityContext:
release	shift-left offline proof (release gate)	2026-10-04T07:52:35.7316932Z     runAsNonRoot: true
release	shift-left offline proof (release gate)	2026-10-04T07:52:35.7317003Z 
release	shift-left offline proof (release gate)	2026-10-04T07:52:35.7317047Z ---
release	shift-left offline proof (release gate)	2026-10-04T07:52:35.7317103Z 
release	shift-left offline proof (release gate)	2026-10-04T07:52:35.7317111Z 
release	shift-left offline proof (release gate)	2026-10-04T07:52:35.7317155Z Mutation:
release	shift-left offline proof (release gate)	2026-10-04T07:52:35.7317281Z Mutation has been applied successfully.
release	shift-left offline proof (release gate)	2026-10-04T07:52:35.7317478Z policy cage-tier-5-0-0 applied to default/Pod/checkout-svc:
release	shift-left offline proof (release gate)	2026-10-04T07:52:35.7317654Z apiVersion: v1
release	shift-left offline proof (release gate)	2026-10-04T07:52:35.7317759Z kind: Pod
release	shift-left offline proof (release gate)	2026-10-04T07:52:35.7317857Z metadata:
release	shift-left offline proof (release gate)	2026-10-04T07:52:35.7317955Z   labels:
release	shift-left offline proof (release gate)	2026-10-04T07:52:35.7318086Z     policy-as-versioned.dev/policy-version: 5.0.0
release	shift-left offline proof (release gate)	2026-10-04T07:52:35.7318258Z     posture.acme.io/caged: "true"
release	shift-left offline proof (release gate)	2026-10-04T07:52:35.7318403Z     posture.acme.io/tier: isolated
release	shift-left offline proof (release gate)	2026-10-04T07:52:35.7318547Z     posture.acme.io/version: 5.0.0
release	shift-left offline proof (release gate)	2026-10-04T07:52:35.7318681Z   name: checkout-svc
release	shift-left offline proof (release gate)	2026-10-04T07:52:35.7318797Z   namespace: default
release	shift-left offline proof (release gate)	2026-10-04T07:52:35.7319167Z spec:
release	shift-left offline proof (release gate)	2026-10-04T07:52:35.7319270Z   containers:
release	shift-left offline proof (release gate)	2026-10-04T07:52:35.7319382Z   - image: nginx
release	shift-left offline proof (release gate)	2026-10-04T07:52:35.7319494Z     name: c
release	shift-left offline proof (release gate)	2026-10-04T07:52:35.7319598Z     resources:
release	shift-left offline proof (release gate)	2026-10-04T07:52:35.7319704Z       limits:
release	shift-left offline proof (release gate)	2026-10-04T07:52:35.7319809Z         cpu: 100m
release	shift-left offline proof (release gate)	2026-10-04T07:52:35.7319918Z         memory: 64Mi
release	shift-left offline proof (release gate)	2026-10-04T07:52:35.7320036Z     securityContext:
release	shift-left offline proof (release gate)	2026-10-04T07:52:35.7320167Z       allowPrivilegeEscalation: false
release	shift-left offline proof (release gate)	2026-10-04T07:52:35.7320309Z       capabilities:
release	shift-left offline proof (release gate)	2026-10-04T07:52:35.7320417Z         drop:
release	shift-left offline proof (release gate)	2026-10-04T07:52:35.7320520Z         - ALL
release	shift-left offline proof (release gate)	2026-10-04T07:52:35.7320629Z       privileged: false
release	shift-left offline proof (release gate)	2026-10-04T07:52:35.7320761Z       readOnlyRootFilesystem: true
release	shift-left offline proof (release gate)	2026-10-04T07:52:35.7320902Z       runAsNonRoot: true
release	shift-left offline proof (release gate)	2026-10-04T07:52:35.7321041Z   - image: ghcr.io/acme/coraza-waf:cage
release	shift-left offline proof (release gate)	2026-10-04T07:52:35.7321187Z     name: waf-sidecar
release	shift-left offline proof (release gate)	2026-10-04T07:52:35.7321303Z     resources:
release	shift-left offline proof (release gate)	2026-10-04T07:52:35.7321405Z       limits:
release	shift-left offline proof (release gate)	2026-10-04T07:52:35.7321511Z         cpu: 250m
release	shift-left offline proof (release gate)	2026-10-04T07:52:35.7321620Z         memory: 256Mi
release	shift-left offline proof (release gate)	2026-10-04T07:52:35.7321735Z     securityContext:
release	shift-left offline proof (release gate)	2026-10-04T07:52:35.7321867Z       allowPrivilegeEscalation: false
release	shift-left offline proof (release gate)	2026-10-04T07:52:35.7322010Z       capabilities:
release	shift-left offline proof (release gate)	2026-10-04T07:52:35.7322117Z         drop:
release	shift-left offline proof (release gate)	2026-10-04T07:52:35.7322218Z         - ALL
release	shift-left offline proof (release gate)	2026-10-04T07:52:35.7322326Z       privileged: false
release	shift-left offline proof (release gate)	2026-10-04T07:52:35.7322465Z       readOnlyRootFilesystem: true
release	shift-left offline proof (release gate)	2026-10-04T07:52:35.7322604Z       runAsNonRoot: true
release	shift-left offline proof (release gate)	2026-10-04T07:52:35.7322724Z   hostIPC: false
release	shift-left offline proof (release gate)	2026-10-04T07:52:35.7322836Z   hostNetwork: false
release	shift-left offline proof (release gate)	2026-10-04T07:52:35.7322950Z   hostPID: false
release	shift-left offline proof (release gate)	2026-10-04T07:52:35.7323066Z   preemptionPolicy: Never
release	shift-left offline proof (release gate)	2026-10-04T07:52:35.7323215Z   priority: -10000
release	shift-left offline proof (release gate)	2026-10-04T07:52:35.7323350Z   priorityClassName: cage-isolated-5-0-0
release	shift-left offline proof (release gate)	2026-10-04T07:52:35.7323498Z   securityContext:
release	shift-left offline proof (release gate)	2026-10-04T07:52:35.7323614Z     runAsNonRoot: true
release	shift-left offline proof (release gate)	2026-10-04T07:52:35.7323687Z 
release	shift-left offline proof (release gate)	2026-10-04T07:52:35.7323730Z ---
release	shift-left offline proof (release gate)	2026-10-04T07:52:35.7323783Z 
release	shift-left offline proof (release gate)	2026-10-04T07:52:35.7323788Z 
release	shift-left offline proof (release gate)	2026-10-04T07:52:35.7323833Z Mutation:
release	shift-left offline proof (release gate)	2026-10-04T07:52:35.7323951Z Mutation has been applied successfully.
release	shift-left offline proof (release gate)	2026-10-04T07:52:35.7324159Z policy stamp-posture-5-0-0 applied to default/Pod/checkout-svc:
release	shift-left offline proof (release gate)	2026-10-04T07:52:35.7324345Z apiVersion: v1
release	shift-left offline proof (release gate)	2026-10-04T07:52:35.7324450Z kind: Pod
release	shift-left offline proof (release gate)	2026-10-04T07:52:35.7324547Z metadata:
release	shift-left offline proof (release gate)	2026-10-04T07:52:35.7324643Z   labels:
release	shift-left offline proof (release gate)	2026-10-04T07:52:35.7324908Z     policy-as-versioned.dev/policy-version: 5.0.0
release	shift-left offline proof (release gate)	2026-10-04T07:52:35.7325078Z     posture.acme.io/caged: "true"
release	shift-left offline proof (release gate)	2026-10-04T07:52:35.7325221Z     posture.acme.io/tier: isolated
release	shift-left offline proof (release gate)	2026-10-04T07:52:35.7325363Z     posture.acme.io/version: 5.0.0
release	shift-left offline proof (release gate)	2026-10-04T07:52:35.7325496Z   name: checkout-svc
release	shift-left offline proof (release gate)	2026-10-04T07:52:35.7325612Z   namespace: default
release	shift-left offline proof (release gate)	2026-10-04T07:52:35.7325719Z spec:
release	shift-left offline proof (release gate)	2026-10-04T07:52:35.7325816Z   containers:
release	shift-left offline proof (release gate)	2026-10-04T07:52:35.7325922Z   - image: nginx
release	shift-left offline proof (release gate)	2026-10-04T07:52:35.7326028Z     name: c
release	shift-left offline proof (release gate)	2026-10-04T07:52:35.7326132Z     resources:
release	shift-left offline proof (release gate)	2026-10-04T07:52:35.7326236Z       limits:
release	shift-left offline proof (release gate)	2026-10-04T07:52:35.7326339Z         cpu: 100m
release	shift-left offline proof (release gate)	2026-10-04T07:52:35.7326448Z         memory: 64Mi
release	shift-left offline proof (release gate)	2026-10-04T07:52:35.7326561Z     securityContext:
release	shift-left offline proof (release gate)	2026-10-04T07:52:35.7326791Z       allowPrivilegeEscalation: false
release	shift-left offline proof (release gate)	2026-10-04T07:52:35.7326949Z       capabilities:
release	shift-left offline proof (release gate)	2026-10-04T07:52:35.7327108Z         drop:
release	shift-left offline proof (release gate)	2026-10-04T07:52:35.7327210Z         - ALL
release	shift-left offline proof (release gate)	2026-10-04T07:52:35.7327319Z       privileged: false
release	shift-left offline proof (release gate)	2026-10-04T07:52:35.7327455Z       readOnlyRootFilesystem: true
release	shift-left offline proof (release gate)	2026-10-04T07:52:35.7327594Z       runAsNonRoot: true
release	shift-left offline proof (release gate)	2026-10-04T07:52:35.7327730Z   - image: ghcr.io/acme/coraza-waf:cage
release	shift-left offline proof (release gate)	2026-10-04T07:52:35.7327873Z     name: waf-sidecar
release	shift-left offline proof (release gate)	2026-10-04T07:52:35.7327985Z     resources:
release	shift-left offline proof (release gate)	2026-10-04T07:52:35.7328089Z       limits:
release	shift-left offline proof (release gate)	2026-10-04T07:52:35.7328190Z         cpu: 250m
release	shift-left offline proof (release gate)	2026-10-04T07:52:35.7328299Z         memory: 256Mi
release	shift-left offline proof (release gate)	2026-10-04T07:52:35.7328413Z     securityContext:
release	shift-left offline proof (release gate)	2026-10-04T07:52:35.7328546Z       allowPrivilegeEscalation: false
release	shift-left offline proof (release gate)	2026-10-04T07:52:35.7328687Z       capabilities:
release	shift-left offline proof (release gate)	2026-10-04T07:52:35.7328804Z         drop:
release	shift-left offline proof (release gate)	2026-10-04T07:52:35.7329053Z         - ALL
release	shift-left offline proof (release gate)	2026-10-04T07:52:35.7329162Z       privileged: false
release	shift-left offline proof (release gate)	2026-10-04T07:52:35.7329294Z       readOnlyRootFilesystem: true
release	shift-left offline proof (release gate)	2026-10-04T07:52:35.7329441Z       runAsNonRoot: true
release	shift-left offline proof (release gate)	2026-10-04T07:52:35.7329559Z   hostIPC: false
release	shift-left offline proof (release gate)	2026-10-04T07:52:35.7329671Z   hostNetwork: false
release	shift-left offline proof (release gate)	2026-10-04T07:52:35.7329783Z   hostPID: false
release	shift-left offline proof (release gate)	2026-10-04T07:52:35.7329899Z   preemptionPolicy: Never
release	shift-left offline proof (release gate)	2026-10-04T07:52:35.7330030Z   priority: -10000
release	shift-left offline proof (release gate)	2026-10-04T07:52:35.7330164Z   priorityClassName: cage-isolated-5-0-0
release	shift-left offline proof (release gate)	2026-10-04T07:52:35.7330310Z   securityContext:
release	shift-left offline proof (release gate)	2026-10-04T07:52:35.7330425Z     runAsNonRoot: true
release	shift-left offline proof (release gate)	2026-10-04T07:52:35.7330496Z 
release	shift-left offline proof (release gate)	2026-10-04T07:52:35.7330540Z ---
release	shift-left offline proof (release gate)	2026-10-04T07:52:35.7330593Z 
release	shift-left offline proof (release gate)	2026-10-04T07:52:35.7330600Z 
release	shift-left offline proof (release gate)	2026-10-04T07:52:35.7330642Z Mutation:
release	shift-left offline proof (release gate)	2026-10-04T07:52:35.7330762Z Mutation has been applied successfully.
release	shift-left offline proof (release gate)	2026-10-04T07:52:35.7330961Z policy stamp-posture-5-0-0 applied to default/Pod/checkout-svc:
release	shift-left offline proof (release gate)	2026-10-04T07:52:35.7331143Z apiVersion: v1
release	shift-left offline proof (release gate)	2026-10-04T07:52:35.7331247Z kind: Pod
release	shift-left offline proof (release gate)	2026-10-04T07:52:35.7331345Z metadata:
release	shift-left offline proof (release gate)	2026-10-04T07:52:35.7331441Z   labels:
release	shift-left offline proof (release gate)	2026-10-04T07:52:35.7331569Z     policy-as-versioned.dev/policy-version: 5.0.0
release	shift-left offline proof (release gate)	2026-10-04T07:52:35.7331740Z     posture.acme.io/caged: "true"
release	shift-left offline proof (release gate)	2026-10-04T07:52:35.7331884Z     posture.acme.io/tier: isolated
release	shift-left offline proof (release gate)	2026-10-04T07:52:35.7332026Z     posture.acme.io/version: 5.0.0
release	shift-left offline proof (release gate)	2026-10-04T07:52:35.7332161Z   name: checkout-svc
release	shift-left offline proof (release gate)	2026-10-04T07:52:35.7332279Z   namespace: default
release	shift-left offline proof (release gate)	2026-10-04T07:52:35.7332386Z spec:
release	shift-left offline proof (release gate)	2026-10-04T07:52:35.7332483Z   containers:
release	shift-left offline proof (release gate)	2026-10-04T07:52:35.7332588Z   - image: nginx
release	shift-left offline proof (release gate)	2026-10-04T07:52:35.7332693Z     name: c
release	shift-left offline proof (release gate)	2026-10-04T07:52:35.7332796Z     resources:
release	shift-left offline proof (release gate)	2026-10-04T07:52:35.7332897Z       limits:
release	shift-left offline proof (release gate)	2026-10-04T07:52:35.7332999Z         cpu: 100m
release	shift-left offline proof (release gate)	2026-10-04T07:52:35.7333107Z         memory: 64Mi
release	shift-left offline proof (release gate)	2026-10-04T07:52:35.7333219Z     securityContext:
release	shift-left offline proof (release gate)	2026-10-04T07:52:35.7333351Z       allowPrivilegeEscalation: false
release	shift-left offline proof (release gate)	2026-10-04T07:52:35.7333491Z       capabilities:
release	shift-left offline proof (release gate)	2026-10-04T07:52:35.7333597Z         drop:
release	shift-left offline proof (release gate)	2026-10-04T07:52:35.7333700Z         - ALL
release	shift-left offline proof (release gate)	2026-10-04T07:52:35.7333809Z       privileged: false
release	shift-left offline proof (release gate)	2026-10-04T07:52:35.7333941Z       readOnlyRootFilesystem: true
release	shift-left offline proof (release gate)	2026-10-04T07:52:35.7334085Z       runAsNonRoot: true
release	shift-left offline proof (release gate)	2026-10-04T07:52:35.7334223Z   - image: ghcr.io/acme/coraza-waf:cage
release	shift-left offline proof (release gate)	2026-10-04T07:52:35.7334366Z     name: waf-sidecar
release	shift-left offline proof (release gate)	2026-10-04T07:52:35.7334479Z     resources:
release	shift-left offline proof (release gate)	2026-10-04T07:52:35.7334722Z       limits:
release	shift-left offline proof (release gate)	2026-10-04T07:52:35.7334826Z         cpu: 250m
release	shift-left offline proof (release gate)	2026-10-04T07:52:35.7334938Z         memory: 256Mi
release	shift-left offline proof (release gate)	2026-10-04T07:52:35.7335055Z     securityContext:
release	shift-left offline proof (release gate)	2026-10-04T07:52:35.7335187Z       allowPrivilegeEscalation: false
release	shift-left offline proof (release gate)	2026-10-04T07:52:35.7335330Z       capabilities:
release	shift-left offline proof (release gate)	2026-10-04T07:52:35.7335440Z         drop:
release	shift-left offline proof (release gate)	2026-10-04T07:52:35.7335543Z         - ALL
release	shift-left offline proof (release gate)	2026-10-04T07:52:35.7335657Z       privileged: false
release	shift-left offline proof (release gate)	2026-10-04T07:52:35.7335794Z       readOnlyRootFilesystem: true
release	shift-left offline proof (release gate)	2026-10-04T07:52:35.7335935Z       runAsNonRoot: true
release	shift-left offline proof (release gate)	2026-10-04T07:52:35.7336056Z   hostIPC: false
release	shift-left offline proof (release gate)	2026-10-04T07:52:35.7336169Z   hostNetwork: false
release	shift-left offline proof (release gate)	2026-10-04T07:52:35.7336284Z   hostPID: false
release	shift-left offline proof (release gate)	2026-10-04T07:52:35.7336402Z   preemptionPolicy: Never
release	shift-left offline proof (release gate)	2026-10-04T07:52:35.7336530Z   priority: -10000
release	shift-left offline proof (release gate)	2026-10-04T07:52:35.7336740Z   priorityClassName: cage-isolated-5-0-0
release	shift-left offline proof (release gate)	2026-10-04T07:52:35.7336888Z   securityContext:
release	shift-left offline proof (release gate)	2026-10-04T07:52:35.7337005Z     runAsNonRoot: true
release	shift-left offline proof (release gate)	2026-10-04T07:52:35.7337078Z 
release	shift-left offline proof (release gate)	2026-10-04T07:52:35.7337119Z ---
release	shift-left offline proof (release gate)	2026-10-04T07:52:35.7337183Z 
release	shift-left offline proof (release gate)	2026-10-04T07:52:35.7337187Z 
release	shift-left offline proof (release gate)	2026-10-04T07:52:35.7337232Z Mutation:
release	shift-left offline proof (release gate)	2026-10-04T07:52:35.7337353Z Mutation has been applied successfully.
release	shift-left offline proof (release gate)	2026-10-04T07:52:35.7337553Z policy cage-netpol-5-0-0 applied to default/Pod/checkout-svc:
release	shift-left offline proof (release gate)	2026-10-04T07:52:35.7337749Z apiVersion: networking.k8s.io/v1
release	shift-left offline proof (release gate)	2026-10-04T07:52:35.7337889Z kind: NetworkPolicy
release	shift-left offline proof (release gate)	2026-10-04T07:52:35.7337999Z metadata:
release	shift-left offline proof (release gate)	2026-10-04T07:52:35.7338095Z   labels:
release	shift-left offline proof (release gate)	2026-10-04T07:52:35.7338217Z     app.kubernetes.io/managed-by: kyverno
release	shift-left offline proof (release gate)	2026-10-04T07:52:35.7338376Z     posture.acme.io/cage: reach
release	shift-left offline proof (release gate)	2026-10-04T07:52:35.7338523Z     posture.acme.io/tier: restricted
release	shift-left offline proof (release gate)	2026-10-04T07:52:35.7338676Z   name: cage-reach-restricted
release	shift-left offline proof (release gate)	2026-10-04T07:52:35.7338812Z   namespace: default
release	shift-left offline proof (release gate)	2026-10-04T07:52:35.7339036Z spec:
release	shift-left offline proof (release gate)	2026-10-04T07:52:35.7339138Z   egress:
release	shift-left offline proof (release gate)	2026-10-04T07:52:35.7339237Z   - ports:
release	shift-left offline proof (release gate)	2026-10-04T07:52:35.7339342Z     - port: 53
release	shift-left offline proof (release gate)	2026-10-04T07:52:35.7339455Z       protocol: UDP
release	shift-left offline proof (release gate)	2026-10-04T07:52:35.7339562Z     to:
release	shift-left offline proof (release gate)	2026-10-04T07:52:35.7339677Z     - namespaceSelector:
release	shift-left offline proof (release gate)	2026-10-04T07:52:35.7339805Z         matchLabels:
release	shift-left offline proof (release gate)	2026-10-04T07:52:35.7339951Z           kubernetes.io/metadata.name: kube-system
release	shift-left offline proof (release gate)	2026-10-04T07:52:35.7340102Z   ingress:
release	shift-left offline proof (release gate)	2026-10-04T07:52:35.7340202Z   - from:
release	shift-left offline proof (release gate)	2026-10-04T07:52:35.7340310Z     - podSelector: {}
release	shift-left offline proof (release gate)	2026-10-04T07:52:35.7340428Z   podSelector:
release	shift-left offline proof (release gate)	2026-10-04T07:52:35.7340536Z     matchLabels:
release	shift-left offline proof (release gate)	2026-10-04T07:52:35.7340660Z       posture.acme.io/caged: "true"
release	shift-left offline proof (release gate)	2026-10-04T07:52:35.7340815Z       posture.acme.io/tier: restricted
release	shift-left offline proof (release gate)	2026-10-04T07:52:35.7340954Z   policyTypes:
release	shift-left offline proof (release gate)	2026-10-04T07:52:35.7341060Z   - Ingress
release	shift-left offline proof (release gate)	2026-10-04T07:52:35.7341161Z   - Egress
release	shift-left offline proof (release gate)	2026-10-04T07:52:35.7341220Z 
release	shift-left offline proof (release gate)	2026-10-04T07:52:35.7341261Z ---
release	shift-left offline proof (release gate)	2026-10-04T07:52:35.7341316Z 
release	shift-left offline proof (release gate)	2026-10-04T07:52:35.7341320Z 
release	shift-left offline proof (release gate)	2026-10-04T07:52:35.7341364Z Generate:
release	shift-left offline proof (release gate)	2026-10-04T07:52:35.7341487Z Generation completed successfully.
release	shift-left offline proof (release gate)	2026-10-04T07:52:35.7341683Z policy cage-netpol-5-0-0 applied to default/Pod/checkout-svc:
release	shift-left offline proof (release gate)	2026-10-04T07:52:35.7341880Z apiVersion: networking.k8s.io/v1
release	shift-left offline proof (release gate)	2026-10-04T07:52:35.7342023Z kind: NetworkPolicy
release	shift-left offline proof (release gate)	2026-10-04T07:52:35.7342132Z metadata:
release	shift-left offline proof (release gate)	2026-10-04T07:52:35.7342232Z   labels:
release	shift-left offline proof (release gate)	2026-10-04T07:52:35.7342352Z     app.kubernetes.io/managed-by: kyverno
release	shift-left offline proof (release gate)	2026-10-04T07:52:35.7342512Z     posture.acme.io/cage: reach
release	shift-left offline proof (release gate)	2026-10-04T07:52:35.7342658Z     posture.acme.io/tier: quarantine
release	shift-left offline proof (release gate)	2026-10-04T07:52:35.7342809Z   name: cage-reach-quarantine
release	shift-left offline proof (release gate)	2026-10-04T07:52:35.7342943Z   namespace: default
release	shift-left offline proof (release gate)	2026-10-04T07:52:35.7343052Z spec:
release	shift-left offline proof (release gate)	2026-10-04T07:52:35.7343150Z   egress:
release	shift-left offline proof (release gate)	2026-10-04T07:52:35.7343247Z   - ports:
release	shift-left offline proof (release gate)	2026-10-04T07:52:35.7343352Z     - port: 53
release	shift-left offline proof (release gate)	2026-10-04T07:52:35.7343462Z       protocol: UDP
release	shift-left offline proof (release gate)	2026-10-04T07:52:35.7343570Z     to:
release	shift-left offline proof (release gate)	2026-10-04T07:52:35.7343679Z     - namespaceSelector:
release	shift-left offline proof (release gate)	2026-10-04T07:52:35.7343802Z         matchLabels:
release	shift-left offline proof (release gate)	2026-10-04T07:52:35.7343948Z           kubernetes.io/metadata.name: kube-system
release	shift-left offline proof (release gate)	2026-10-04T07:52:35.7344098Z   ingress:
release	shift-left offline proof (release gate)	2026-10-04T07:52:35.7344196Z   - from:
release	shift-left offline proof (release gate)	2026-10-04T07:52:35.7344304Z     - podSelector: {}
release	shift-left offline proof (release gate)	2026-10-04T07:52:35.7344423Z   podSelector:
release	shift-left offline proof (release gate)	2026-10-04T07:52:35.7344691Z     matchLabels:
release	shift-left offline proof (release gate)	2026-10-04T07:52:35.7344816Z       posture.acme.io/caged: "true"
release	shift-left offline proof (release gate)	2026-10-04T07:52:35.7344972Z       posture.acme.io/tier: quarantine
release	shift-left offline proof (release gate)	2026-10-04T07:52:35.7345113Z   policyTypes:
release	shift-left offline proof (release gate)	2026-10-04T07:52:35.7345218Z   - Ingress
release	shift-left offline proof (release gate)	2026-10-04T07:52:35.7345320Z   - Egress
release	shift-left offline proof (release gate)	2026-10-04T07:52:35.7345379Z 
release	shift-left offline proof (release gate)	2026-10-04T07:52:35.7345419Z ---
release	shift-left offline proof (release gate)	2026-10-04T07:52:35.7345475Z 
release	shift-left offline proof (release gate)	2026-10-04T07:52:35.7345479Z 
release	shift-left offline proof (release gate)	2026-10-04T07:52:35.7345524Z Generate:
release	shift-left offline proof (release gate)	2026-10-04T07:52:35.7345640Z Generation completed successfully.
release	shift-left offline proof (release gate)	2026-10-04T07:52:35.7345834Z policy cage-netpol-5-0-0 applied to default/Pod/checkout-svc:
release	shift-left offline proof (release gate)	2026-10-04T07:52:35.7346029Z apiVersion: networking.k8s.io/v1
release	shift-left offline proof (release gate)	2026-10-04T07:52:35.7346165Z kind: NetworkPolicy
release	shift-left offline proof (release gate)	2026-10-04T07:52:35.7346275Z metadata:
release	shift-left offline proof (release gate)	2026-10-04T07:52:35.7346446Z   labels:
release	shift-left offline proof (release gate)	2026-10-04T07:52:35.7346566Z     app.kubernetes.io/managed-by: kyverno
release	shift-left offline proof (release gate)	2026-10-04T07:52:35.7346725Z     posture.acme.io/cage: reach
release	shift-left offline proof (release gate)	2026-10-04T07:52:35.7346870Z     posture.acme.io/tier: isolated
release	shift-left offline proof (release gate)	2026-10-04T07:52:35.7347021Z   name: cage-reach-isolated
release	shift-left offline proof (release gate)	2026-10-04T07:52:35.7347152Z   namespace: default
release	shift-left offline proof (release gate)	2026-10-04T07:52:35.7347260Z spec:
release	shift-left offline proof (release gate)	2026-10-04T07:52:35.7347357Z   egress: []
release	shift-left offline proof (release gate)	2026-10-04T07:52:35.7347461Z   ingress: []
release	shift-left offline proof (release gate)	2026-10-04T07:52:35.7347570Z   podSelector:
release	shift-left offline proof (release gate)	2026-10-04T07:52:35.7347676Z     matchLabels:
release	shift-left offline proof (release gate)	2026-10-04T07:52:35.7347798Z       posture.acme.io/caged: "true"
release	shift-left offline proof (release gate)	2026-10-04T07:52:35.7347947Z       posture.acme.io/tier: isolated
release	shift-left offline proof (release gate)	2026-10-04T07:52:35.7348082Z   policyTypes:
release	shift-left offline proof (release gate)	2026-10-04T07:52:35.7348187Z   - Ingress
release	shift-left offline proof (release gate)	2026-10-04T07:52:35.7348287Z   - Egress
release	shift-left offline proof (release gate)	2026-10-04T07:52:35.7348346Z 
release	shift-left offline proof (release gate)	2026-10-04T07:52:35.7348386Z ---
release	shift-left offline proof (release gate)	2026-10-04T07:52:35.7348439Z 
release	shift-left offline proof (release gate)	2026-10-04T07:52:35.7348444Z 
release	shift-left offline proof (release gate)	2026-10-04T07:52:35.7348488Z Generate:
release	shift-left offline proof (release gate)	2026-10-04T07:52:35.7348604Z Generation completed successfully.
release	shift-left offline proof (release gate)	2026-10-04T07:52:35.7348771Z pass: 7, fail: 0, warn: 0, error: 0, skip: 0
release	shift-left offline proof (release gate)	2026-10-04T07:52:35.7349107Z --- kyverno apply @ v6.0.0 ---
release	shift-left offline proof (release gate)	2026-10-04T07:52:35.7349271Z Applying 5 policy rule(s) to 1 resource(s)...
release	shift-left offline proof (release gate)	2026-10-04T07:52:35.7349378Z 
release	shift-left offline proof (release gate)	2026-10-04T07:52:35.7349488Z policy cage-tier-6-0-0 applied to default/Pod/checkout-svc:
release	shift-left offline proof (release gate)	2026-10-04T07:52:35.7349669Z apiVersion: v1
release	shift-left offline proof (release gate)	2026-10-04T07:52:35.7349774Z kind: Pod
release	shift-left offline proof (release gate)	2026-10-04T07:52:35.7349871Z metadata:
release	shift-left offline proof (release gate)	2026-10-04T07:52:35.7349968Z   labels:
release	shift-left offline proof (release gate)	2026-10-04T07:52:35.7350105Z     policy-as-versioned.dev/policy-version: 6.0.0
release	shift-left offline proof (release gate)	2026-10-04T07:52:35.7350279Z     posture.acme.io/caged: "true"
release	shift-left offline proof (release gate)	2026-10-04T07:52:35.7350428Z     posture.acme.io/tier: isolated
release	shift-left offline proof (release gate)	2026-10-04T07:52:35.7350576Z     posture.acme.io/version: 6.0.0
release	shift-left offline proof (release gate)	2026-10-04T07:52:35.7350712Z   name: checkout-svc
release	shift-left offline proof (release gate)	2026-10-04T07:52:35.7350832Z   namespace: default
release	shift-left offline proof (release gate)	2026-10-04T07:52:35.7350939Z spec:
release	shift-left offline proof (release gate)	2026-10-04T07:52:35.7351038Z   containers:
release	shift-left offline proof (release gate)	2026-10-04T07:52:35.7351145Z   - image: nginx
release	shift-left offline proof (release gate)	2026-10-04T07:52:35.7351255Z     name: c
release	shift-left offline proof (release gate)	2026-10-04T07:52:35.7351361Z     resources:
release	shift-left offline proof (release gate)	2026-10-04T07:52:35.7351464Z       limits:
release	shift-left offline proof (release gate)	2026-10-04T07:52:35.7351568Z         cpu: 100m
release	shift-left offline proof (release gate)	2026-10-04T07:52:35.7351679Z         memory: 64Mi
release	shift-left offline proof (release gate)	2026-10-04T07:52:35.7351794Z     securityContext:
release	shift-left offline proof (release gate)	2026-10-04T07:52:35.7351933Z       allowPrivilegeEscalation: false
release	shift-left offline proof (release gate)	2026-10-04T07:52:35.7352077Z       capabilities:
release	shift-left offline proof (release gate)	2026-10-04T07:52:35.7352186Z         drop:
release	shift-left offline proof (release gate)	2026-10-04T07:52:35.7352290Z         - ALL
release	shift-left offline proof (release gate)	2026-10-04T07:52:35.7352402Z       privileged: false
release	shift-left offline proof (release gate)	2026-10-04T07:52:35.7352538Z       readOnlyRootFilesystem: true
release	shift-left offline proof (release gate)	2026-10-04T07:52:35.7352679Z       runAsNonRoot: true
release	shift-left offline proof (release gate)	2026-10-04T07:52:35.7352822Z   - image: ghcr.io/acme/coraza-waf:cage
release	shift-left offline proof (release gate)	2026-10-04T07:52:35.7352971Z     name: waf-sidecar
release	shift-left offline proof (release gate)	2026-10-04T07:52:35.7353087Z     resources:
release	shift-left offline proof (release gate)	2026-10-04T07:52:35.7353192Z       limits:
release	shift-left offline proof (release gate)	2026-10-04T07:52:35.7353299Z         cpu: 250m
release	shift-left offline proof (release gate)	2026-10-04T07:52:35.7353416Z         memory: 256Mi
release	shift-left offline proof (release gate)	2026-10-04T07:52:35.7353539Z     securityContext:
release	shift-left offline proof (release gate)	2026-10-04T07:52:35.7353672Z       allowPrivilegeEscalation: false
release	shift-left offline proof (release gate)	2026-10-04T07:52:35.7353817Z       capabilities:
release	shift-left offline proof (release gate)	2026-10-04T07:52:35.7353928Z         drop:
release	shift-left offline proof (release gate)	2026-10-04T07:52:35.7354032Z         - ALL
release	shift-left offline proof (release gate)	2026-10-04T07:52:35.7354144Z       privileged: false
release	shift-left offline proof (release gate)	2026-10-04T07:52:35.7354281Z       readOnlyRootFilesystem: true
release	shift-left offline proof (release gate)	2026-10-04T07:52:35.7354521Z       runAsNonRoot: true
release	shift-left offline proof (release gate)	2026-10-04T07:52:35.7354642Z   hostIPC: false
release	shift-left offline proof (release gate)	2026-10-04T07:52:35.7354757Z   hostNetwork: false
release	shift-left offline proof (release gate)	2026-10-04T07:52:35.7354873Z   hostPID: false
release	shift-left offline proof (release gate)	2026-10-04T07:52:35.7354995Z   preemptionPolicy: Never
release	shift-left offline proof (release gate)	2026-10-04T07:52:35.7355125Z   priority: -10000
release	shift-left offline proof (release gate)	2026-10-04T07:52:35.7355264Z   priorityClassName: cage-isolated-6-0-0
release	shift-left offline proof (release gate)	2026-10-04T07:52:35.7355414Z   securityContext:
release	shift-left offline proof (release gate)	2026-10-04T07:52:35.7355533Z     runAsNonRoot: true
release	shift-left offline proof (release gate)	2026-10-04T07:52:35.7355607Z 
release	shift-left offline proof (release gate)	2026-10-04T07:52:35.7355648Z ---
release	shift-left offline proof (release gate)	2026-10-04T07:52:35.7355705Z 
release	shift-left offline proof (release gate)	2026-10-04T07:52:35.7355709Z 
release	shift-left offline proof (release gate)	2026-10-04T07:52:35.7355754Z Mutation:
release	shift-left offline proof (release gate)	2026-10-04T07:52:35.7355877Z Mutation has been applied successfully.
release	shift-left offline proof (release gate)	2026-10-04T07:52:35.7356074Z policy cage-tier-6-0-0 applied to default/Pod/checkout-svc:
release	shift-left offline proof (release gate)	2026-10-04T07:52:35.7356325Z apiVersion: v1
release	shift-left offline proof (release gate)	2026-10-04T07:52:35.7356433Z kind: Pod
release	shift-left offline proof (release gate)	2026-10-04T07:52:35.7356533Z metadata:
release	shift-left offline proof (release gate)	2026-10-04T07:52:35.7356631Z   labels:
release	shift-left offline proof (release gate)	2026-10-04T07:52:35.7356769Z     policy-as-versioned.dev/policy-version: 6.0.0
release	shift-left offline proof (release gate)	2026-10-04T07:52:35.7356949Z     posture.acme.io/caged: "true"
release	shift-left offline proof (release gate)	2026-10-04T07:52:35.7357099Z     posture.acme.io/tier: isolated
release	shift-left offline proof (release gate)	2026-10-04T07:52:35.7357247Z     posture.acme.io/version: 6.0.0
release	shift-left offline proof (release gate)	2026-10-04T07:52:35.7357385Z   name: checkout-svc
release	shift-left offline proof (release gate)	2026-10-04T07:52:35.7357505Z   namespace: default
release	shift-left offline proof (release gate)	2026-10-04T07:52:35.7357615Z spec:
release	shift-left offline proof (release gate)	2026-10-04T07:52:35.7357715Z   containers:
release	shift-left offline proof (release gate)	2026-10-04T07:52:35.7357827Z   - image: nginx
release	shift-left offline proof (release gate)	2026-10-04T07:52:35.7357934Z     name: c
release	shift-left offline proof (release gate)	2026-10-04T07:52:35.7358037Z     resources:
release	shift-left offline proof (release gate)	2026-10-04T07:52:35.7358143Z       limits:
release	shift-left offline proof (release gate)	2026-10-04T07:52:35.7358247Z         cpu: 100m
release	shift-left offline proof (release gate)	2026-10-04T07:52:35.7358411Z         memory: 64Mi
release	shift-left offline proof (release gate)	2026-10-04T07:52:35.7358528Z     securityContext:
release	shift-left offline proof (release gate)	2026-10-04T07:52:35.7358662Z       allowPrivilegeEscalation: false
release	shift-left offline proof (release gate)	2026-10-04T07:52:35.7358810Z       capabilities:
release	shift-left offline proof (release gate)	2026-10-04T07:52:35.7359056Z         drop:
release	shift-left offline proof (release gate)	2026-10-04T07:52:35.7359208Z         - ALL
release	shift-left offline proof (release gate)	2026-10-04T07:52:35.7359322Z       privileged: false
release	shift-left offline proof (release gate)	2026-10-04T07:52:35.7359457Z       readOnlyRootFilesystem: true
release	shift-left offline proof (release gate)	2026-10-04T07:52:35.7359608Z       runAsNonRoot: true
release	shift-left offline proof (release gate)	2026-10-04T07:52:35.7359747Z   - image: ghcr.io/acme/coraza-waf:cage
release	shift-left offline proof (release gate)	2026-10-04T07:52:35.7359892Z     name: waf-sidecar
release	shift-left offline proof (release gate)	2026-10-04T07:52:35.7360007Z     resources:
release	shift-left offline proof (release gate)	2026-10-04T07:52:35.7360112Z       limits:
release	shift-left offline proof (release gate)	2026-10-04T07:52:35.7360229Z         cpu: 250m
release	shift-left offline proof (release gate)	2026-10-04T07:52:35.7360342Z         memory: 256Mi
release	shift-left offline proof (release gate)	2026-10-04T07:52:35.7360461Z     securityContext:
release	shift-left offline proof (release gate)	2026-10-04T07:52:35.7360595Z       allowPrivilegeEscalation: false
release	shift-left offline proof (release gate)	2026-10-04T07:52:35.7360740Z       capabilities:
release	shift-left offline proof (release gate)	2026-10-04T07:52:35.7360850Z         drop:
release	shift-left offline proof (release gate)	2026-10-04T07:52:35.7360960Z         - ALL
release	shift-left offline proof (release gate)	2026-10-04T07:52:35.7361072Z       privileged: false
release	shift-left offline proof (release gate)	2026-10-04T07:52:35.7361212Z       readOnlyRootFilesystem: true
release	shift-left offline proof (release gate)	2026-10-04T07:52:35.7361357Z       runAsNonRoot: true
release	shift-left offline proof (release gate)	2026-10-04T07:52:35.7361481Z   hostIPC: false
release	shift-left offline proof (release gate)	2026-10-04T07:52:35.7361595Z   hostNetwork: false
release	shift-left offline proof (release gate)	2026-10-04T07:52:35.7361710Z   hostPID: false
release	shift-left offline proof (release gate)	2026-10-04T07:52:35.7361828Z   preemptionPolicy: Never
release	shift-left offline proof (release gate)	2026-10-04T07:52:35.7361957Z   priority: -10000
release	shift-left offline proof (release gate)	2026-10-04T07:52:35.7362093Z   priorityClassName: cage-isolated-6-0-0
release	shift-left offline proof (release gate)	2026-10-04T07:52:35.7362244Z   securityContext:
release	shift-left offline proof (release gate)	2026-10-04T07:52:35.7362360Z     runAsNonRoot: true
release	shift-left offline proof (release gate)	2026-10-04T07:52:35.7362437Z 
release	shift-left offline proof (release gate)	2026-10-04T07:52:35.7362481Z ---
release	shift-left offline proof (release gate)	2026-10-04T07:52:35.7362534Z 
release	shift-left offline proof (release gate)	2026-10-04T07:52:35.7362539Z 
release	shift-left offline proof (release gate)	2026-10-04T07:52:35.7362585Z Mutation:
release	shift-left offline proof (release gate)	2026-10-04T07:52:35.7362705Z Mutation has been applied successfully.
release	shift-left offline proof (release gate)	2026-10-04T07:52:35.7362906Z policy stamp-posture-6-0-0 applied to default/Pod/checkout-svc:
release	shift-left offline proof (release gate)	2026-10-04T07:52:35.7363093Z apiVersion: v1
release	shift-left offline proof (release gate)	2026-10-04T07:52:35.7363198Z kind: Pod
release	shift-left offline proof (release gate)	2026-10-04T07:52:35.7363299Z metadata:
release	shift-left offline proof (release gate)	2026-10-04T07:52:35.7363396Z   labels:
release	shift-left offline proof (release gate)	2026-10-04T07:52:35.7363527Z     policy-as-versioned.dev/policy-version: 6.0.0
release	shift-left offline proof (release gate)	2026-10-04T07:52:35.7363699Z     posture.acme.io/caged: "true"
release	shift-left offline proof (release gate)	2026-10-04T07:52:35.7363852Z     posture.acme.io/tier: isolated
release	shift-left offline proof (release gate)	2026-10-04T07:52:35.7364000Z     posture.acme.io/version: 6.0.0
release	shift-left offline proof (release gate)	2026-10-04T07:52:35.7364137Z   name: checkout-svc
release	shift-left offline proof (release gate)	2026-10-04T07:52:35.7364255Z   namespace: default
release	shift-left offline proof (release gate)	2026-10-04T07:52:35.7364459Z spec:
release	shift-left offline proof (release gate)	2026-10-04T07:52:35.7364557Z   containers:
release	shift-left offline proof (release gate)	2026-10-04T07:52:35.7364664Z   - image: nginx
release	shift-left offline proof (release gate)	2026-10-04T07:52:35.7364772Z     name: c
release	shift-left offline proof (release gate)	2026-10-04T07:52:35.7364874Z     resources:
release	shift-left offline proof (release gate)	2026-10-04T07:52:35.7364978Z       limits:
release	shift-left offline proof (release gate)	2026-10-04T07:52:35.7365081Z         cpu: 100m
release	shift-left offline proof (release gate)	2026-10-04T07:52:35.7365191Z         memory: 64Mi
release	shift-left offline proof (release gate)	2026-10-04T07:52:35.7365309Z     securityContext:
release	shift-left offline proof (release gate)	2026-10-04T07:52:35.7365438Z       allowPrivilegeEscalation: false
release	shift-left offline proof (release gate)	2026-10-04T07:52:35.7365581Z       capabilities:
release	shift-left offline proof (release gate)	2026-10-04T07:52:35.7365689Z         drop:
release	shift-left offline proof (release gate)	2026-10-04T07:52:35.7365792Z         - ALL
release	shift-left offline proof (release gate)	2026-10-04T07:52:35.7365907Z       privileged: false
release	shift-left offline proof (release gate)	2026-10-04T07:52:35.7366040Z       readOnlyRootFilesystem: true
release	shift-left offline proof (release gate)	2026-10-04T07:52:35.7366181Z       runAsNonRoot: true
release	shift-left offline proof (release gate)	2026-10-04T07:52:35.7366395Z   - image: ghcr.io/acme/coraza-waf:cage
release	shift-left offline proof (release gate)	2026-10-04T07:52:35.7366542Z     name: waf-sidecar
release	shift-left offline proof (release gate)	2026-10-04T07:52:35.7366657Z     resources:
release	shift-left offline proof (release gate)	2026-10-04T07:52:35.7366764Z       limits:
release	shift-left offline proof (release gate)	2026-10-04T07:52:35.7366867Z         cpu: 250m
release	shift-left offline proof (release gate)	2026-10-04T07:52:35.7366985Z         memory: 256Mi
release	shift-left offline proof (release gate)	2026-10-04T07:52:35.7367101Z     securityContext:
release	shift-left offline proof (release gate)	2026-10-04T07:52:35.7367231Z       allowPrivilegeEscalation: false
release	shift-left offline proof (release gate)	2026-10-04T07:52:35.7367373Z       capabilities:
release	shift-left offline proof (release gate)	2026-10-04T07:52:35.7367481Z         drop:
release	shift-left offline proof (release gate)	2026-10-04T07:52:35.7367583Z         - ALL
release	shift-left offline proof (release gate)	2026-10-04T07:52:35.7367692Z       privileged: false
release	shift-left offline proof (release gate)	2026-10-04T07:52:35.7367823Z       readOnlyRootFilesystem: true
release	shift-left offline proof (release gate)	2026-10-04T07:52:35.7367963Z       runAsNonRoot: true
release	shift-left offline proof (release gate)	2026-10-04T07:52:35.7368082Z   hostIPC: false
release	shift-left offline proof (release gate)	2026-10-04T07:52:35.7368197Z   hostNetwork: false
release	shift-left offline proof (release gate)	2026-10-04T07:52:35.7368311Z   hostPID: false
release	shift-left offline proof (release gate)	2026-10-04T07:52:35.7368435Z   preemptionPolicy: Never
release	shift-left offline proof (release gate)	2026-10-04T07:52:35.7368564Z   priority: -10000
release	shift-left offline proof (release gate)	2026-10-04T07:52:35.7368696Z   priorityClassName: cage-isolated-6-0-0
release	shift-left offline proof (release gate)	2026-10-04T07:52:35.7368849Z   securityContext:
release	shift-left offline proof (release gate)	2026-10-04T07:52:35.7369130Z     runAsNonRoot: true
release	shift-left offline proof (release gate)	2026-10-04T07:52:35.7369205Z 
release	shift-left offline proof (release gate)	2026-10-04T07:52:35.7369246Z ---
release	shift-left offline proof (release gate)	2026-10-04T07:52:35.7369302Z 
release	shift-left offline proof (release gate)	2026-10-04T07:52:35.7369307Z 
release	shift-left offline proof (release gate)	2026-10-04T07:52:35.7369355Z Mutation:
release	shift-left offline proof (release gate)	2026-10-04T07:52:35.7369475Z Mutation has been applied successfully.
release	shift-left offline proof (release gate)	2026-10-04T07:52:35.7369678Z policy stamp-posture-6-0-0 applied to default/Pod/checkout-svc:
release	shift-left offline proof (release gate)	2026-10-04T07:52:35.7369866Z apiVersion: v1
release	shift-left offline proof (release gate)	2026-10-04T07:52:35.7369973Z kind: Pod
release	shift-left offline proof (release gate)	2026-10-04T07:52:35.7370071Z metadata:
release	shift-left offline proof (release gate)	2026-10-04T07:52:35.7370168Z   labels:
release	shift-left offline proof (release gate)	2026-10-04T07:52:35.7370298Z     policy-as-versioned.dev/policy-version: 6.0.0
release	shift-left offline proof (release gate)	2026-10-04T07:52:35.7370468Z     posture.acme.io/caged: "true"
release	shift-left offline proof (release gate)	2026-10-04T07:52:35.7370613Z     posture.acme.io/tier: isolated
release	shift-left offline proof (release gate)	2026-10-04T07:52:35.7370757Z     posture.acme.io/version: 6.0.0
release	shift-left offline proof (release gate)	2026-10-04T07:52:35.7370892Z   name: checkout-svc
release	shift-left offline proof (release gate)	2026-10-04T07:52:35.7371010Z   namespace: default
release	shift-left offline proof (release gate)	2026-10-04T07:52:35.7371120Z spec:
release	shift-left offline proof (release gate)	2026-10-04T07:52:35.7371224Z   containers:
release	shift-left offline proof (release gate)	2026-10-04T07:52:35.7371331Z   - image: nginx
release	shift-left offline proof (release gate)	2026-10-04T07:52:35.7371436Z     name: c
release	shift-left offline proof (release gate)	2026-10-04T07:52:35.7371538Z     resources:
release	shift-left offline proof (release gate)	2026-10-04T07:52:35.7371643Z       limits:
release	shift-left offline proof (release gate)	2026-10-04T07:52:35.7371747Z         cpu: 100m
release	shift-left offline proof (release gate)	2026-10-04T07:52:35.7371859Z         memory: 64Mi
release	shift-left offline proof (release gate)	2026-10-04T07:52:35.7371975Z     securityContext:
release	shift-left offline proof (release gate)	2026-10-04T07:52:35.7372105Z       allowPrivilegeEscalation: false
release	shift-left offline proof (release gate)	2026-10-04T07:52:35.7372249Z       capabilities:
release	shift-left offline proof (release gate)	2026-10-04T07:52:35.7372358Z         drop:
release	shift-left offline proof (release gate)	2026-10-04T07:52:35.7372462Z         - ALL
release	shift-left offline proof (release gate)	2026-10-04T07:52:35.7372576Z       privileged: false
release	shift-left offline proof (release gate)	2026-10-04T07:52:35.7372708Z       readOnlyRootFilesystem: true
release	shift-left offline proof (release gate)	2026-10-04T07:52:35.7372848Z       runAsNonRoot: true
release	shift-left offline proof (release gate)	2026-10-04T07:52:35.7372982Z   - image: ghcr.io/acme/coraza-waf:cage
release	shift-left offline proof (release gate)	2026-10-04T07:52:35.7373126Z     name: waf-sidecar
release	shift-left offline proof (release gate)	2026-10-04T07:52:35.7373241Z     resources:
release	shift-left offline proof (release gate)	2026-10-04T07:52:35.7373346Z       limits:
release	shift-left offline proof (release gate)	2026-10-04T07:52:35.7373451Z         cpu: 250m
release	shift-left offline proof (release gate)	2026-10-04T07:52:35.7373563Z         memory: 256Mi
release	shift-left offline proof (release gate)	2026-10-04T07:52:35.7373682Z     securityContext:
release	shift-left offline proof (release gate)	2026-10-04T07:52:35.7373848Z       allowPrivilegeEscalation: false
release	shift-left offline proof (release gate)	2026-10-04T07:52:35.7373993Z       capabilities:
release	shift-left offline proof (release gate)	2026-10-04T07:52:35.7374105Z         drop:
release	shift-left offline proof (release gate)	2026-10-04T07:52:35.7374207Z         - ALL
release	shift-left offline proof (release gate)	2026-10-04T07:52:35.7374415Z       privileged: false
release	shift-left offline proof (release gate)	2026-10-04T07:52:35.7374546Z       readOnlyRootFilesystem: true
release	shift-left offline proof (release gate)	2026-10-04T07:52:35.7374687Z       runAsNonRoot: true
release	shift-left offline proof (release gate)	2026-10-04T07:52:35.7374809Z   hostIPC: false
release	shift-left offline proof (release gate)	2026-10-04T07:52:35.7374923Z   hostNetwork: false
release	shift-left offline proof (release gate)	2026-10-04T07:52:35.7375057Z   hostPID: false
release	shift-left offline proof (release gate)	2026-10-04T07:52:35.7375175Z   preemptionPolicy: Never
release	shift-left offline proof (release gate)	2026-10-04T07:52:35.7375301Z   priority: -10000
release	shift-left offline proof (release gate)	2026-10-04T07:52:35.7375434Z   priorityClassName: cage-isolated-6-0-0
release	shift-left offline proof (release gate)	2026-10-04T07:52:35.7375579Z   securityContext:
release	shift-left offline proof (release gate)	2026-10-04T07:52:35.7375696Z     runAsNonRoot: true
release	shift-left offline proof (release gate)	2026-10-04T07:52:35.7375768Z 
release	shift-left offline proof (release gate)	2026-10-04T07:52:35.7375813Z ---
release	shift-left offline proof (release gate)	2026-10-04T07:52:35.7375867Z 
release	shift-left offline proof (release gate)	2026-10-04T07:52:35.7375871Z 
release	shift-left offline proof (release gate)	2026-10-04T07:52:35.7375918Z Mutation:
release	shift-left offline proof (release gate)	2026-10-04T07:52:35.7376112Z Mutation has been applied successfully.
release	shift-left offline proof (release gate)	2026-10-04T07:52:35.7376307Z policy cage-netpol-6-0-0 applied to default/Pod/checkout-svc:
release	shift-left offline proof (release gate)	2026-10-04T07:52:35.7376501Z apiVersion: networking.k8s.io/v1
release	shift-left offline proof (release gate)	2026-10-04T07:52:35.7376638Z kind: NetworkPolicy
release	shift-left offline proof (release gate)	2026-10-04T07:52:35.7376753Z metadata:
release	shift-left offline proof (release gate)	2026-10-04T07:52:35.7376852Z   labels:
release	shift-left offline proof (release gate)	2026-10-04T07:52:35.7376970Z     app.kubernetes.io/managed-by: kyverno
release	shift-left offline proof (release gate)	2026-10-04T07:52:35.7377130Z     posture.acme.io/cage: reach
release	shift-left offline proof (release gate)	2026-10-04T07:52:35.7377277Z     posture.acme.io/tier: restricted
release	shift-left offline proof (release gate)	2026-10-04T07:52:35.7377426Z   name: cage-reach-restricted
release	shift-left offline proof (release gate)	2026-10-04T07:52:35.7377559Z   namespace: default
release	shift-left offline proof (release gate)	2026-10-04T07:52:35.7377668Z spec:
release	shift-left offline proof (release gate)	2026-10-04T07:52:35.7377764Z   egress:
release	shift-left offline proof (release gate)	2026-10-04T07:52:35.7377862Z   - ports:
release	shift-left offline proof (release gate)	2026-10-04T07:52:35.7377964Z     - port: 53
release	shift-left offline proof (release gate)	2026-10-04T07:52:35.7378073Z       protocol: UDP
release	shift-left offline proof (release gate)	2026-10-04T07:52:35.7378181Z     to:
release	shift-left offline proof (release gate)	2026-10-04T07:52:35.7378290Z     - namespaceSelector:
release	shift-left offline proof (release gate)	2026-10-04T07:52:35.7378415Z         matchLabels:
release	shift-left offline proof (release gate)	2026-10-04T07:52:35.7378555Z           kubernetes.io/metadata.name: kube-system
release	shift-left offline proof (release gate)	2026-10-04T07:52:35.7378711Z   ingress:
release	shift-left offline proof (release gate)	2026-10-04T07:52:35.7378810Z   - from:
release	shift-left offline proof (release gate)	2026-10-04T07:52:35.7379075Z     - podSelector: {}
release	shift-left offline proof (release gate)	2026-10-04T07:52:35.7379194Z   podSelector:
release	shift-left offline proof (release gate)	2026-10-04T07:52:35.7379305Z     matchLabels:
release	shift-left offline proof (release gate)	2026-10-04T07:52:35.7379427Z       posture.acme.io/caged: "true"
release	shift-left offline proof (release gate)	2026-10-04T07:52:35.7379579Z       posture.acme.io/tier: restricted
release	shift-left offline proof (release gate)	2026-10-04T07:52:35.7379718Z   policyTypes:
release	shift-left offline proof (release gate)	2026-10-04T07:52:35.7379824Z   - Ingress
release	shift-left offline proof (release gate)	2026-10-04T07:52:35.7379924Z   - Egress
release	shift-left offline proof (release gate)	2026-10-04T07:52:35.7379983Z 
release	shift-left offline proof (release gate)	2026-10-04T07:52:35.7380026Z ---
release	shift-left offline proof (release gate)	2026-10-04T07:52:35.7380080Z 
release	shift-left offline proof (release gate)	2026-10-04T07:52:35.7380085Z 
release	shift-left offline proof (release gate)	2026-10-04T07:52:35.7380130Z Generate:
release	shift-left offline proof (release gate)	2026-10-04T07:52:35.7380246Z Generation completed successfully.
release	shift-left offline proof (release gate)	2026-10-04T07:52:35.7380434Z policy cage-netpol-6-0-0 applied to default/Pod/checkout-svc:
release	shift-left offline proof (release gate)	2026-10-04T07:52:35.7380626Z apiVersion: networking.k8s.io/v1
release	shift-left offline proof (release gate)	2026-10-04T07:52:35.7380761Z kind: NetworkPolicy
release	shift-left offline proof (release gate)	2026-10-04T07:52:35.7380870Z metadata:
release	shift-left offline proof (release gate)	2026-10-04T07:52:35.7380966Z   labels:
release	shift-left offline proof (release gate)	2026-10-04T07:52:35.7381085Z     app.kubernetes.io/managed-by: kyverno
release	shift-left offline proof (release gate)	2026-10-04T07:52:35.7381241Z     posture.acme.io/cage: reach
release	shift-left offline proof (release gate)	2026-10-04T07:52:35.7381386Z     posture.acme.io/tier: quarantine
release	shift-left offline proof (release gate)	2026-10-04T07:52:35.7381536Z   name: cage-reach-quarantine
release	shift-left offline proof (release gate)	2026-10-04T07:52:35.7381670Z   namespace: default
release	shift-left offline proof (release gate)	2026-10-04T07:52:35.7381780Z spec:
release	shift-left offline proof (release gate)	2026-10-04T07:52:35.7381878Z   egress:
release	shift-left offline proof (release gate)	2026-10-04T07:52:35.7381976Z   - ports:
release	shift-left offline proof (release gate)	2026-10-04T07:52:35.7382078Z     - port: 53
release	shift-left offline proof (release gate)	2026-10-04T07:52:35.7382189Z       protocol: UDP
release	shift-left offline proof (release gate)	2026-10-04T07:52:35.7382297Z     to:
release	shift-left offline proof (release gate)	2026-10-04T07:52:35.7382406Z     - namespaceSelector:
release	shift-left offline proof (release gate)	2026-10-04T07:52:35.7382532Z         matchLabels:
release	shift-left offline proof (release gate)	2026-10-04T07:52:35.7382673Z           kubernetes.io/metadata.name: kube-system
release	shift-left offline proof (release gate)	2026-10-04T07:52:35.7382828Z   ingress:
release	shift-left offline proof (release gate)	2026-10-04T07:52:35.7382926Z   - from:
release	shift-left offline proof (release gate)	2026-10-04T07:52:35.7383029Z     - podSelector: {}
release	shift-left offline proof (release gate)	2026-10-04T07:52:35.7383166Z   podSelector:
release	shift-left offline proof (release gate)	2026-10-04T07:52:35.7383276Z     matchLabels:
release	shift-left offline proof (release gate)	2026-10-04T07:52:35.7383397Z       posture.acme.io/caged: "true"
release	shift-left offline proof (release gate)	2026-10-04T07:52:35.7383552Z       posture.acme.io/tier: quarantine
release	shift-left offline proof (release gate)	2026-10-04T07:52:35.7383691Z   policyTypes:
release	shift-left offline proof (release gate)	2026-10-04T07:52:35.7383797Z   - Ingress
release	shift-left offline proof (release gate)	2026-10-04T07:52:35.7383897Z   - Egress
release	shift-left offline proof (release gate)	2026-10-04T07:52:35.7383956Z 
release	shift-left offline proof (release gate)	2026-10-04T07:52:35.7384093Z ---
release	shift-left offline proof (release gate)	2026-10-04T07:52:35.7384149Z 
release	shift-left offline proof (release gate)	2026-10-04T07:52:35.7384153Z 
release	shift-left offline proof (release gate)	2026-10-04T07:52:35.7384199Z Generate:
release	shift-left offline proof (release gate)	2026-10-04T07:52:35.7384311Z Generation completed successfully.
release	shift-left offline proof (release gate)	2026-10-04T07:52:35.7384500Z policy cage-netpol-6-0-0 applied to default/Pod/checkout-svc:
release	shift-left offline proof (release gate)	2026-10-04T07:52:35.7384690Z apiVersion: networking.k8s.io/v1
release	shift-left offline proof (release gate)	2026-10-04T07:52:35.7384827Z kind: NetworkPolicy
release	shift-left offline proof (release gate)	2026-10-04T07:52:35.7384935Z metadata:
release	shift-left offline proof (release gate)	2026-10-04T07:52:35.7385032Z   labels:
release	shift-left offline proof (release gate)	2026-10-04T07:52:35.7385149Z     app.kubernetes.io/managed-by: kyverno
release	shift-left offline proof (release gate)	2026-10-04T07:52:35.7385302Z     posture.acme.io/cage: reach
release	shift-left offline proof (release gate)	2026-10-04T07:52:35.7385445Z     posture.acme.io/tier: isolated
release	shift-left offline proof (release gate)	2026-10-04T07:52:35.7385587Z   name: cage-reach-isolated
release	shift-left offline proof (release gate)	2026-10-04T07:52:35.7385718Z   namespace: default
release	shift-left offline proof (release gate)	2026-10-04T07:52:35.7385826Z spec:
release	shift-left offline proof (release gate)	2026-10-04T07:52:35.7385999Z   egress: []
release	shift-left offline proof (release gate)	2026-10-04T07:52:35.7386102Z   ingress: []
release	shift-left offline proof (release gate)	2026-10-04T07:52:35.7386208Z   podSelector:
release	shift-left offline proof (release gate)	2026-10-04T07:52:35.7386316Z     matchLabels:
release	shift-left offline proof (release gate)	2026-10-04T07:52:35.7386437Z       posture.acme.io/caged: "true"
release	shift-left offline proof (release gate)	2026-10-04T07:52:35.7386590Z       posture.acme.io/tier: isolated
release	shift-left offline proof (release gate)	2026-10-04T07:52:35.7386727Z   policyTypes:
release	shift-left offline proof (release gate)	2026-10-04T07:52:35.7386832Z   - Ingress
release	shift-left offline proof (release gate)	2026-10-04T07:52:35.7386955Z   - Egress
release	shift-left offline proof (release gate)	2026-10-04T07:52:35.7387014Z 
release	shift-left offline proof (release gate)	2026-10-04T07:52:35.7387054Z ---
release	shift-left offline proof (release gate)	2026-10-04T07:52:35.7387109Z 
release	shift-left offline proof (release gate)	2026-10-04T07:52:35.7387113Z 
release	shift-left offline proof (release gate)	2026-10-04T07:52:35.7401509Z Generate:
release	shift-left offline proof (release gate)	2026-10-04T07:52:35.7401802Z Generation completed successfully.
release	shift-left offline proof (release gate)	2026-10-04T07:52:35.7402073Z pass: 7, fail: 0, warn: 0, error: 0, skip: 0
release	shift-left offline proof (release gate)	2026-10-04T07:52:35.7402232Z 
release	shift-left offline proof (release gate)	2026-10-04T07:52:35.7402600Z shift-left: fixtures/workload-compliant.yaml is compliant on kyverno 1.18.2 across the line(s) of its window that support it ['5.0.0', '6.0.0']
release	shift-left offline proof (release gate)	2026-10-04T07:52:35.7403057Z 
release	shift-left offline proof (release gate)	2026-10-04T07:52:35.7403211Z == an unversioned workload is out of scope, passes trivially ==
release	shift-left offline proof (release gate)	2026-10-04T07:52:35.7796314Z fixtures/workload-unversioned.yaml: unversioned (no policy-as-versioned.dev/policy-version label) -- out of scope, pass
release	shift-left offline proof (release gate)	2026-10-04T07:52:35.7844062Z 
release	shift-left offline proof (release gate)	2026-10-04T07:52:35.7844247Z == a version the array doesn't declare is refused, not silently skipped ==
release	shift-left offline proof (release gate)	2026-10-04T07:52:35.8309189Z 
release	shift-left offline proof (release gate)	2026-10-04T07:52:35.8309880Z == an Audit->Deny flip is caught pre-merge (must fail CI) ==
release	shift-left offline proof (release gate)	2026-10-04T07:52:36.5341403Z NOTHING-TO-FLIP: the historical flip fixture was observed compliant across distribution/versions.yaml (5.0.0 6.0.0 7.0.0). The cage changes need not narrow that fixture's validation verdict. The flip proof runs against shift-left/fixtures/flip-window.yaml, which is not served.
release	shift-left offline proof (release gate)	2026-10-04T07:52:36.5397931Z window read from: shift-left/fixtures/flip-window.yaml
release	shift-left offline proof (release gate)	2026-10-04T07:52:37.1751662Z fixtures/workload-flip.yaml: targets 5.0.0, checking supported window ['4.0.0', '5.0.0']
release	shift-left offline proof (release gate)	2026-10-04T07:52:37.1752354Z declared engine: kyverno 1.18.2 (read from fixtures/engine/kyverno.yaml, --engine-declaration fixtures/engine/kyverno.yaml)
release	shift-left offline proof (release gate)	2026-10-04T07:52:37.1752816Z --- kyverno apply @ v4.0.0 ---
release	shift-left offline proof (release gate)	2026-10-04T07:52:37.1753040Z Applying 5 policy rule(s) to 1 resource(s)...
release	shift-left offline proof (release gate)	2026-10-04T07:52:37.1753216Z 
release	shift-left offline proof (release gate)	2026-10-04T07:52:37.1753355Z policy cage-tier-4-0-0 applied to default/Pod/checkout-svc:
release	shift-left offline proof (release gate)	2026-10-04T07:52:37.1753615Z apiVersion: v1
release	shift-left offline proof (release gate)	2026-10-04T07:52:37.1753776Z kind: Pod
release	shift-left offline proof (release gate)	2026-10-04T07:52:37.1753922Z metadata:
release	shift-left offline proof (release gate)	2026-10-04T07:52:37.1754064Z   labels:
release	shift-left offline proof (release gate)	2026-10-04T07:52:37.1754250Z     policy-as-versioned.dev/policy-version: 4.0.0
release	shift-left offline proof (release gate)	2026-10-04T07:52:37.1754505Z     posture.acme.io/caged: "true"
release	shift-left offline proof (release gate)	2026-10-04T07:52:37.1754719Z     posture.acme.io/tier: baseline
release	shift-left offline proof (release gate)	2026-10-04T07:52:37.1754933Z     posture.acme.io/version: 4.0.0
release	shift-left offline proof (release gate)	2026-10-04T07:52:37.1755142Z   name: checkout-svc
release	shift-left offline proof (release gate)	2026-10-04T07:52:37.1755320Z   namespace: default
release	shift-left offline proof (release gate)	2026-10-04T07:52:37.1755489Z spec:
release	shift-left offline proof (release gate)	2026-10-04T07:52:37.1755639Z   containers:
release	shift-left offline proof (release gate)	2026-10-04T07:52:37.1755797Z   - image: nginx
release	shift-left offline proof (release gate)	2026-10-04T07:52:37.1755956Z     name: c
release	shift-left offline proof (release gate)	2026-10-04T07:52:37.1756108Z     resources:
release	shift-left offline proof (release gate)	2026-10-04T07:52:37.1756253Z       limits:
release	shift-left offline proof (release gate)	2026-10-04T07:52:37.1756401Z         cpu: 500m
release	shift-left offline proof (release gate)	2026-10-04T07:52:37.1756568Z         memory: 256Mi
release	shift-left offline proof (release gate)	2026-10-04T07:52:37.1756741Z     securityContext:
release	shift-left offline proof (release gate)	2026-10-04T07:52:37.1757224Z       allowPrivilegeEscalation: false
release	shift-left offline proof (release gate)	2026-10-04T07:52:37.1757445Z       privileged: false
release	shift-left offline proof (release gate)	2026-10-04T07:52:37.1757633Z       readOnlyRootFilesystem: false
release	shift-left offline proof (release gate)	2026-10-04T07:52:37.1757839Z       runAsNonRoot: false
release	shift-left offline proof (release gate)	2026-10-04T07:52:37.1758022Z   hostIPC: false
release	shift-left offline proof (release gate)	2026-10-04T07:52:37.1758190Z   hostNetwork: false
release	shift-left offline proof (release gate)	2026-10-04T07:52:37.1758364Z   hostPID: false
release	shift-left offline proof (release gate)	2026-10-04T07:52:37.1758544Z   preemptionPolicy: Never
release	shift-left offline proof (release gate)	2026-10-04T07:52:37.1758726Z   priority: -10
release	shift-left offline proof (release gate)	2026-10-04T07:52:37.1759115Z   priorityClassName: cage-baseline-4-0-0
release	shift-left offline proof (release gate)	2026-10-04T07:52:37.1759344Z   securityContext:
release	shift-left offline proof (release gate)	2026-10-04T07:52:37.1759516Z     runAsNonRoot: true
release	shift-left offline proof (release gate)	2026-10-04T07:52:37.1759624Z 
release	shift-left offline proof (release gate)	2026-10-04T07:52:37.1759684Z ---
release	shift-left offline proof (release gate)	2026-10-04T07:52:37.1759766Z 
release	shift-left offline proof (release gate)	2026-10-04T07:52:37.1759770Z 
release	shift-left offline proof (release gate)	2026-10-04T07:52:37.1760001Z Mutation:
release	shift-left offline proof (release gate)	2026-10-04T07:52:37.1760162Z Mutation has been applied successfully.
release	shift-left offline proof (release gate)	2026-10-04T07:52:37.1760447Z policy cage-tier-4-0-0 applied to default/Pod/checkout-svc:
release	shift-left offline proof (release gate)	2026-10-04T07:52:37.1760722Z apiVersion: v1
release	shift-left offline proof (release gate)	2026-10-04T07:52:37.1760892Z kind: Pod
release	shift-left offline proof (release gate)	2026-10-04T07:52:37.1761034Z metadata:
release	shift-left offline proof (release gate)	2026-10-04T07:52:37.1761167Z   labels:
release	shift-left offline proof (release gate)	2026-10-04T07:52:37.1761350Z     policy-as-versioned.dev/policy-version: 4.0.0
release	shift-left offline proof (release gate)	2026-10-04T07:52:37.1761604Z     posture.acme.io/caged: "true"
release	shift-left offline proof (release gate)	2026-10-04T07:52:37.1761803Z     posture.acme.io/tier: baseline
release	shift-left offline proof (release gate)	2026-10-04T07:52:37.1762012Z     posture.acme.io/version: 4.0.0
release	shift-left offline proof (release gate)	2026-10-04T07:52:37.1762208Z   name: checkout-svc
release	shift-left offline proof (release gate)	2026-10-04T07:52:37.1762380Z   namespace: default
release	shift-left offline proof (release gate)	2026-10-04T07:52:37.1762548Z spec:
release	shift-left offline proof (release gate)	2026-10-04T07:52:37.1762697Z   containers:
release	shift-left offline proof (release gate)	2026-10-04T07:52:37.1762864Z   - image: nginx
release	shift-left offline proof (release gate)	2026-10-04T07:52:37.1763027Z     name: c
release	shift-left offline proof (release gate)	2026-10-04T07:52:37.1763180Z     resources:
release	shift-left offline proof (release gate)	2026-10-04T07:52:37.1763336Z       limits:
release	shift-left offline proof (release gate)	2026-10-04T07:52:37.1763490Z         cpu: 500m
release	shift-left offline proof (release gate)	2026-10-04T07:52:37.1763663Z         memory: 256Mi
release	shift-left offline proof (release gate)	2026-10-04T07:52:37.1763840Z     securityContext:
release	shift-left offline proof (release gate)	2026-10-04T07:52:37.1764035Z       allowPrivilegeEscalation: false
release	shift-left offline proof (release gate)	2026-10-04T07:52:37.1764262Z       privileged: false
release	shift-left offline proof (release gate)	2026-10-04T07:52:37.1764466Z       readOnlyRootFilesystem: false
release	shift-left offline proof (release gate)	2026-10-04T07:52:37.1764684Z       runAsNonRoot: false
release	shift-left offline proof (release gate)	2026-10-04T07:52:37.1764869Z   hostIPC: false
release	shift-left offline proof (release gate)	2026-10-04T07:52:37.1765041Z   hostNetwork: false
release	shift-left offline proof (release gate)	2026-10-04T07:52:37.1765212Z   hostPID: false
release	shift-left offline proof (release gate)	2026-10-04T07:52:37.1765386Z   preemptionPolicy: Never
release	shift-left offline proof (release gate)	2026-10-04T07:52:37.1765576Z   priority: -10
release	shift-left offline proof (release gate)	2026-10-04T07:52:37.1765764Z   priorityClassName: cage-baseline-4-0-0
release	shift-left offline proof (release gate)	2026-10-04T07:52:37.1765992Z   securityContext:
release	shift-left offline proof (release gate)	2026-10-04T07:52:37.1766167Z     runAsNonRoot: true
release	shift-left offline proof (release gate)	2026-10-04T07:52:37.1766283Z 
release	shift-left offline proof (release gate)	2026-10-04T07:52:37.1766347Z ---
release	shift-left offline proof (release gate)	2026-10-04T07:52:37.1766433Z 
release	shift-left offline proof (release gate)	2026-10-04T07:52:37.1766437Z 
release	shift-left offline proof (release gate)	2026-10-04T07:52:37.1766500Z Mutation:
release	shift-left offline proof (release gate)	2026-10-04T07:52:37.1766672Z Mutation has been applied successfully.
release	shift-left offline proof (release gate)	2026-10-04T07:52:37.1766962Z policy stamp-posture-4-0-0 applied to default/Pod/checkout-svc:
release	shift-left offline proof (release gate)	2026-10-04T07:52:37.1767250Z apiVersion: v1
release	shift-left offline proof (release gate)	2026-10-04T07:52:37.1767405Z kind: Pod
release	shift-left offline proof (release gate)	2026-10-04T07:52:37.1767541Z metadata:
release	shift-left offline proof (release gate)	2026-10-04T07:52:37.1767633Z   labels:
release	shift-left offline proof (release gate)	2026-10-04T07:52:37.1767756Z     policy-as-versioned.dev/policy-version: 4.0.0
release	shift-left offline proof (release gate)	2026-10-04T07:52:37.1767925Z     posture.acme.io/caged: "true"
release	shift-left offline proof (release gate)	2026-10-04T07:52:37.1768067Z     posture.acme.io/tier: baseline
release	shift-left offline proof (release gate)	2026-10-04T07:52:37.1768201Z     posture.acme.io/version: 4.0.0
release	shift-left offline proof (release gate)	2026-10-04T07:52:37.1768330Z   name: checkout-svc
release	shift-left offline proof (release gate)	2026-10-04T07:52:37.1768444Z   namespace: default
release	shift-left offline proof (release gate)	2026-10-04T07:52:37.1768552Z spec:
release	shift-left offline proof (release gate)	2026-10-04T07:52:37.1768651Z   containers:
release	shift-left offline proof (release gate)	2026-10-04T07:52:37.1768754Z   - image: nginx
release	shift-left offline proof (release gate)	2026-10-04T07:52:37.1769075Z     name: c
release	shift-left offline proof (release gate)	2026-10-04T07:52:37.1769173Z     resources:
release	shift-left offline proof (release gate)	2026-10-04T07:52:37.1769273Z       limits:
release	shift-left offline proof (release gate)	2026-10-04T07:52:37.1769372Z         cpu: 500m
release	shift-left offline proof (release gate)	2026-10-04T07:52:37.1769475Z         memory: 256Mi
release	shift-left offline proof (release gate)	2026-10-04T07:52:37.1769586Z     securityContext:
release	shift-left offline proof (release gate)	2026-10-04T07:52:37.1769710Z       allowPrivilegeEscalation: false
release	shift-left offline proof (release gate)	2026-10-04T07:52:37.1769852Z       privileged: false
release	shift-left offline proof (release gate)	2026-10-04T07:52:37.1769977Z       readOnlyRootFilesystem: false
release	shift-left offline proof (release gate)	2026-10-04T07:52:37.1770113Z       runAsNonRoot: false
release	shift-left offline proof (release gate)	2026-10-04T07:52:37.1770231Z   hostIPC: false
release	shift-left offline proof (release gate)	2026-10-04T07:52:37.1770481Z   hostNetwork: false
release	shift-left offline proof (release gate)	2026-10-04T07:52:37.1770590Z   hostPID: false
release	shift-left offline proof (release gate)	2026-10-04T07:52:37.1770698Z   preemptionPolicy: Never
release	shift-left offline proof (release gate)	2026-10-04T07:52:37.1770817Z   priority: -10
release	shift-left offline proof (release gate)	2026-10-04T07:52:37.1770938Z   priorityClassName: cage-baseline-4-0-0
release	shift-left offline proof (release gate)	2026-10-04T07:52:37.1771080Z   securityContext:
release	shift-left offline proof (release gate)	2026-10-04T07:52:37.1771189Z     runAsNonRoot: true
release	shift-left offline proof (release gate)	2026-10-04T07:52:37.1771261Z 
release	shift-left offline proof (release gate)	2026-10-04T07:52:37.1771299Z ---
release	shift-left offline proof (release gate)	2026-10-04T07:52:37.1771354Z 
release	shift-left offline proof (release gate)	2026-10-04T07:52:37.1771356Z 
release	shift-left offline proof (release gate)	2026-10-04T07:52:37.1771395Z Mutation:
release	shift-left offline proof (release gate)	2026-10-04T07:52:37.1771504Z Mutation has been applied successfully.
release	shift-left offline proof (release gate)	2026-10-04T07:52:37.1771693Z policy stamp-posture-4-0-0 applied to default/Pod/checkout-svc:
release	shift-left offline proof (release gate)	2026-10-04T07:52:37.1771871Z apiVersion: v1
release	shift-left offline proof (release gate)	2026-10-04T07:52:37.1771971Z kind: Pod
release	shift-left offline proof (release gate)	2026-10-04T07:52:37.1772142Z metadata:
release	shift-left offline proof (release gate)	2026-10-04T07:52:37.1772233Z   labels:
release	shift-left offline proof (release gate)	2026-10-04T07:52:37.1772353Z     policy-as-versioned.dev/policy-version: 4.0.0
release	shift-left offline proof (release gate)	2026-10-04T07:52:37.1772516Z     posture.acme.io/caged: "true"
release	shift-left offline proof (release gate)	2026-10-04T07:52:37.1772652Z     posture.acme.io/tier: baseline
release	shift-left offline proof (release gate)	2026-10-04T07:52:37.1772790Z     posture.acme.io/version: 4.0.0
release	shift-left offline proof (release gate)	2026-10-04T07:52:37.1772919Z   name: checkout-svc
release	shift-left offline proof (release gate)	2026-10-04T07:52:37.1773031Z   namespace: default
release	shift-left offline proof (release gate)	2026-10-04T07:52:37.1773229Z spec:
release	shift-left offline proof (release gate)	2026-10-04T07:52:37.1773323Z   containers:
release	shift-left offline proof (release gate)	2026-10-04T07:52:37.1773427Z   - image: nginx
release	shift-left offline proof (release gate)	2026-10-04T07:52:37.1773529Z     name: c
release	shift-left offline proof (release gate)	2026-10-04T07:52:37.1773627Z     resources:
release	shift-left offline proof (release gate)	2026-10-04T07:52:37.1773723Z       limits:
release	shift-left offline proof (release gate)	2026-10-04T07:52:37.1773821Z         cpu: 500m
release	shift-left offline proof (release gate)	2026-10-04T07:52:37.1773924Z         memory: 256Mi
release	shift-left offline proof (release gate)	2026-10-04T07:52:37.1774034Z     securityContext:
release	shift-left offline proof (release gate)	2026-10-04T07:52:37.1774155Z       allowPrivilegeEscalation: false
release	shift-left offline proof (release gate)	2026-10-04T07:52:37.1774296Z       privileged: false
release	shift-left offline proof (release gate)	2026-10-04T07:52:37.1774439Z       readOnlyRootFilesystem: false
release	shift-left offline proof (release gate)	2026-10-04T07:52:37.1774584Z       runAsNonRoot: false
release	shift-left offline proof (release gate)	2026-10-04T07:52:37.1774699Z   hostIPC: false
release	shift-left offline proof (release gate)	2026-10-04T07:52:37.1774804Z   hostNetwork: false
release	shift-left offline proof (release gate)	2026-10-04T07:52:37.1774914Z   hostPID: false
release	shift-left offline proof (release gate)	2026-10-04T07:52:37.1775028Z   preemptionPolicy: Never
release	shift-left offline proof (release gate)	2026-10-04T07:52:37.1775151Z   priority: -10
release	shift-left offline proof (release gate)	2026-10-04T07:52:37.1775271Z   priorityClassName: cage-baseline-4-0-0
release	shift-left offline proof (release gate)	2026-10-04T07:52:37.1775411Z   securityContext:
release	shift-left offline proof (release gate)	2026-10-04T07:52:37.1775520Z     runAsNonRoot: true
release	shift-left offline proof (release gate)	2026-10-04T07:52:37.1775590Z 
release	shift-left offline proof (release gate)	2026-10-04T07:52:37.1775630Z ---
release	shift-left offline proof (release gate)	2026-10-04T07:52:37.1775683Z 
release	shift-left offline proof (release gate)	2026-10-04T07:52:37.1775686Z 
release	shift-left offline proof (release gate)	2026-10-04T07:52:37.1775727Z Mutation:
release	shift-left offline proof (release gate)	2026-10-04T07:52:37.1775955Z Mutation has been applied successfully.policy require-nonroot-4-0-0 -> resource default/Pod/checkout-svc failed:
release	shift-left offline proof (release gate)	2026-10-04T07:52:37.1776303Z 1 -  pods on policy-version 4.0.0 must set readOnlyRootFilesystem=true on every container
release	shift-left offline proof (release gate)	2026-10-04T07:52:37.1776478Z 
release	shift-left offline proof (release gate)	2026-10-04T07:52:37.1776541Z pass: 6, fail: 1, warn: 0, error: 0, skip: 0
release	shift-left offline proof (release gate)	2026-10-04T07:52:37.1776757Z FAIL @ v4.0.0 (Audit->Deny flip: passes today's Audit, would be denied on promotion)
release	shift-left offline proof (release gate)	2026-10-04T07:52:37.1776976Z --- kyverno apply @ v5.0.0 ---
release	shift-left offline proof (release gate)	2026-10-04T07:52:37.1777124Z Applying 5 policy rule(s) to 1 resource(s)...
release	shift-left offline proof (release gate)	2026-10-04T07:52:37.1777235Z 
release	shift-left offline proof (release gate)	2026-10-04T07:52:37.1777321Z policy cage-tier-5-0-0 applied to default/Pod/checkout-svc:
release	shift-left offline proof (release gate)	2026-10-04T07:52:37.1777492Z apiVersion: v1
release	shift-left offline proof (release gate)	2026-10-04T07:52:37.1777596Z kind: Pod
release	shift-left offline proof (release gate)	2026-10-04T07:52:37.1777691Z metadata:
release	shift-left offline proof (release gate)	2026-10-04T07:52:37.1777783Z   labels:
release	shift-left offline proof (release gate)	2026-10-04T07:52:37.1777902Z     policy-as-versioned.dev/policy-version: 5.0.0
release	shift-left offline proof (release gate)	2026-10-04T07:52:37.1778064Z     posture.acme.io/caged: "true"
release	shift-left offline proof (release gate)	2026-10-04T07:52:37.1778200Z     posture.acme.io/tier: isolated
release	shift-left offline proof (release gate)	2026-10-04T07:52:37.1778336Z     posture.acme.io/version: 5.0.0
release	shift-left offline proof (release gate)	2026-10-04T07:52:37.1778466Z   name: checkout-svc
release	shift-left offline proof (release gate)	2026-10-04T07:52:37.1778578Z   namespace: default
release	shift-left offline proof (release gate)	2026-10-04T07:52:37.1778683Z spec:
release	shift-left offline proof (release gate)	2026-10-04T07:52:37.1778777Z   containers:
release	shift-left offline proof (release gate)	2026-10-04T07:52:37.1780790Z   - image: nginx
release	shift-left offline proof (release gate)	2026-10-04T07:52:37.1780924Z     name: c
release	shift-left offline proof (release gate)	2026-10-04T07:52:37.1781030Z     resources:
release	shift-left offline proof (release gate)	2026-10-04T07:52:37.1781129Z       limits:
release	shift-left offline proof (release gate)	2026-10-04T07:52:37.1781227Z         cpu: 100m
release	shift-left offline proof (release gate)	2026-10-04T07:52:37.1781332Z         memory: 64Mi
release	shift-left offline proof (release gate)	2026-10-04T07:52:37.1781440Z     securityContext:
release	shift-left offline proof (release gate)	2026-10-04T07:52:37.1781670Z       allowPrivilegeEscalation: false
release	shift-left offline proof (release gate)	2026-10-04T07:52:37.1781810Z       capabilities:
release	shift-left offline proof (release gate)	2026-10-04T07:52:37.1781915Z         drop:
release	shift-left offline proof (release gate)	2026-10-04T07:52:37.1782015Z         - ALL
release	shift-left offline proof (release gate)	2026-10-04T07:52:37.1782120Z       privileged: false
release	shift-left offline proof (release gate)	2026-10-04T07:52:37.1782246Z       readOnlyRootFilesystem: true
release	shift-left offline proof (release gate)	2026-10-04T07:52:37.1782381Z       runAsNonRoot: true
release	shift-left offline proof (release gate)	2026-10-04T07:52:37.1782510Z   - image: ghcr.io/acme/coraza-waf:cage
release	shift-left offline proof (release gate)	2026-10-04T07:52:37.1782653Z     name: waf-sidecar
release	shift-left offline proof (release gate)	2026-10-04T07:52:37.1782765Z     resources:
release	shift-left offline proof (release gate)	2026-10-04T07:52:37.1782864Z       limits:
release	shift-left offline proof (release gate)	2026-10-04T07:52:37.1782961Z         cpu: 250m
release	shift-left offline proof (release gate)	2026-10-04T07:52:37.1783064Z         memory: 256Mi
release	shift-left offline proof (release gate)	2026-10-04T07:52:37.1783174Z     securityContext:
release	shift-left offline proof (release gate)	2026-10-04T07:52:37.1783295Z       allowPrivilegeEscalation: false
release	shift-left offline proof (release gate)	2026-10-04T07:52:37.1783511Z       capabilities:
release	shift-left offline proof (release gate)	2026-10-04T07:52:37.1783613Z         drop:
release	shift-left offline proof (release gate)	2026-10-04T07:52:37.1783711Z         - ALL
release	shift-left offline proof (release gate)	2026-10-04T07:52:37.1783814Z       privileged: false
release	shift-left offline proof (release gate)	2026-10-04T07:52:37.1783938Z       readOnlyRootFilesystem: true
release	shift-left offline proof (release gate)	2026-10-04T07:52:37.1784079Z       runAsNonRoot: true
release	shift-left offline proof (release gate)	2026-10-04T07:52:37.1784197Z   hostIPC: false
release	shift-left offline proof (release gate)	2026-10-04T07:52:37.1784301Z   hostNetwork: false
release	shift-left offline proof (release gate)	2026-10-04T07:52:37.1784410Z   hostPID: false
release	shift-left offline proof (release gate)	2026-10-04T07:52:37.1784520Z   preemptionPolicy: Never
release	shift-left offline proof (release gate)	2026-10-04T07:52:37.1784640Z   priority: -10000
release	shift-left offline proof (release gate)	2026-10-04T07:52:37.1784761Z   priorityClassName: cage-isolated-5-0-0
release	shift-left offline proof (release gate)	2026-10-04T07:52:37.1784901Z   securityContext:
release	shift-left offline proof (release gate)	2026-10-04T07:52:37.1785008Z     runAsNonRoot: true
release	shift-left offline proof (release gate)	2026-10-04T07:52:37.1785079Z 
release	shift-left offline proof (release gate)	2026-10-04T07:52:37.1785119Z ---
release	shift-left offline proof (release gate)	2026-10-04T07:52:37.1785174Z 
release	shift-left offline proof (release gate)	2026-10-04T07:52:37.1785177Z 
release	shift-left offline proof (release gate)	2026-10-04T07:52:37.1785216Z Mutation:
release	shift-left offline proof (release gate)	2026-10-04T07:52:37.1785325Z Mutation has been applied successfully.
release	shift-left offline proof (release gate)	2026-10-04T07:52:37.1785507Z policy cage-tier-5-0-0 applied to default/Pod/checkout-svc:
release	shift-left offline proof (release gate)	2026-10-04T07:52:37.1785681Z apiVersion: v1
release	shift-left offline proof (release gate)	2026-10-04T07:52:37.1785782Z kind: Pod
release	shift-left offline proof (release gate)	2026-10-04T07:52:37.1785875Z metadata:
release	shift-left offline proof (release gate)	2026-10-04T07:52:37.1785967Z   labels:
release	shift-left offline proof (release gate)	2026-10-04T07:52:37.1786085Z     policy-as-versioned.dev/policy-version: 5.0.0
release	shift-left offline proof (release gate)	2026-10-04T07:52:37.1786250Z     posture.acme.io/caged: "true"
release	shift-left offline proof (release gate)	2026-10-04T07:52:37.1786385Z     posture.acme.io/tier: isolated
release	shift-left offline proof (release gate)	2026-10-04T07:52:37.1786519Z     posture.acme.io/version: 5.0.0
release	shift-left offline proof (release gate)	2026-10-04T07:52:37.1786647Z   name: checkout-svc
release	shift-left offline proof (release gate)	2026-10-04T07:52:37.1786758Z   namespace: default
release	shift-left offline proof (release gate)	2026-10-04T07:52:37.1786864Z spec:
release	shift-left offline proof (release gate)	2026-10-04T07:52:37.1786957Z   containers:
release	shift-left offline proof (release gate)	2026-10-04T07:52:37.1787060Z   - image: nginx
release	shift-left offline proof (release gate)	2026-10-04T07:52:37.1787162Z     name: c
release	shift-left offline proof (release gate)	2026-10-04T07:52:37.1787261Z     resources:
release	shift-left offline proof (release gate)	2026-10-04T07:52:37.1787359Z       limits:
release	shift-left offline proof (release gate)	2026-10-04T07:52:37.1787456Z         cpu: 100m
release	shift-left offline proof (release gate)	2026-10-04T07:52:37.1787560Z         memory: 64Mi
release	shift-left offline proof (release gate)	2026-10-04T07:52:37.1787667Z     securityContext:
release	shift-left offline proof (release gate)	2026-10-04T07:52:37.1787788Z       allowPrivilegeEscalation: false
release	shift-left offline proof (release gate)	2026-10-04T07:52:37.1787931Z       capabilities:
release	shift-left offline proof (release gate)	2026-10-04T07:52:37.1788035Z         drop:
release	shift-left offline proof (release gate)	2026-10-04T07:52:37.1788136Z         - ALL
release	shift-left offline proof (release gate)	2026-10-04T07:52:37.1788240Z       privileged: false
release	shift-left offline proof (release gate)	2026-10-04T07:52:37.1788364Z       readOnlyRootFilesystem: true
release	shift-left offline proof (release gate)	2026-10-04T07:52:37.1788503Z       runAsNonRoot: true
release	shift-left offline proof (release gate)	2026-10-04T07:52:37.1788628Z   - image: ghcr.io/acme/coraza-waf:cage
release	shift-left offline proof (release gate)	2026-10-04T07:52:37.1788768Z     name: waf-sidecar
release	shift-left offline proof (release gate)	2026-10-04T07:52:37.1789019Z     resources:
release	shift-left offline proof (release gate)	2026-10-04T07:52:37.1789173Z       limits:
release	shift-left offline proof (release gate)	2026-10-04T07:52:37.1789320Z         cpu: 250m
release	shift-left offline proof (release gate)	2026-10-04T07:52:37.1789428Z         memory: 256Mi
release	shift-left offline proof (release gate)	2026-10-04T07:52:37.1789537Z     securityContext:
release	shift-left offline proof (release gate)	2026-10-04T07:52:37.1789657Z       allowPrivilegeEscalation: false
release	shift-left offline proof (release gate)	2026-10-04T07:52:37.1789794Z       capabilities:
release	shift-left offline proof (release gate)	2026-10-04T07:52:37.1789897Z         drop:
release	shift-left offline proof (release gate)	2026-10-04T07:52:37.1789994Z         - ALL
release	shift-left offline proof (release gate)	2026-10-04T07:52:37.1790097Z       privileged: false
release	shift-left offline proof (release gate)	2026-10-04T07:52:37.1790217Z       readOnlyRootFilesystem: true
release	shift-left offline proof (release gate)	2026-10-04T07:52:37.1790349Z       runAsNonRoot: true
release	shift-left offline proof (release gate)	2026-10-04T07:52:37.1790466Z   hostIPC: false
release	shift-left offline proof (release gate)	2026-10-04T07:52:37.1790572Z   hostNetwork: false
release	shift-left offline proof (release gate)	2026-10-04T07:52:37.1790679Z   hostPID: false
release	shift-left offline proof (release gate)	2026-10-04T07:52:37.1790788Z   preemptionPolicy: Never
release	shift-left offline proof (release gate)	2026-10-04T07:52:37.1791036Z   priority: -10000
release	shift-left offline proof (release gate)	2026-10-04T07:52:37.1791158Z   priorityClassName: cage-isolated-5-0-0
release	shift-left offline proof (release gate)	2026-10-04T07:52:37.1791299Z   securityContext:
release	shift-left offline proof (release gate)	2026-10-04T07:52:37.1791407Z     runAsNonRoot: true
release	shift-left offline proof (release gate)	2026-10-04T07:52:37.1791476Z 
release	shift-left offline proof (release gate)	2026-10-04T07:52:37.1791516Z ---
release	shift-left offline proof (release gate)	2026-10-04T07:52:37.1791570Z 
release	shift-left offline proof (release gate)	2026-10-04T07:52:37.1791572Z 
release	shift-left offline proof (release gate)	2026-10-04T07:52:37.1791615Z Mutation:
release	shift-left offline proof (release gate)	2026-10-04T07:52:37.1791726Z Mutation has been applied successfully.
release	shift-left offline proof (release gate)	2026-10-04T07:52:37.1791912Z policy stamp-posture-5-0-0 applied to default/Pod/checkout-svc:
release	shift-left offline proof (release gate)	2026-10-04T07:52:37.1792092Z apiVersion: v1
release	shift-left offline proof (release gate)	2026-10-04T07:52:37.1792194Z kind: Pod
release	shift-left offline proof (release gate)	2026-10-04T07:52:37.1792289Z metadata:
release	shift-left offline proof (release gate)	2026-10-04T07:52:37.1792381Z   labels:
release	shift-left offline proof (release gate)	2026-10-04T07:52:37.1792502Z     policy-as-versioned.dev/policy-version: 5.0.0
release	shift-left offline proof (release gate)	2026-10-04T07:52:37.1792665Z     posture.acme.io/caged: "true"
release	shift-left offline proof (release gate)	2026-10-04T07:52:37.1792915Z     posture.acme.io/tier: isolated
release	shift-left offline proof (release gate)	2026-10-04T07:52:37.1793052Z     posture.acme.io/version: 5.0.0
release	shift-left offline proof (release gate)	2026-10-04T07:52:37.1793179Z   name: checkout-svc
release	shift-left offline proof (release gate)	2026-10-04T07:52:37.1793290Z   namespace: default
release	shift-left offline proof (release gate)	2026-10-04T07:52:37.1793401Z spec:
release	shift-left offline proof (release gate)	2026-10-04T07:52:37.1793495Z   containers:
release	shift-left offline proof (release gate)	2026-10-04T07:52:37.1793597Z   - image: nginx
release	shift-left offline proof (release gate)	2026-10-04T07:52:37.1793699Z     name: c
release	shift-left offline proof (release gate)	2026-10-04T07:52:37.1793797Z     resources:
release	shift-left offline proof (release gate)	2026-10-04T07:52:37.1793897Z       limits:
release	shift-left offline proof (release gate)	2026-10-04T07:52:37.1794000Z         cpu: 100m
release	shift-left offline proof (release gate)	2026-10-04T07:52:37.1794102Z         memory: 64Mi
release	shift-left offline proof (release gate)	2026-10-04T07:52:37.1794211Z     securityContext:
release	shift-left offline proof (release gate)	2026-10-04T07:52:37.1794333Z       allowPrivilegeEscalation: false
release	shift-left offline proof (release gate)	2026-10-04T07:52:37.1794469Z       capabilities:
release	shift-left offline proof (release gate)	2026-10-04T07:52:37.1794571Z         drop:
release	shift-left offline proof (release gate)	2026-10-04T07:52:37.1794669Z         - ALL
release	shift-left offline proof (release gate)	2026-10-04T07:52:37.1794771Z       privileged: false
release	shift-left offline proof (release gate)	2026-10-04T07:52:37.1794894Z       readOnlyRootFilesystem: true
release	shift-left offline proof (release gate)	2026-10-04T07:52:37.1795028Z       runAsNonRoot: true
release	shift-left offline proof (release gate)	2026-10-04T07:52:37.1795161Z   - image: ghcr.io/acme/coraza-waf:cage
release	shift-left offline proof (release gate)	2026-10-04T07:52:37.1795300Z     name: waf-sidecar
release	shift-left offline proof (release gate)	2026-10-04T07:52:37.1795408Z     resources:
release	shift-left offline proof (release gate)	2026-10-04T07:52:37.1795506Z       limits:
release	shift-left offline proof (release gate)	2026-10-04T07:52:37.1795627Z         cpu: 250m
release	shift-left offline proof (release gate)	2026-10-04T07:52:37.1795734Z         memory: 256Mi
release	shift-left offline proof (release gate)	2026-10-04T07:52:37.1795884Z     securityContext:
release	shift-left offline proof (release gate)	2026-10-04T07:52:37.1796033Z       allowPrivilegeEscalation: false
release	shift-left offline proof (release gate)	2026-10-04T07:52:37.1796219Z       capabilities:
release	shift-left offline proof (release gate)	2026-10-04T07:52:37.1796356Z         drop:
release	shift-left offline proof (release gate)	2026-10-04T07:52:37.1796453Z         - ALL
release	shift-left offline proof (release gate)	2026-10-04T07:52:37.1796555Z       privileged: false
release	shift-left offline proof (release gate)	2026-10-04T07:52:37.1796678Z       readOnlyRootFilesystem: true
release	shift-left offline proof (release gate)	2026-10-04T07:52:37.1796814Z       runAsNonRoot: true
release	shift-left offline proof (release gate)	2026-10-04T07:52:37.1796927Z   hostIPC: false
release	shift-left offline proof (release gate)	2026-10-04T07:52:37.1797031Z   hostNetwork: false
release	shift-left offline proof (release gate)	2026-10-04T07:52:37.1797143Z   hostPID: false
release	shift-left offline proof (release gate)	2026-10-04T07:52:37.1797254Z   preemptionPolicy: Never
release	shift-left offline proof (release gate)	2026-10-04T07:52:37.1797373Z   priority: -10000
release	shift-left offline proof (release gate)	2026-10-04T07:52:37.1797495Z   priorityClassName: cage-isolated-5-0-0
release	shift-left offline proof (release gate)	2026-10-04T07:52:37.1797639Z   securityContext:
release	shift-left offline proof (release gate)	2026-10-04T07:52:37.1797746Z     runAsNonRoot: true
release	shift-left offline proof (release gate)	2026-10-04T07:52:37.1797817Z 
release	shift-left offline proof (release gate)	2026-10-04T07:52:37.1797856Z ---
release	shift-left offline proof (release gate)	2026-10-04T07:52:37.1797911Z 
release	shift-left offline proof (release gate)	2026-10-04T07:52:37.1797917Z 
release	shift-left offline proof (release gate)	2026-10-04T07:52:37.1797959Z Mutation:
release	shift-left offline proof (release gate)	2026-10-04T07:52:37.1798069Z Mutation has been applied successfully.
release	shift-left offline proof (release gate)	2026-10-04T07:52:37.1798254Z policy stamp-posture-5-0-0 applied to default/Pod/checkout-svc:
release	shift-left offline proof (release gate)	2026-10-04T07:52:37.1798432Z apiVersion: v1
release	shift-left offline proof (release gate)	2026-10-04T07:52:37.1798533Z kind: Pod
release	shift-left offline proof (release gate)	2026-10-04T07:52:37.1798626Z metadata:
release	shift-left offline proof (release gate)	2026-10-04T07:52:37.1798720Z   labels:
release	shift-left offline proof (release gate)	2026-10-04T07:52:37.1798838Z     policy-as-versioned.dev/policy-version: 5.0.0
release	shift-left offline proof (release gate)	2026-10-04T07:52:37.1799135Z     posture.acme.io/caged: "true"
release	shift-left offline proof (release gate)	2026-10-04T07:52:37.1799272Z     posture.acme.io/tier: isolated
release	shift-left offline proof (release gate)	2026-10-04T07:52:37.1799405Z     posture.acme.io/version: 5.0.0
release	shift-left offline proof (release gate)	2026-10-04T07:52:37.1799533Z   name: checkout-svc
release	shift-left offline proof (release gate)	2026-10-04T07:52:37.1799646Z   namespace: default
release	shift-left offline proof (release gate)	2026-10-04T07:52:37.1799752Z spec:
release	shift-left offline proof (release gate)	2026-10-04T07:52:37.1799849Z   containers:
release	shift-left offline proof (release gate)	2026-10-04T07:52:37.1799950Z   - image: nginx
release	shift-left offline proof (release gate)	2026-10-04T07:52:37.1800051Z     name: c
release	shift-left offline proof (release gate)	2026-10-04T07:52:37.1800148Z     resources:
release	shift-left offline proof (release gate)	2026-10-04T07:52:37.1800244Z       limits:
release	shift-left offline proof (release gate)	2026-10-04T07:52:37.1800341Z         cpu: 100m
release	shift-left offline proof (release gate)	2026-10-04T07:52:37.1800538Z         memory: 64Mi
release	shift-left offline proof (release gate)	2026-10-04T07:52:37.1800644Z     securityContext:
release	shift-left offline proof (release gate)	2026-10-04T07:52:37.1800764Z       allowPrivilegeEscalation: false
release	shift-left offline proof (release gate)	2026-10-04T07:52:37.1800900Z       capabilities:
release	shift-left offline proof (release gate)	2026-10-04T07:52:37.1801005Z         drop:
release	shift-left offline proof (release gate)	2026-10-04T07:52:37.1801104Z         - ALL
release	shift-left offline proof (release gate)	2026-10-04T07:52:37.1801206Z       privileged: false
release	shift-left offline proof (release gate)	2026-10-04T07:52:37.1801327Z       readOnlyRootFilesystem: true
release	shift-left offline proof (release gate)	2026-10-04T07:52:37.1801461Z       runAsNonRoot: true
release	shift-left offline proof (release gate)	2026-10-04T07:52:37.1801585Z   - image: ghcr.io/acme/coraza-waf:cage
release	shift-left offline proof (release gate)	2026-10-04T07:52:37.1801720Z     name: waf-sidecar
release	shift-left offline proof (release gate)	2026-10-04T07:52:37.1801828Z     resources:
release	shift-left offline proof (release gate)	2026-10-04T07:52:37.1801926Z       limits:
release	shift-left offline proof (release gate)	2026-10-04T07:52:37.1802023Z         cpu: 250m
release	shift-left offline proof (release gate)	2026-10-04T07:52:37.1802126Z         memory: 256Mi
release	shift-left offline proof (release gate)	2026-10-04T07:52:37.1802314Z     securityContext:
release	shift-left offline proof (release gate)	2026-10-04T07:52:37.1802436Z       allowPrivilegeEscalation: false
release	shift-left offline proof (release gate)	2026-10-04T07:52:37.1802571Z       capabilities:
release	shift-left offline proof (release gate)	2026-10-04T07:52:37.1802677Z         drop:
release	shift-left offline proof (release gate)	2026-10-04T07:52:37.1802778Z         - ALL
release	shift-left offline proof (release gate)	2026-10-04T07:52:37.1802880Z       privileged: false
release	shift-left offline proof (release gate)	2026-10-04T07:52:37.1803003Z       readOnlyRootFilesystem: true
release	shift-left offline proof (release gate)	2026-10-04T07:52:37.1803134Z       runAsNonRoot: true
release	shift-left offline proof (release gate)	2026-10-04T07:52:37.1803248Z   hostIPC: false
release	shift-left offline proof (release gate)	2026-10-04T07:52:37.1803353Z   hostNetwork: false
release	shift-left offline proof (release gate)	2026-10-04T07:52:37.1803460Z   hostPID: false
release	shift-left offline proof (release gate)	2026-10-04T07:52:37.1803569Z   preemptionPolicy: Never
release	shift-left offline proof (release gate)	2026-10-04T07:52:37.1803689Z   priority: -10000
release	shift-left offline proof (release gate)	2026-10-04T07:52:37.1803810Z   priorityClassName: cage-isolated-5-0-0
release	shift-left offline proof (release gate)	2026-10-04T07:52:37.1803952Z   securityContext:
release	shift-left offline proof (release gate)	2026-10-04T07:52:37.1804060Z     runAsNonRoot: true
release	shift-left offline proof (release gate)	2026-10-04T07:52:37.1804129Z 
release	shift-left offline proof (release gate)	2026-10-04T07:52:37.1804169Z ---
release	shift-left offline proof (release gate)	2026-10-04T07:52:37.1804220Z 
release	shift-left offline proof (release gate)	2026-10-04T07:52:37.1804225Z 
release	shift-left offline proof (release gate)	2026-10-04T07:52:37.1804264Z Mutation:
release	shift-left offline proof (release gate)	2026-10-04T07:52:37.1804379Z Mutation has been applied successfully.
release	shift-left offline proof (release gate)	2026-10-04T07:52:37.1804558Z policy cage-netpol-5-0-0 applied to default/Pod/checkout-svc:
release	shift-left offline proof (release gate)	2026-10-04T07:52:37.1804770Z apiVersion: networking.k8s.io/v1
release	shift-left offline proof (release gate)	2026-10-04T07:52:37.1804902Z kind: NetworkPolicy
release	shift-left offline proof (release gate)	2026-10-04T07:52:37.1805014Z metadata:
release	shift-left offline proof (release gate)	2026-10-04T07:52:37.1805111Z   labels:
release	shift-left offline proof (release gate)	2026-10-04T07:52:37.1805217Z     app.kubernetes.io/managed-by: kyverno
release	shift-left offline proof (release gate)	2026-10-04T07:52:37.1805366Z     posture.acme.io/cage: reach
release	shift-left offline proof (release gate)	2026-10-04T07:52:37.1805501Z     posture.acme.io/tier: restricted
release	shift-left offline proof (release gate)	2026-10-04T07:52:37.1805644Z   name: cage-reach-restricted
release	shift-left offline proof (release gate)	2026-10-04T07:52:37.1805771Z   namespace: default
release	shift-left offline proof (release gate)	2026-10-04T07:52:37.1805875Z spec:
release	shift-left offline proof (release gate)	2026-10-04T07:52:37.1805967Z   egress:
release	shift-left offline proof (release gate)	2026-10-04T07:52:37.1806060Z   - ports:
release	shift-left offline proof (release gate)	2026-10-04T07:52:37.1806177Z     - port: 53
release	shift-left offline proof (release gate)	2026-10-04T07:52:37.1806284Z       protocol: UDP
release	shift-left offline proof (release gate)	2026-10-04T07:52:37.1806421Z     to:
release	shift-left offline proof (release gate)	2026-10-04T07:52:37.1806556Z     - namespaceSelector:
release	shift-left offline proof (release gate)	2026-10-04T07:52:37.1806711Z         matchLabels:
release	shift-left offline proof (release gate)	2026-10-04T07:52:37.1806878Z           kubernetes.io/metadata.name: kube-system
release	shift-left offline proof (release gate)	2026-10-04T07:52:37.1807030Z   ingress:
release	shift-left offline proof (release gate)	2026-10-04T07:52:37.1807126Z   - from:
release	shift-left offline proof (release gate)	2026-10-04T07:52:37.1807225Z     - podSelector: {}
release	shift-left offline proof (release gate)	2026-10-04T07:52:37.1807337Z   podSelector:
release	shift-left offline proof (release gate)	2026-10-04T07:52:37.1807443Z     matchLabels:
release	shift-left offline proof (release gate)	2026-10-04T07:52:37.1807559Z       posture.acme.io/caged: "true"
release	shift-left offline proof (release gate)	2026-10-04T07:52:37.1807701Z       posture.acme.io/tier: restricted
release	shift-left offline proof (release gate)	2026-10-04T07:52:37.1807834Z   policyTypes:
release	shift-left offline proof (release gate)	2026-10-04T07:52:37.1807938Z   - Ingress
release	shift-left offline proof (release gate)	2026-10-04T07:52:37.1808035Z   - Egress
release	shift-left offline proof (release gate)	2026-10-04T07:52:37.1808090Z 
release	shift-left offline proof (release gate)	2026-10-04T07:52:37.1808130Z ---
release	shift-left offline proof (release gate)	2026-10-04T07:52:37.1808181Z 
release	shift-left offline proof (release gate)	2026-10-04T07:52:37.1808183Z 
release	shift-left offline proof (release gate)	2026-10-04T07:52:37.1808225Z Generate:
release	shift-left offline proof (release gate)	2026-10-04T07:52:37.1808332Z Generation completed successfully.
release	shift-left offline proof (release gate)	2026-10-04T07:52:37.1808505Z policy cage-netpol-5-0-0 applied to default/Pod/checkout-svc:
release	shift-left offline proof (release gate)	2026-10-04T07:52:37.1808690Z apiVersion: networking.k8s.io/v1
release	shift-left offline proof (release gate)	2026-10-04T07:52:37.1808819Z kind: NetworkPolicy
release	shift-left offline proof (release gate)	2026-10-04T07:52:37.1809046Z metadata:
release	shift-left offline proof (release gate)	2026-10-04T07:52:37.1809139Z   labels:
release	shift-left offline proof (release gate)	2026-10-04T07:52:37.1809247Z     app.kubernetes.io/managed-by: kyverno
release	shift-left offline proof (release gate)	2026-10-04T07:52:37.1809399Z     posture.acme.io/cage: reach
release	shift-left offline proof (release gate)	2026-10-04T07:52:37.1809533Z     posture.acme.io/tier: quarantine
release	shift-left offline proof (release gate)	2026-10-04T07:52:37.1809673Z   name: cage-reach-quarantine
release	shift-left offline proof (release gate)	2026-10-04T07:52:37.1809901Z   namespace: default
release	shift-left offline proof (release gate)	2026-10-04T07:52:37.1810006Z spec:
release	shift-left offline proof (release gate)	2026-10-04T07:52:37.1810098Z   egress:
release	shift-left offline proof (release gate)	2026-10-04T07:52:37.1810191Z   - ports:
release	shift-left offline proof (release gate)	2026-10-04T07:52:37.1810290Z     - port: 53
release	shift-left offline proof (release gate)	2026-10-04T07:52:37.1810392Z       protocol: UDP
release	shift-left offline proof (release gate)	2026-10-04T07:52:37.1810496Z     to:
release	shift-left offline proof (release gate)	2026-10-04T07:52:37.1810597Z     - namespaceSelector:
release	shift-left offline proof (release gate)	2026-10-04T07:52:37.1810717Z         matchLabels:
release	shift-left offline proof (release gate)	2026-10-04T07:52:37.1810844Z           kubernetes.io/metadata.name: kube-system
release	shift-left offline proof (release gate)	2026-10-04T07:52:37.1810989Z   ingress:
release	shift-left offline proof (release gate)	2026-10-04T07:52:37.1811084Z   - from:
release	shift-left offline proof (release gate)	2026-10-04T07:52:37.1811182Z     - podSelector: {}
release	shift-left offline proof (release gate)	2026-10-04T07:52:37.1811291Z   podSelector:
release	shift-left offline proof (release gate)	2026-10-04T07:52:37.1811391Z     matchLabels:
release	shift-left offline proof (release gate)	2026-10-04T07:52:37.1811503Z       posture.acme.io/caged: "true"
release	shift-left offline proof (release gate)	2026-10-04T07:52:37.1811721Z       posture.acme.io/tier: quarantine
release	shift-left offline proof (release gate)	2026-10-04T07:52:37.1811854Z   policyTypes:
release	shift-left offline proof (release gate)	2026-10-04T07:52:37.1811954Z   - Ingress
release	shift-left offline proof (release gate)	2026-10-04T07:52:37.1812050Z   - Egress
release	shift-left offline proof (release gate)	2026-10-04T07:52:37.1812106Z 
release	shift-left offline proof (release gate)	2026-10-04T07:52:37.1812152Z ---
release	shift-left offline proof (release gate)	2026-10-04T07:52:37.1812203Z 
release	shift-left offline proof (release gate)	2026-10-04T07:52:37.1812206Z 
release	shift-left offline proof (release gate)	2026-10-04T07:52:37.1812250Z Generate:
release	shift-left offline proof (release gate)	2026-10-04T07:52:37.1812354Z Generation completed successfully.
release	shift-left offline proof (release gate)	2026-10-04T07:52:37.1812527Z policy cage-netpol-5-0-0 applied to default/Pod/checkout-svc:
release	shift-left offline proof (release gate)	2026-10-04T07:52:37.1812710Z apiVersion: networking.k8s.io/v1
release	shift-left offline proof (release gate)	2026-10-04T07:52:37.1812840Z kind: NetworkPolicy
release	shift-left offline proof (release gate)	2026-10-04T07:52:37.1812944Z metadata:
release	shift-left offline proof (release gate)	2026-10-04T07:52:37.1813035Z   labels:
release	shift-left offline proof (release gate)	2026-10-04T07:52:37.1813141Z     app.kubernetes.io/managed-by: kyverno
release	shift-left offline proof (release gate)	2026-10-04T07:52:37.1813286Z     posture.acme.io/cage: reach
release	shift-left offline proof (release gate)	2026-10-04T07:52:37.1813425Z     posture.acme.io/tier: isolated
release	shift-left offline proof (release gate)	2026-10-04T07:52:37.1813560Z   name: cage-reach-isolated
release	shift-left offline proof (release gate)	2026-10-04T07:52:37.1813682Z   namespace: default
release	shift-left offline proof (release gate)	2026-10-04T07:52:37.1813793Z spec:
release	shift-left offline proof (release gate)	2026-10-04T07:52:37.1813886Z   egress: []
release	shift-left offline proof (release gate)	2026-10-04T07:52:37.1813986Z   ingress: []
release	shift-left offline proof (release gate)	2026-10-04T07:52:37.1814086Z   podSelector:
release	shift-left offline proof (release gate)	2026-10-04T07:52:37.1814187Z     matchLabels:
release	shift-left offline proof (release gate)	2026-10-04T07:52:37.1814298Z       posture.acme.io/caged: "true"
release	shift-left offline proof (release gate)	2026-10-04T07:52:37.1814440Z       posture.acme.io/tier: isolated
release	shift-left offline proof (release gate)	2026-10-04T07:52:37.1814570Z   policyTypes:
release	shift-left offline proof (release gate)	2026-10-04T07:52:37.1814669Z   - Ingress
release	shift-left offline proof (release gate)	2026-10-04T07:52:37.1814767Z   - Egress
release	shift-left offline proof (release gate)	2026-10-04T07:52:37.1814822Z 
release	shift-left offline proof (release gate)	2026-10-04T07:52:37.1814862Z ---
release	shift-left offline proof (release gate)	2026-10-04T07:52:37.1814913Z 
release	shift-left offline proof (release gate)	2026-10-04T07:52:37.1814915Z 
release	shift-left offline proof (release gate)	2026-10-04T07:52:37.1814957Z Generate:
release	shift-left offline proof (release gate)	2026-10-04T07:52:37.1815062Z Generation completed successfully.
release	shift-left offline proof (release gate)	2026-10-04T07:52:37.1815207Z pass: 7, fail: 0, warn: 0, error: 0, skip: 0
release	shift-left offline proof (release gate)	2026-10-04T07:52:37.1815309Z 
release	shift-left offline proof (release gate)	2026-10-04T07:52:37.1815500Z shift-left: fixtures/workload-flip.yaml would be denied somewhere in its supported window ['4.0.0', '5.0.0'] on kyverno 1.18.2
release	shift-left offline proof (release gate)	2026-10-04T07:52:37.1816242Z (non-zero above is expected -- the flip was caught at a neighbour of 5.0.0)
release	shift-left offline proof (release gate)	2026-10-04T07:52:37.2106991Z 
release	shift-left offline proof (release gate)	2026-10-04T07:52:37.2107411Z == no declared engine: every line is an unsupported pairing, and the check could not look ==
release	shift-left offline proof (release gate)	2026-10-04T07:52:37.2568117Z fixtures/workload-compliant.yaml: targets 5.0.0, checking supported window ['5.0.0', '6.0.0']
release	shift-left offline proof (release gate)	2026-10-04T07:52:37.2568979Z UNSUPPORTED PAIRING @ v5.0.0: no engine is declared (--engine-declaration /tmp/tmp.6daNw5gVjQ/absent.yaml carries no gitops/engine/kyverno.yaml); not run, so neither a compile error nor a pass
release	shift-left offline proof (release gate)	2026-10-04T07:52:37.2569648Z UNSUPPORTED PAIRING @ v6.0.0: no engine is declared (--engine-declaration /tmp/tmp.6daNw5gVjQ/absent.yaml carries no gitops/engine/kyverno.yaml); not run, so neither a compile error nor a pass
release	shift-left offline proof (release gate)	2026-10-04T07:52:37.2569988Z 
release	shift-left offline proof (release gate)	2026-10-04T07:52:37.2570255Z shift-left: COULD NOT LOOK -- fixtures/workload-compliant.yaml belongs to no declared engine, so no line in its window ['5.0.0', '6.0.0'] was run (hub ADR-0033 point 7)
release	shift-left offline proof (release gate)	2026-10-04T07:52:37.2589162Z ok  no declaration (exit 3)
release	shift-left offline proof (release gate)	2026-10-04T07:52:37.2589324Z 
release	shift-left offline proof (release gate)	2026-10-04T07:52:37.2589443Z == a declaration that does not read refuses by name ==
release	shift-left offline proof (release gate)	2026-10-04T07:52:37.3065733Z fixtures/workload-compliant.yaml: targets 5.0.0, checking supported window ['5.0.0', '6.0.0']
release	shift-left offline proof (release gate)	2026-10-04T07:52:37.3067319Z COULD NOT LOOK: gitops/engine/kyverno.yaml must carry exactly the keys ['cli', 'engine', 'install', 'schema', 'version'], not ['engine', 'schema', 'version'] (--engine-declaration /tmp/tmp.6daNw5gVjQ/bad.yaml); no line runs on an engine nobody can read
release	shift-left offline proof (release gate)	2026-10-04T07:52:37.3089207Z ok  a malformed declaration (exit 3)
release	shift-left offline proof (release gate)	2026-10-04T07:52:37.3089409Z 
release	shift-left offline proof (release gate)	2026-10-04T07:52:37.3089675Z == the served target does not support the declared engine (1.19.1): named, not run, could not look ==
release	shift-left offline proof (release gate)	2026-10-04T07:52:37.3665665Z fixtures/workload-compliant.yaml: targets 5.0.0, checking supported window ['5.0.0', '6.0.0']
release	shift-left offline proof (release gate)	2026-10-04T07:52:37.3666460Z declared engine: kyverno 1.19.1 (read from /tmp/tmp.6daNw5gVjQ/decl-1.19.1.yaml, --engine-declaration /tmp/tmp.6daNw5gVjQ/decl-1.19.1.yaml)
release	shift-left offline proof (release gate)	2026-10-04T07:52:37.3667789Z UNSUPPORTED PAIRING @ v5.0.0: kyverno 1.19.1 is not a supported engine of v5.0.0 (tested_engines ['1.18.2']); not run, so neither a compile error nor a pass
release	shift-left offline proof (release gate)	2026-10-04T07:52:37.3668553Z UNSUPPORTED PAIRING @ v6.0.0: kyverno 1.19.1 is not a supported engine of v6.0.0 (tested_engines ['1.18.2']); not run, so neither a compile error nor a pass
release	shift-left offline proof (release gate)	2026-10-04T07:52:37.3669154Z 
release	shift-left offline proof (release gate)	2026-10-04T07:52:37.3669715Z shift-left: COULD NOT LOOK -- fixtures/workload-compliant.yaml targets v5.0.0, which does not support the declared kyverno 1.19.1, so its own line was not run; unsupported pairing(s), not run and not passed: v5.0.0, v6.0.0
release	shift-left offline proof (release gate)	2026-10-04T07:52:37.3690120Z ok  an engine the target does not support (exit 3)
release	shift-left offline proof (release gate)	2026-10-04T07:52:37.3690359Z 
release	shift-left offline proof (release gate)	2026-10-04T07:52:37.3692442Z == a neighbour whose tested_engines supports no engine is named and not run; the target still runs ==
release	shift-left offline proof (release gate)	2026-10-04T07:52:37.7582898Z fixtures/workload-compliant.yaml: targets 5.0.0, checking supported window ['4.0.0', '5.0.0']
release	shift-left offline proof (release gate)	2026-10-04T07:52:37.7583682Z declared engine: kyverno 1.18.2 (read from fixtures/engine/kyverno.yaml, --engine-declaration fixtures/engine/kyverno.yaml)
release	shift-left offline proof (release gate)	2026-10-04T07:52:37.7585489Z UNSUPPORTED PAIRING @ v4.0.0: kyverno 1.18.2 is not a supported engine of v4.0.0 (tested_engines is scoped published-cage-fixtures-v1, which graded the cage-tier and cage-netpol fixtures only (ticket 71, platform PR 26), not every body the line serves; a declaration under the narrower meaning cannot pass under every-served-body-v1); not run, so neither a compile error nor a pass
release	shift-left offline proof (release gate)	2026-10-04T07:52:37.7586244Z --- kyverno apply @ v5.0.0 ---
release	shift-left offline proof (release gate)	2026-10-04T07:52:37.7586399Z Applying 5 policy rule(s) to 1 resource(s)...
release	shift-left offline proof (release gate)	2026-10-04T07:52:37.7586511Z 
release	shift-left offline proof (release gate)	2026-10-04T07:52:37.7586602Z policy cage-tier-5-0-0 applied to default/Pod/checkout-svc:
release	shift-left offline proof (release gate)	2026-10-04T07:52:37.7586779Z apiVersion: v1
release	shift-left offline proof (release gate)	2026-10-04T07:52:37.7586882Z kind: Pod
release	shift-left offline proof (release gate)	2026-10-04T07:52:37.7586984Z metadata:
release	shift-left offline proof (release gate)	2026-10-04T07:52:37.7587077Z   labels:
release	shift-left offline proof (release gate)	2026-10-04T07:52:37.7587199Z     policy-as-versioned.dev/policy-version: 5.0.0
release	shift-left offline proof (release gate)	2026-10-04T07:52:37.7587369Z     posture.acme.io/caged: "true"
release	shift-left offline proof (release gate)	2026-10-04T07:52:37.7587509Z     posture.acme.io/tier: isolated
release	shift-left offline proof (release gate)	2026-10-04T07:52:37.7587645Z     posture.acme.io/version: 5.0.0
release	shift-left offline proof (release gate)	2026-10-04T07:52:37.7587777Z   name: checkout-svc
release	shift-left offline proof (release gate)	2026-10-04T07:52:37.7587893Z   namespace: default
release	shift-left offline proof (release gate)	2026-10-04T07:52:37.7587999Z spec:
release	shift-left offline proof (release gate)	2026-10-04T07:52:37.7588097Z   containers:
release	shift-left offline proof (release gate)	2026-10-04T07:52:37.7588205Z   - image: nginx
release	shift-left offline proof (release gate)	2026-10-04T07:52:37.7588307Z     name: c
release	shift-left offline proof (release gate)	2026-10-04T07:52:37.7588407Z     resources:
release	shift-left offline proof (release gate)	2026-10-04T07:52:37.7588506Z       limits:
release	shift-left offline proof (release gate)	2026-10-04T07:52:37.7588605Z         cpu: 100m
release	shift-left offline proof (release gate)	2026-10-04T07:52:37.7588707Z         memory: 64Mi
release	shift-left offline proof (release gate)	2026-10-04T07:52:37.7588813Z     securityContext:
release	shift-left offline proof (release gate)	2026-10-04T07:52:37.7589113Z       allowPrivilegeEscalation: false
release	shift-left offline proof (release gate)	2026-10-04T07:52:37.7589253Z       capabilities:
release	shift-left offline proof (release gate)	2026-10-04T07:52:37.7589356Z         drop:
release	shift-left offline proof (release gate)	2026-10-04T07:52:37.7589454Z         - ALL
release	shift-left offline proof (release gate)	2026-10-04T07:52:37.7589557Z       privileged: false
release	shift-left offline proof (release gate)	2026-10-04T07:52:37.7589683Z       readOnlyRootFilesystem: true
release	shift-left offline proof (release gate)	2026-10-04T07:52:37.7589825Z       runAsNonRoot: true
release	shift-left offline proof (release gate)	2026-10-04T07:52:37.7589956Z   - image: ghcr.io/acme/coraza-waf:cage
release	shift-left offline proof (release gate)	2026-10-04T07:52:37.7590096Z     name: waf-sidecar
release	shift-left offline proof (release gate)	2026-10-04T07:52:37.7590205Z     resources:
release	shift-left offline proof (release gate)	2026-10-04T07:52:37.7590520Z       limits:
release	shift-left offline proof (release gate)	2026-10-04T07:52:37.7590617Z         cpu: 250m
release	shift-left offline proof (release gate)	2026-10-04T07:52:37.7590721Z         memory: 256Mi
release	shift-left offline proof (release gate)	2026-10-04T07:52:37.7590831Z     securityContext:
release	shift-left offline proof (release gate)	2026-10-04T07:52:37.7590952Z       allowPrivilegeEscalation: false
release	shift-left offline proof (release gate)	2026-10-04T07:52:37.7591087Z       capabilities:
release	shift-left offline proof (release gate)	2026-10-04T07:52:37.7591191Z         drop:
release	shift-left offline proof (release gate)	2026-10-04T07:52:37.7591287Z         - ALL
release	shift-left offline proof (release gate)	2026-10-04T07:52:37.7591393Z       privileged: false
release	shift-left offline proof (release gate)	2026-10-04T07:52:37.7591517Z       readOnlyRootFilesystem: true
release	shift-left offline proof (release gate)	2026-10-04T07:52:37.7591653Z       runAsNonRoot: true
release	shift-left offline proof (release gate)	2026-10-04T07:52:37.7591767Z   hostIPC: false
release	shift-left offline proof (release gate)	2026-10-04T07:52:37.7591874Z   hostNetwork: false
release	shift-left offline proof (release gate)	2026-10-04T07:52:37.7591983Z   hostPID: false
release	shift-left offline proof (release gate)	2026-10-04T07:52:37.7592094Z   preemptionPolicy: Never
release	shift-left offline proof (release gate)	2026-10-04T07:52:37.7592216Z   priority: -10000
release	shift-left offline proof (release gate)	2026-10-04T07:52:37.7592457Z   priorityClassName: cage-isolated-5-0-0
release	shift-left offline proof (release gate)	2026-10-04T07:52:37.7592598Z   securityContext:
release	shift-left offline proof (release gate)	2026-10-04T07:52:37.7592707Z     runAsNonRoot: true
release	shift-left offline proof (release gate)	2026-10-04T07:52:37.7592779Z 
release	shift-left offline proof (release gate)	2026-10-04T07:52:37.7592826Z ---
release	shift-left offline proof (release gate)	2026-10-04T07:52:37.7592881Z 
release	shift-left offline proof (release gate)	2026-10-04T07:52:37.7592883Z 
release	shift-left offline proof (release gate)	2026-10-04T07:52:37.7592927Z Mutation:
release	shift-left offline proof (release gate)	2026-10-04T07:52:37.7593036Z Mutation has been applied successfully.
release	shift-left offline proof (release gate)	2026-10-04T07:52:37.7593214Z policy cage-tier-5-0-0 applied to default/Pod/checkout-svc:
release	shift-left offline proof (release gate)	2026-10-04T07:52:37.7593386Z apiVersion: v1
release	shift-left offline proof (release gate)	2026-10-04T07:52:37.7593486Z kind: Pod
release	shift-left offline proof (release gate)	2026-10-04T07:52:37.7593580Z metadata:
release	shift-left offline proof (release gate)	2026-10-04T07:52:37.7593672Z   labels:
release	shift-left offline proof (release gate)	2026-10-04T07:52:37.7593791Z     policy-as-versioned.dev/policy-version: 5.0.0
release	shift-left offline proof (release gate)	2026-10-04T07:52:37.7593955Z     posture.acme.io/caged: "true"
release	shift-left offline proof (release gate)	2026-10-04T07:52:37.7594090Z     posture.acme.io/tier: isolated
release	shift-left offline proof (release gate)	2026-10-04T07:52:37.7594230Z     posture.acme.io/version: 5.0.0
release	shift-left offline proof (release gate)	2026-10-04T07:52:37.7594358Z   name: checkout-svc
release	shift-left offline proof (release gate)	2026-10-04T07:52:37.7594472Z   namespace: default
release	shift-left offline proof (release gate)	2026-10-04T07:52:37.7594580Z spec:
release	shift-left offline proof (release gate)	2026-10-04T07:52:37.7594677Z   containers:
release	shift-left offline proof (release gate)	2026-10-04T07:52:37.7594779Z   - image: nginx
release	shift-left offline proof (release gate)	2026-10-04T07:52:37.7594881Z     name: c
release	shift-left offline proof (release gate)	2026-10-04T07:52:37.7594979Z     resources:
release	shift-left offline proof (release gate)	2026-10-04T07:52:37.7595080Z       limits:
release	shift-left offline proof (release gate)	2026-10-04T07:52:37.7595178Z         cpu: 100m
release	shift-left offline proof (release gate)	2026-10-04T07:52:37.7595282Z         memory: 64Mi
release	shift-left offline proof (release gate)	2026-10-04T07:52:37.7595389Z     securityContext:
release	shift-left offline proof (release gate)	2026-10-04T07:52:37.7595510Z       allowPrivilegeEscalation: false
release	shift-left offline proof (release gate)	2026-10-04T07:52:37.7595645Z       capabilities:
release	shift-left offline proof (release gate)	2026-10-04T07:52:37.7595748Z         drop:
release	shift-left offline proof (release gate)	2026-10-04T07:52:37.7595844Z         - ALL
release	shift-left offline proof (release gate)	2026-10-04T07:52:37.7595945Z       privileged: false
release	shift-left offline proof (release gate)	2026-10-04T07:52:37.7596067Z       readOnlyRootFilesystem: true
release	shift-left offline proof (release gate)	2026-10-04T07:52:37.7596201Z       runAsNonRoot: true
release	shift-left offline proof (release gate)	2026-10-04T07:52:37.7596327Z   - image: ghcr.io/acme/coraza-waf:cage
release	shift-left offline proof (release gate)	2026-10-04T07:52:37.7596467Z     name: waf-sidecar
release	shift-left offline proof (release gate)	2026-10-04T07:52:37.7596575Z     resources:
release	shift-left offline proof (release gate)	2026-10-04T07:52:37.7596673Z       limits:
release	shift-left offline proof (release gate)	2026-10-04T07:52:37.7596770Z         cpu: 250m
release	shift-left offline proof (release gate)	2026-10-04T07:52:37.7596884Z         memory: 256Mi
release	shift-left offline proof (release gate)	2026-10-04T07:52:37.7596993Z     securityContext:
release	shift-left offline proof (release gate)	2026-10-04T07:52:37.7597111Z       allowPrivilegeEscalation: false
release	shift-left offline proof (release gate)	2026-10-04T07:52:37.7597246Z       capabilities:
release	shift-left offline proof (release gate)	2026-10-04T07:52:37.7597353Z         drop:
release	shift-left offline proof (release gate)	2026-10-04T07:52:37.7597449Z         - ALL
release	shift-left offline proof (release gate)	2026-10-04T07:52:37.7597550Z       privileged: false
release	shift-left offline proof (release gate)	2026-10-04T07:52:37.7597672Z       readOnlyRootFilesystem: true
release	shift-left offline proof (release gate)	2026-10-04T07:52:37.7597807Z       runAsNonRoot: true
release	shift-left offline proof (release gate)	2026-10-04T07:52:37.7597920Z   hostIPC: false
release	shift-left offline proof (release gate)	2026-10-04T07:52:37.7598027Z   hostNetwork: false
release	shift-left offline proof (release gate)	2026-10-04T07:52:37.7598136Z   hostPID: false
release	shift-left offline proof (release gate)	2026-10-04T07:52:37.7598251Z   preemptionPolicy: Never
release	shift-left offline proof (release gate)	2026-10-04T07:52:37.7598372Z   priority: -10000
release	shift-left offline proof (release gate)	2026-10-04T07:52:37.7598494Z   priorityClassName: cage-isolated-5-0-0
release	shift-left offline proof (release gate)	2026-10-04T07:52:37.7598634Z   securityContext:
release	shift-left offline proof (release gate)	2026-10-04T07:52:37.7598808Z     runAsNonRoot: true
release	shift-left offline proof (release gate)	2026-10-04T07:52:37.7599009Z 
release	shift-left offline proof (release gate)	2026-10-04T07:52:37.7599072Z ---
release	shift-left offline proof (release gate)	2026-10-04T07:52:37.7599153Z 
release	shift-left offline proof (release gate)	2026-10-04T07:52:37.7599161Z 
release	shift-left offline proof (release gate)	2026-10-04T07:52:37.7599223Z Mutation:
release	shift-left offline proof (release gate)	2026-10-04T07:52:37.7599391Z Mutation has been applied successfully.
release	shift-left offline proof (release gate)	2026-10-04T07:52:37.7599690Z policy stamp-posture-5-0-0 applied to default/Pod/checkout-svc:
release	shift-left offline proof (release gate)	2026-10-04T07:52:37.7600174Z apiVersion: v1
release	shift-left offline proof (release gate)	2026-10-04T07:52:37.7600412Z kind: Pod
release	shift-left offline proof (release gate)	2026-10-04T07:52:37.7600633Z metadata:
release	shift-left offline proof (release gate)	2026-10-04T07:52:37.7600837Z   labels:
release	shift-left offline proof (release gate)	2026-10-04T07:52:37.7601056Z     policy-as-versioned.dev/policy-version: 5.0.0
release	shift-left offline proof (release gate)	2026-10-04T07:52:37.7601220Z     posture.acme.io/caged: "true"
release	shift-left offline proof (release gate)	2026-10-04T07:52:37.7601356Z     posture.acme.io/tier: isolated
release	shift-left offline proof (release gate)	2026-10-04T07:52:37.7601491Z     posture.acme.io/version: 5.0.0
release	shift-left offline proof (release gate)	2026-10-04T07:52:37.7601619Z   name: checkout-svc
release	shift-left offline proof (release gate)	2026-10-04T07:52:37.7601730Z   namespace: default
release	shift-left offline proof (release gate)	2026-10-04T07:52:37.7601834Z spec:
release	shift-left offline proof (release gate)	2026-10-04T07:52:37.7601926Z   containers:
release	shift-left offline proof (release gate)	2026-10-04T07:52:37.7602029Z   - image: nginx
release	shift-left offline proof (release gate)	2026-10-04T07:52:37.7602132Z     name: c
release	shift-left offline proof (release gate)	2026-10-04T07:52:37.7602228Z     resources:
release	shift-left offline proof (release gate)	2026-10-04T07:52:37.7602328Z       limits:
release	shift-left offline proof (release gate)	2026-10-04T07:52:37.7602424Z         cpu: 100m
release	shift-left offline proof (release gate)	2026-10-04T07:52:37.7602701Z         memory: 64Mi
release	shift-left offline proof (release gate)	2026-10-04T07:52:37.7602810Z     securityContext:
release	shift-left offline proof (release gate)	2026-10-04T07:52:37.7602931Z       allowPrivilegeEscalation: false
release	shift-left offline proof (release gate)	2026-10-04T07:52:37.7603068Z       capabilities:
release	shift-left offline proof (release gate)	2026-10-04T07:52:37.7603177Z         drop:
release	shift-left offline proof (release gate)	2026-10-04T07:52:37.7603275Z         - ALL
release	shift-left offline proof (release gate)	2026-10-04T07:52:37.7603377Z       privileged: false
release	shift-left offline proof (release gate)	2026-10-04T07:52:37.7603501Z       readOnlyRootFilesystem: true
release	shift-left offline proof (release gate)	2026-10-04T07:52:37.7603636Z       runAsNonRoot: true
release	shift-left offline proof (release gate)	2026-10-04T07:52:37.7603759Z   - image: ghcr.io/acme/coraza-waf:cage
release	shift-left offline proof (release gate)	2026-10-04T07:52:37.7603895Z     name: waf-sidecar
release	shift-left offline proof (release gate)	2026-10-04T07:52:37.7604005Z     resources:
release	shift-left offline proof (release gate)	2026-10-04T07:52:37.7604103Z       limits:
release	shift-left offline proof (release gate)	2026-10-04T07:52:37.7604199Z         cpu: 250m
release	shift-left offline proof (release gate)	2026-10-04T07:52:37.7604301Z         memory: 256Mi
release	shift-left offline proof (release gate)	2026-10-04T07:52:37.7604411Z     securityContext:
release	shift-left offline proof (release gate)	2026-10-04T07:52:37.7604532Z       allowPrivilegeEscalation: false
release	shift-left offline proof (release gate)	2026-10-04T07:52:37.7604667Z       capabilities:
release	shift-left offline proof (release gate)	2026-10-04T07:52:37.7604771Z         drop:
release	shift-left offline proof (release gate)	2026-10-04T07:52:37.7604878Z         - ALL
release	shift-left offline proof (release gate)	2026-10-04T07:52:37.7604981Z       privileged: false
release	shift-left offline proof (release gate)	2026-10-04T07:52:37.7605104Z       readOnlyRootFilesystem: true
release	shift-left offline proof (release gate)	2026-10-04T07:52:37.7605340Z       runAsNonRoot: true
release	shift-left offline proof (release gate)	2026-10-04T07:52:37.7605454Z   hostIPC: false
release	shift-left offline proof (release gate)	2026-10-04T07:52:37.7605766Z   hostNetwork: false
release	shift-left offline proof (release gate)	2026-10-04T07:52:37.7605942Z   hostPID: false
release	shift-left offline proof (release gate)	2026-10-04T07:52:37.7606112Z   preemptionPolicy: Never
release	shift-left offline proof (release gate)	2026-10-04T07:52:37.7606371Z   priority: -10000
release	shift-left offline proof (release gate)	2026-10-04T07:52:37.7606591Z   priorityClassName: cage-isolated-5-0-0
release	shift-left offline proof (release gate)	2026-10-04T07:52:37.7606833Z   securityContext:
release	shift-left offline proof (release gate)	2026-10-04T07:52:37.7607012Z     runAsNonRoot: true
release	shift-left offline proof (release gate)	2026-10-04T07:52:37.7607105Z 
release	shift-left offline proof (release gate)	2026-10-04T07:52:37.7607181Z ---
release	shift-left offline proof (release gate)	2026-10-04T07:52:37.7607323Z 
release	shift-left offline proof (release gate)	2026-10-04T07:52:37.7607326Z 
release	shift-left offline proof (release gate)	2026-10-04T07:52:37.7607390Z Mutation:
release	shift-left offline proof (release gate)	2026-10-04T07:52:37.7615764Z Mutation has been applied successfully.
release	shift-left offline proof (release gate)	2026-10-04T07:52:37.7616094Z policy stamp-posture-5-0-0 applied to default/Pod/checkout-svc:
release	shift-left offline proof (release gate)	2026-10-04T07:52:37.7616387Z apiVersion: v1
release	shift-left offline proof (release gate)	2026-10-04T07:52:37.7616547Z kind: Pod
release	shift-left offline proof (release gate)	2026-10-04T07:52:37.7616702Z metadata:
release	shift-left offline proof (release gate)	2026-10-04T07:52:37.7616846Z   labels:
release	shift-left offline proof (release gate)	2026-10-04T07:52:37.7617033Z     policy-as-versioned.dev/policy-version: 5.0.0
release	shift-left offline proof (release gate)	2026-10-04T07:52:37.7617290Z     posture.acme.io/caged: "true"
release	shift-left offline proof (release gate)	2026-10-04T07:52:37.7617507Z     posture.acme.io/tier: isolated
release	shift-left offline proof (release gate)	2026-10-04T07:52:37.7617725Z     posture.acme.io/version: 5.0.0
release	shift-left offline proof (release gate)	2026-10-04T07:52:37.7617927Z   name: checkout-svc
release	shift-left offline proof (release gate)	2026-10-04T07:52:37.7618102Z   namespace: default
release	shift-left offline proof (release gate)	2026-10-04T07:52:37.7618268Z spec:
release	shift-left offline proof (release gate)	2026-10-04T07:52:37.7618416Z   containers:
release	shift-left offline proof (release gate)	2026-10-04T07:52:37.7618578Z   - image: nginx
release	shift-left offline proof (release gate)	2026-10-04T07:52:37.7618763Z     name: c
release	shift-left offline proof (release gate)	2026-10-04T07:52:37.7619015Z     resources:
release	shift-left offline proof (release gate)	2026-10-04T07:52:37.7619180Z       limits:
release	shift-left offline proof (release gate)	2026-10-04T07:52:37.7619282Z         cpu: 100m
release	shift-left offline proof (release gate)	2026-10-04T07:52:37.7619389Z         memory: 64Mi
release	shift-left offline proof (release gate)	2026-10-04T07:52:37.7619501Z     securityContext:
release	shift-left offline proof (release gate)	2026-10-04T07:52:37.7619628Z       allowPrivilegeEscalation: false
release	shift-left offline proof (release gate)	2026-10-04T07:52:37.7619766Z       capabilities:
release	shift-left offline proof (release gate)	2026-10-04T07:52:37.7619871Z         drop:
release	shift-left offline proof (release gate)	2026-10-04T07:52:37.7619970Z         - ALL
release	shift-left offline proof (release gate)	2026-10-04T07:52:37.7620079Z       privileged: false
release	shift-left offline proof (release gate)	2026-10-04T07:52:37.7620205Z       readOnlyRootFilesystem: true
release	shift-left offline proof (release gate)	2026-10-04T07:52:37.7620341Z       runAsNonRoot: true
release	shift-left offline proof (release gate)	2026-10-04T07:52:37.7620471Z   - image: ghcr.io/acme/coraza-waf:cage
release	shift-left offline proof (release gate)	2026-10-04T07:52:37.7620883Z     name: waf-sidecar
release	shift-left offline proof (release gate)	2026-10-04T07:52:37.7620991Z     resources:
release	shift-left offline proof (release gate)	2026-10-04T07:52:37.7621088Z       limits:
release	shift-left offline proof (release gate)	2026-10-04T07:52:37.7621183Z         cpu: 250m
release	shift-left offline proof (release gate)	2026-10-04T07:52:37.7621287Z         memory: 256Mi
release	shift-left offline proof (release gate)	2026-10-04T07:52:37.7621396Z     securityContext:
release	shift-left offline proof (release gate)	2026-10-04T07:52:37.7621516Z       allowPrivilegeEscalation: false
release	shift-left offline proof (release gate)	2026-10-04T07:52:37.7621652Z       capabilities:
release	shift-left offline proof (release gate)	2026-10-04T07:52:37.7621754Z         drop:
release	shift-left offline proof (release gate)	2026-10-04T07:52:37.7621848Z         - ALL
release	shift-left offline proof (release gate)	2026-10-04T07:52:37.7621949Z       privileged: false
release	shift-left offline proof (release gate)	2026-10-04T07:52:37.7622074Z       readOnlyRootFilesystem: true
release	shift-left offline proof (release gate)	2026-10-04T07:52:37.7622207Z       runAsNonRoot: true
release	shift-left offline proof (release gate)	2026-10-04T07:52:37.7622323Z   hostIPC: false
release	shift-left offline proof (release gate)	2026-10-04T07:52:37.7622429Z   hostNetwork: false
release	shift-left offline proof (release gate)	2026-10-04T07:52:37.7622622Z   hostPID: false
release	shift-left offline proof (release gate)	2026-10-04T07:52:37.7622731Z   preemptionPolicy: Never
release	shift-left offline proof (release gate)	2026-10-04T07:52:37.7622853Z   priority: -10000
release	shift-left offline proof (release gate)	2026-10-04T07:52:37.7622975Z   priorityClassName: cage-isolated-5-0-0
release	shift-left offline proof (release gate)	2026-10-04T07:52:37.7623114Z   securityContext:
release	shift-left offline proof (release gate)	2026-10-04T07:52:37.7623227Z     runAsNonRoot: true
release	shift-left offline proof (release gate)	2026-10-04T07:52:37.7623299Z 
release	shift-left offline proof (release gate)	2026-10-04T07:52:37.7623338Z ---
release	shift-left offline proof (release gate)	2026-10-04T07:52:37.7623392Z 
release	shift-left offline proof (release gate)	2026-10-04T07:52:37.7623395Z 
release	shift-left offline proof (release gate)	2026-10-04T07:52:37.7623437Z Mutation:
release	shift-left offline proof (release gate)	2026-10-04T07:52:37.7623544Z Mutation has been applied successfully.
release	shift-left offline proof (release gate)	2026-10-04T07:52:37.7623727Z policy cage-netpol-5-0-0 applied to default/Pod/checkout-svc:
release	shift-left offline proof (release gate)	2026-10-04T07:52:37.7623913Z apiVersion: networking.k8s.io/v1
release	shift-left offline proof (release gate)	2026-10-04T07:52:37.7624041Z kind: NetworkPolicy
release	shift-left offline proof (release gate)	2026-10-04T07:52:37.7624144Z metadata:
release	shift-left offline proof (release gate)	2026-10-04T07:52:37.7624235Z   labels:
release	shift-left offline proof (release gate)	2026-10-04T07:52:37.7624340Z     app.kubernetes.io/managed-by: kyverno
release	shift-left offline proof (release gate)	2026-10-04T07:52:37.7624487Z     posture.acme.io/cage: reach
release	shift-left offline proof (release gate)	2026-10-04T07:52:37.7624622Z     posture.acme.io/tier: restricted
release	shift-left offline proof (release gate)	2026-10-04T07:52:37.7624767Z   name: cage-reach-restricted
release	shift-left offline proof (release gate)	2026-10-04T07:52:37.7624969Z   namespace: default
release	shift-left offline proof (release gate)	2026-10-04T07:52:37.7625129Z spec:
release	shift-left offline proof (release gate)	2026-10-04T07:52:37.7625269Z   egress:
release	shift-left offline proof (release gate)	2026-10-04T07:52:37.7625415Z   - ports:
release	shift-left offline proof (release gate)	2026-10-04T07:52:37.7625572Z     - port: 53
release	shift-left offline proof (release gate)	2026-10-04T07:52:37.7625735Z       protocol: UDP
release	shift-left offline proof (release gate)	2026-10-04T07:52:37.7625898Z     to:
release	shift-left offline proof (release gate)	2026-10-04T07:52:37.7626077Z     - namespaceSelector:
release	shift-left offline proof (release gate)	2026-10-04T07:52:37.7626281Z         matchLabels:
release	shift-left offline proof (release gate)	2026-10-04T07:52:37.7626540Z           kubernetes.io/metadata.name: kube-system
release	shift-left offline proof (release gate)	2026-10-04T07:52:37.7626893Z   ingress:
release	shift-left offline proof (release gate)	2026-10-04T07:52:37.7627102Z   - from:
release	shift-left offline proof (release gate)	2026-10-04T07:52:37.7627266Z     - podSelector: {}
release	shift-left offline proof (release gate)	2026-10-04T07:52:37.7627382Z   podSelector:
release	shift-left offline proof (release gate)	2026-10-04T07:52:37.7627483Z     matchLabels:
release	shift-left offline proof (release gate)	2026-10-04T07:52:37.7627597Z       posture.acme.io/caged: "true"
release	shift-left offline proof (release gate)	2026-10-04T07:52:37.7627740Z       posture.acme.io/tier: restricted
release	shift-left offline proof (release gate)	2026-10-04T07:52:37.7627871Z   policyTypes:
release	shift-left offline proof (release gate)	2026-10-04T07:52:37.7627972Z   - Ingress
release	shift-left offline proof (release gate)	2026-10-04T07:52:37.7628068Z   - Egress
release	shift-left offline proof (release gate)	2026-10-04T07:52:37.7628132Z 
release	shift-left offline proof (release gate)	2026-10-04T07:52:37.7628171Z ---
release	shift-left offline proof (release gate)	2026-10-04T07:52:37.7628224Z 
release	shift-left offline proof (release gate)	2026-10-04T07:52:37.7628226Z 
release	shift-left offline proof (release gate)	2026-10-04T07:52:37.7628266Z Generate:
release	shift-left offline proof (release gate)	2026-10-04T07:52:37.7628374Z Generation completed successfully.
release	shift-left offline proof (release gate)	2026-10-04T07:52:37.7628548Z policy cage-netpol-5-0-0 applied to default/Pod/checkout-svc:
release	shift-left offline proof (release gate)	2026-10-04T07:52:37.7628742Z apiVersion: networking.k8s.io/v1
release	shift-left offline proof (release gate)	2026-10-04T07:52:37.7628993Z kind: NetworkPolicy
release	shift-left offline proof (release gate)	2026-10-04T07:52:37.7629117Z metadata:
release	shift-left offline proof (release gate)	2026-10-04T07:52:37.7629211Z   labels:
release	shift-left offline proof (release gate)	2026-10-04T07:52:37.7629320Z     app.kubernetes.io/managed-by: kyverno
release	shift-left offline proof (release gate)	2026-10-04T07:52:37.7629467Z     posture.acme.io/cage: reach
release	shift-left offline proof (release gate)	2026-10-04T07:52:37.7629601Z     posture.acme.io/tier: quarantine
release	shift-left offline proof (release gate)	2026-10-04T07:52:37.7629741Z   name: cage-reach-quarantine
release	shift-left offline proof (release gate)	2026-10-04T07:52:37.7629866Z   namespace: default
release	shift-left offline proof (release gate)	2026-10-04T07:52:37.7629972Z spec:
release	shift-left offline proof (release gate)	2026-10-04T07:52:37.7630066Z   egress:
release	shift-left offline proof (release gate)	2026-10-04T07:52:37.7630157Z   - ports:
release	shift-left offline proof (release gate)	2026-10-04T07:52:37.7630252Z     - port: 53
release	shift-left offline proof (release gate)	2026-10-04T07:52:37.7630355Z       protocol: UDP
release	shift-left offline proof (release gate)	2026-10-04T07:52:37.7630462Z     to:
release	shift-left offline proof (release gate)	2026-10-04T07:52:37.7630561Z     - namespaceSelector:
release	shift-left offline proof (release gate)	2026-10-04T07:52:37.7630677Z         matchLabels:
release	shift-left offline proof (release gate)	2026-10-04T07:52:37.7630805Z           kubernetes.io/metadata.name: kube-system
release	shift-left offline proof (release gate)	2026-10-04T07:52:37.7630952Z   ingress:
release	shift-left offline proof (release gate)	2026-10-04T07:52:37.7631155Z   - from:
release	shift-left offline proof (release gate)	2026-10-04T07:52:37.7631253Z     - podSelector: {}
release	shift-left offline proof (release gate)	2026-10-04T07:52:37.7631363Z   podSelector:
release	shift-left offline proof (release gate)	2026-10-04T07:52:37.7631467Z     matchLabels:
release	shift-left offline proof (release gate)	2026-10-04T07:52:37.7631581Z       posture.acme.io/caged: "true"
release	shift-left offline proof (release gate)	2026-10-04T07:52:37.7631722Z       posture.acme.io/tier: quarantine
release	shift-left offline proof (release gate)	2026-10-04T07:52:37.7631855Z   policyTypes:
release	shift-left offline proof (release gate)	2026-10-04T07:52:37.7631957Z   - Ingress
release	shift-left offline proof (release gate)	2026-10-04T07:52:37.7632050Z   - Egress
release	shift-left offline proof (release gate)	2026-10-04T07:52:37.7632107Z 
release	shift-left offline proof (release gate)	2026-10-04T07:52:37.7632144Z ---
release	shift-left offline proof (release gate)	2026-10-04T07:52:37.7632197Z 
release	shift-left offline proof (release gate)	2026-10-04T07:52:37.7632199Z 
release	shift-left offline proof (release gate)	2026-10-04T07:52:37.7632238Z Generate:
release	shift-left offline proof (release gate)	2026-10-04T07:52:37.7632341Z Generation completed successfully.
release	shift-left offline proof (release gate)	2026-10-04T07:52:37.7632513Z policy cage-netpol-5-0-0 applied to default/Pod/checkout-svc:
release	shift-left offline proof (release gate)	2026-10-04T07:52:37.7632700Z apiVersion: networking.k8s.io/v1
release	shift-left offline proof (release gate)	2026-10-04T07:52:37.7632910Z kind: NetworkPolicy
release	shift-left offline proof (release gate)	2026-10-04T07:52:37.7633016Z metadata:
release	shift-left offline proof (release gate)	2026-10-04T07:52:37.7633106Z   labels:
release	shift-left offline proof (release gate)	2026-10-04T07:52:37.7633210Z     app.kubernetes.io/managed-by: kyverno
release	shift-left offline proof (release gate)	2026-10-04T07:52:37.7633363Z     posture.acme.io/cage: reach
release	shift-left offline proof (release gate)	2026-10-04T07:52:37.7633495Z     posture.acme.io/tier: isolated
release	shift-left offline proof (release gate)	2026-10-04T07:52:37.7633631Z   name: cage-reach-isolated
release	shift-left offline proof (release gate)	2026-10-04T07:52:37.7633752Z   namespace: default
release	shift-left offline proof (release gate)	2026-10-04T07:52:37.7633857Z spec:
release	shift-left offline proof (release gate)	2026-10-04T07:52:37.7633949Z   egress: []
release	shift-left offline proof (release gate)	2026-10-04T07:52:37.7634046Z   ingress: []
release	shift-left offline proof (release gate)	2026-10-04T07:52:37.7634149Z   podSelector:
release	shift-left offline proof (release gate)	2026-10-04T07:52:37.7634252Z     matchLabels:
release	shift-left offline proof (release gate)	2026-10-04T07:52:37.7634366Z       posture.acme.io/caged: "true"
release	shift-left offline proof (release gate)	2026-10-04T07:52:37.7634504Z       posture.acme.io/tier: isolated
release	shift-left offline proof (release gate)	2026-10-04T07:52:37.7634632Z   policyTypes:
release	shift-left offline proof (release gate)	2026-10-04T07:52:37.7634733Z   - Ingress
release	shift-left offline proof (release gate)	2026-10-04T07:52:37.7634829Z   - Egress
release	shift-left offline proof (release gate)	2026-10-04T07:52:37.7634885Z 
release	shift-left offline proof (release gate)	2026-10-04T07:52:37.7634923Z ---
release	shift-left offline proof (release gate)	2026-10-04T07:52:37.7634976Z 
release	shift-left offline proof (release gate)	2026-10-04T07:52:37.7634982Z 
release	shift-left offline proof (release gate)	2026-10-04T07:52:37.7635021Z Generate:
release	shift-left offline proof (release gate)	2026-10-04T07:52:37.7635124Z Generation completed successfully.
release	shift-left offline proof (release gate)	2026-10-04T07:52:37.7635271Z pass: 7, fail: 0, warn: 0, error: 0, skip: 0
release	shift-left offline proof (release gate)	2026-10-04T07:52:37.7635370Z 
release	shift-left offline proof (release gate)	2026-10-04T07:52:37.7635666Z shift-left: fixtures/workload-compliant.yaml is compliant on kyverno 1.18.2 across the line(s) of its window that support it ['5.0.0']; unsupported pairing(s), not run and not passed: v4.0.0
release	shift-left offline proof (release gate)	2026-10-04T07:52:37.7636121Z ok  an unsupported neighbour (exit 0)
release	shift-left offline proof (release gate)	2026-10-04T07:52:38.1494648Z fixtures/workload-flip.yaml: targets 5.0.0, checking supported window ['4.0.0', '5.0.0']
release	shift-left offline proof (release gate)	2026-10-04T07:52:38.1495356Z declared engine: kyverno 1.18.2 (read from fixtures/engine/kyverno.yaml, --engine-declaration fixtures/engine/kyverno.yaml)
release	shift-left offline proof (release gate)	2026-10-04T07:52:38.1496572Z UNSUPPORTED PAIRING @ v4.0.0: kyverno 1.18.2 is not a supported engine of v4.0.0 (declares no tested_engines, so it supports no engine (ADR-0033 point 3) and there is no cell to grade); not run, so neither a compile error nor a pass
release	shift-left offline proof (release gate)	2026-10-04T07:52:38.1497283Z --- kyverno apply @ v5.0.0 ---
release	shift-left offline proof (release gate)	2026-10-04T07:52:38.1497502Z Applying 5 policy rule(s) to 1 resource(s)...
release	shift-left offline proof (release gate)	2026-10-04T07:52:38.1497658Z 
release	shift-left offline proof (release gate)	2026-10-04T07:52:38.1497790Z policy cage-tier-5-0-0 applied to default/Pod/checkout-svc:
release	shift-left offline proof (release gate)	2026-10-04T07:52:38.1498067Z apiVersion: v1
release	shift-left offline proof (release gate)	2026-10-04T07:52:38.1498245Z kind: Pod
release	shift-left offline proof (release gate)	2026-10-04T07:52:38.1498390Z metadata:
release	shift-left offline proof (release gate)	2026-10-04T07:52:38.1498529Z   labels:
release	shift-left offline proof (release gate)	2026-10-04T07:52:38.1498715Z     policy-as-versioned.dev/policy-version: 5.0.0
release	shift-left offline proof (release gate)	2026-10-04T07:52:38.1499111Z     posture.acme.io/caged: "true"
release	shift-left offline proof (release gate)	2026-10-04T07:52:38.1499324Z     posture.acme.io/tier: isolated
release	shift-left offline proof (release gate)	2026-10-04T07:52:38.1499541Z     posture.acme.io/version: 5.0.0
release	shift-left offline proof (release gate)	2026-10-04T07:52:38.1499754Z   name: checkout-svc
release	shift-left offline proof (release gate)	2026-10-04T07:52:38.1499931Z   namespace: default
release	shift-left offline proof (release gate)	2026-10-04T07:52:38.1500107Z spec:
release	shift-left offline proof (release gate)	2026-10-04T07:52:38.1500251Z   containers:
release	shift-left offline proof (release gate)	2026-10-04T07:52:38.1500410Z   - image: nginx
release	shift-left offline proof (release gate)	2026-10-04T07:52:38.1500565Z     name: c
release	shift-left offline proof (release gate)	2026-10-04T07:52:38.1500703Z     resources:
release	shift-left offline proof (release gate)	2026-10-04T07:52:38.1500862Z       limits:
release	shift-left offline proof (release gate)	2026-10-04T07:52:38.1501014Z         cpu: 100m
release	shift-left offline proof (release gate)	2026-10-04T07:52:38.1501176Z         memory: 64Mi
release	shift-left offline proof (release gate)	2026-10-04T07:52:38.1501342Z     securityContext:
release	shift-left offline proof (release gate)	2026-10-04T07:52:38.1501533Z       allowPrivilegeEscalation: false
release	shift-left offline proof (release gate)	2026-10-04T07:52:38.1502097Z       capabilities:
release	shift-left offline proof (release gate)	2026-10-04T07:52:38.1502251Z         drop:
release	shift-left offline proof (release gate)	2026-10-04T07:52:38.1502404Z         - ALL
release	shift-left offline proof (release gate)	2026-10-04T07:52:38.1502566Z       privileged: false
release	shift-left offline proof (release gate)	2026-10-04T07:52:38.1502769Z       readOnlyRootFilesystem: true
release	shift-left offline proof (release gate)	2026-10-04T07:52:38.1502985Z       runAsNonRoot: true
release	shift-left offline proof (release gate)	2026-10-04T07:52:38.1503186Z   - image: ghcr.io/acme/coraza-waf:cage
release	shift-left offline proof (release gate)	2026-10-04T07:52:38.1503405Z     name: waf-sidecar
release	shift-left offline proof (release gate)	2026-10-04T07:52:38.1503579Z     resources:
release	shift-left offline proof (release gate)	2026-10-04T07:52:38.1503732Z       limits:
release	shift-left offline proof (release gate)	2026-10-04T07:52:38.1503882Z         cpu: 250m
release	shift-left offline proof (release gate)	2026-10-04T07:52:38.1504047Z         memory: 256Mi
release	shift-left offline proof (release gate)	2026-10-04T07:52:38.1504218Z     securityContext:
release	shift-left offline proof (release gate)	2026-10-04T07:52:38.1504412Z       allowPrivilegeEscalation: false
release	shift-left offline proof (release gate)	2026-10-04T07:52:38.1504620Z       capabilities:
release	shift-left offline proof (release gate)	2026-10-04T07:52:38.1504942Z         drop:
release	shift-left offline proof (release gate)	2026-10-04T07:52:38.1505097Z         - ALL
release	shift-left offline proof (release gate)	2026-10-04T07:52:38.1505253Z       privileged: false
release	shift-left offline proof (release gate)	2026-10-04T07:52:38.1505446Z       readOnlyRootFilesystem: true
release	shift-left offline proof (release gate)	2026-10-04T07:52:38.1505657Z       runAsNonRoot: true
release	shift-left offline proof (release gate)	2026-10-04T07:52:38.1505840Z   hostIPC: false
release	shift-left offline proof (release gate)	2026-10-04T07:52:38.1506007Z   hostNetwork: false
release	shift-left offline proof (release gate)	2026-10-04T07:52:38.1506165Z   hostPID: false
release	shift-left offline proof (release gate)	2026-10-04T07:52:38.1506327Z   preemptionPolicy: Never
release	shift-left offline proof (release gate)	2026-10-04T07:52:38.1506513Z   priority: -10000
release	shift-left offline proof (release gate)	2026-10-04T07:52:38.1506702Z   priorityClassName: cage-isolated-5-0-0
release	shift-left offline proof (release gate)	2026-10-04T07:52:38.1506970Z   securityContext:
release	shift-left offline proof (release gate)	2026-10-04T07:52:38.1507218Z     runAsNonRoot: true
release	shift-left offline proof (release gate)	2026-10-04T07:52:38.1507444Z 
release	shift-left offline proof (release gate)	2026-10-04T07:52:38.1507536Z ---
release	shift-left offline proof (release gate)	2026-10-04T07:52:38.1507658Z 
release	shift-left offline proof (release gate)	2026-10-04T07:52:38.1507661Z 
release	shift-left offline proof (release gate)	2026-10-04T07:52:38.1507755Z Mutation:
release	shift-left offline proof (release gate)	2026-10-04T07:52:38.1507949Z Mutation has been applied successfully.
release	shift-left offline proof (release gate)	2026-10-04T07:52:38.1508180Z policy cage-tier-5-0-0 applied to default/Pod/checkout-svc:
release	shift-left offline proof (release gate)	2026-10-04T07:52:38.1508356Z apiVersion: v1
release	shift-left offline proof (release gate)	2026-10-04T07:52:38.1508459Z kind: Pod
release	shift-left offline proof (release gate)	2026-10-04T07:52:38.1508553Z metadata:
release	shift-left offline proof (release gate)	2026-10-04T07:52:38.1508647Z   labels:
release	shift-left offline proof (release gate)	2026-10-04T07:52:38.1508767Z     policy-as-versioned.dev/policy-version: 5.0.0
release	shift-left offline proof (release gate)	2026-10-04T07:52:38.1509130Z     posture.acme.io/caged: "true"
release	shift-left offline proof (release gate)	2026-10-04T07:52:38.1509267Z     posture.acme.io/tier: isolated
release	shift-left offline proof (release gate)	2026-10-04T07:52:38.1509401Z     posture.acme.io/version: 5.0.0
release	shift-left offline proof (release gate)	2026-10-04T07:52:38.1509529Z   name: checkout-svc
release	shift-left offline proof (release gate)	2026-10-04T07:52:38.1509640Z   namespace: default
release	shift-left offline proof (release gate)	2026-10-04T07:52:38.1509746Z spec:
release	shift-left offline proof (release gate)	2026-10-04T07:52:38.1509840Z   containers:
release	shift-left offline proof (release gate)	2026-10-04T07:52:38.1509940Z   - image: nginx
release	shift-left offline proof (release gate)	2026-10-04T07:52:38.1510040Z     name: c
release	shift-left offline proof (release gate)	2026-10-04T07:52:38.1510136Z     resources:
release	shift-left offline proof (release gate)	2026-10-04T07:52:38.1510235Z       limits:
release	shift-left offline proof (release gate)	2026-10-04T07:52:38.1510331Z         cpu: 100m
release	shift-left offline proof (release gate)	2026-10-04T07:52:38.1510434Z         memory: 64Mi
release	shift-left offline proof (release gate)	2026-10-04T07:52:38.1510540Z     securityContext:
release	shift-left offline proof (release gate)	2026-10-04T07:52:38.1510661Z       allowPrivilegeEscalation: false
release	shift-left offline proof (release gate)	2026-10-04T07:52:38.1510796Z       capabilities:
release	shift-left offline proof (release gate)	2026-10-04T07:52:38.1510900Z         drop:
release	shift-left offline proof (release gate)	2026-10-04T07:52:38.1511001Z         - ALL
release	shift-left offline proof (release gate)	2026-10-04T07:52:38.1511104Z       privileged: false
release	shift-left offline proof (release gate)	2026-10-04T07:52:38.1511227Z       readOnlyRootFilesystem: true
release	shift-left offline proof (release gate)	2026-10-04T07:52:38.1511360Z       runAsNonRoot: true
release	shift-left offline proof (release gate)	2026-10-04T07:52:38.1511490Z   - image: ghcr.io/acme/coraza-waf:cage
release	shift-left offline proof (release gate)	2026-10-04T07:52:38.1511629Z     name: waf-sidecar
release	shift-left offline proof (release gate)	2026-10-04T07:52:38.1511737Z     resources:
release	shift-left offline proof (release gate)	2026-10-04T07:52:38.1511835Z       limits:
release	shift-left offline proof (release gate)	2026-10-04T07:52:38.1511930Z         cpu: 250m
release	shift-left offline proof (release gate)	2026-10-04T07:52:38.1512034Z         memory: 256Mi
release	shift-left offline proof (release gate)	2026-10-04T07:52:38.1512141Z     securityContext:
release	shift-left offline proof (release gate)	2026-10-04T07:52:38.1512261Z       allowPrivilegeEscalation: false
release	shift-left offline proof (release gate)	2026-10-04T07:52:38.1512398Z       capabilities:
release	shift-left offline proof (release gate)	2026-10-04T07:52:38.1512500Z         drop:
release	shift-left offline proof (release gate)	2026-10-04T07:52:38.1512597Z         - ALL
release	shift-left offline proof (release gate)	2026-10-04T07:52:38.1512699Z       privileged: false
release	shift-left offline proof (release gate)	2026-10-04T07:52:38.1512820Z       readOnlyRootFilesystem: true
release	shift-left offline proof (release gate)	2026-10-04T07:52:38.1512953Z       runAsNonRoot: true
release	shift-left offline proof (release gate)	2026-10-04T07:52:38.1513068Z   hostIPC: false
release	shift-left offline proof (release gate)	2026-10-04T07:52:38.1513174Z   hostNetwork: false
release	shift-left offline proof (release gate)	2026-10-04T07:52:38.1513282Z   hostPID: false
release	shift-left offline proof (release gate)	2026-10-04T07:52:38.1513392Z   preemptionPolicy: Never
release	shift-left offline proof (release gate)	2026-10-04T07:52:38.1513513Z   priority: -10000
release	shift-left offline proof (release gate)	2026-10-04T07:52:38.1513636Z   priorityClassName: cage-isolated-5-0-0
release	shift-left offline proof (release gate)	2026-10-04T07:52:38.1513899Z   securityContext:
release	shift-left offline proof (release gate)	2026-10-04T07:52:38.1514006Z     runAsNonRoot: true
release	shift-left offline proof (release gate)	2026-10-04T07:52:38.1514077Z 
release	shift-left offline proof (release gate)	2026-10-04T07:52:38.1514114Z ---
release	shift-left offline proof (release gate)	2026-10-04T07:52:38.1514168Z 
release	shift-left offline proof (release gate)	2026-10-04T07:52:38.1514170Z 
release	shift-left offline proof (release gate)	2026-10-04T07:52:38.1514212Z Mutation:
release	shift-left offline proof (release gate)	2026-10-04T07:52:38.1514320Z Mutation has been applied successfully.
release	shift-left offline proof (release gate)	2026-10-04T07:52:38.1514507Z policy stamp-posture-5-0-0 applied to default/Pod/checkout-svc:
release	shift-left offline proof (release gate)	2026-10-04T07:52:38.1514684Z apiVersion: v1
release	shift-left offline proof (release gate)	2026-10-04T07:52:38.1514784Z kind: Pod
release	shift-left offline proof (release gate)	2026-10-04T07:52:38.1514877Z metadata:
release	shift-left offline proof (release gate)	2026-10-04T07:52:38.1514967Z   labels:
release	shift-left offline proof (release gate)	2026-10-04T07:52:38.1515084Z     policy-as-versioned.dev/policy-version: 5.0.0
release	shift-left offline proof (release gate)	2026-10-04T07:52:38.1515246Z     posture.acme.io/caged: "true"
release	shift-left offline proof (release gate)	2026-10-04T07:52:38.1515461Z     posture.acme.io/tier: isolated
release	shift-left offline proof (release gate)	2026-10-04T07:52:38.1515593Z     posture.acme.io/version: 5.0.0
release	shift-left offline proof (release gate)	2026-10-04T07:52:38.1515722Z   name: checkout-svc
release	shift-left offline proof (release gate)	2026-10-04T07:52:38.1515832Z   namespace: default
release	shift-left offline proof (release gate)	2026-10-04T07:52:38.1515936Z spec:
release	shift-left offline proof (release gate)	2026-10-04T07:52:38.1516033Z   containers:
release	shift-left offline proof (release gate)	2026-10-04T07:52:38.1516132Z   - image: nginx
release	shift-left offline proof (release gate)	2026-10-04T07:52:38.1516234Z     name: c
release	shift-left offline proof (release gate)	2026-10-04T07:52:38.1516330Z     resources:
release	shift-left offline proof (release gate)	2026-10-04T07:52:38.1516427Z       limits:
release	shift-left offline proof (release gate)	2026-10-04T07:52:38.1516522Z         cpu: 100m
release	shift-left offline proof (release gate)	2026-10-04T07:52:38.1516624Z         memory: 64Mi
release	shift-left offline proof (release gate)	2026-10-04T07:52:38.1516730Z     securityContext:
release	shift-left offline proof (release gate)	2026-10-04T07:52:38.1516849Z       allowPrivilegeEscalation: false
release	shift-left offline proof (release gate)	2026-10-04T07:52:38.1516984Z       capabilities:
release	shift-left offline proof (release gate)	2026-10-04T07:52:38.1517088Z         drop:
release	shift-left offline proof (release gate)	2026-10-04T07:52:38.1517201Z         - ALL
release	shift-left offline proof (release gate)	2026-10-04T07:52:38.1517302Z       privileged: false
release	shift-left offline proof (release gate)	2026-10-04T07:52:38.1517482Z       readOnlyRootFilesystem: true
release	shift-left offline proof (release gate)	2026-10-04T07:52:38.1517688Z       runAsNonRoot: true
release	shift-left offline proof (release gate)	2026-10-04T07:52:38.1517875Z   - image: ghcr.io/acme/coraza-waf:cage
release	shift-left offline proof (release gate)	2026-10-04T07:52:38.1518087Z     name: waf-sidecar
release	shift-left offline proof (release gate)	2026-10-04T07:52:38.1518249Z     resources:
release	shift-left offline proof (release gate)	2026-10-04T07:52:38.1518396Z       limits:
release	shift-left offline proof (release gate)	2026-10-04T07:52:38.1518548Z         cpu: 250m
release	shift-left offline proof (release gate)	2026-10-04T07:52:38.1518710Z         memory: 256Mi
release	shift-left offline proof (release gate)	2026-10-04T07:52:38.1518990Z     securityContext:
release	shift-left offline proof (release gate)	2026-10-04T07:52:38.1519201Z       allowPrivilegeEscalation: false
release	shift-left offline proof (release gate)	2026-10-04T07:52:38.1519503Z       capabilities:
release	shift-left offline proof (release gate)	2026-10-04T07:52:38.1519732Z         drop:
release	shift-left offline proof (release gate)	2026-10-04T07:52:38.1519965Z         - ALL
release	shift-left offline proof (release gate)	2026-10-04T07:52:38.1520198Z       privileged: false
release	shift-left offline proof (release gate)	2026-10-04T07:52:38.1520406Z       readOnlyRootFilesystem: true
release	shift-left offline proof (release gate)	2026-10-04T07:52:38.1520616Z       runAsNonRoot: true
release	shift-left offline proof (release gate)	2026-10-04T07:52:38.1520797Z   hostIPC: false
release	shift-left offline proof (release gate)	2026-10-04T07:52:38.1520960Z   hostNetwork: false
release	shift-left offline proof (release gate)	2026-10-04T07:52:38.1521128Z   hostPID: false
release	shift-left offline proof (release gate)	2026-10-04T07:52:38.1521298Z   preemptionPolicy: Never
release	shift-left offline proof (release gate)	2026-10-04T07:52:38.1521462Z   priority: -10000
release	shift-left offline proof (release gate)	2026-10-04T07:52:38.1521587Z   priorityClassName: cage-isolated-5-0-0
release	shift-left offline proof (release gate)	2026-10-04T07:52:38.1521809Z   securityContext:
release	shift-left offline proof (release gate)	2026-10-04T07:52:38.1521976Z     runAsNonRoot: true
release	shift-left offline proof (release gate)	2026-10-04T07:52:38.1522081Z 
release	shift-left offline proof (release gate)	2026-10-04T07:52:38.1522144Z ---
release	shift-left offline proof (release gate)	2026-10-04T07:52:38.1522225Z 
release	shift-left offline proof (release gate)	2026-10-04T07:52:38.1522232Z 
release	shift-left offline proof (release gate)	2026-10-04T07:52:38.1522293Z Mutation:
release	shift-left offline proof (release gate)	2026-10-04T07:52:38.1522464Z Mutation has been applied successfully.
release	shift-left offline proof (release gate)	2026-10-04T07:52:38.1522753Z policy stamp-posture-5-0-0 applied to default/Pod/checkout-svc:
release	shift-left offline proof (release gate)	2026-10-04T07:52:38.1523039Z apiVersion: v1
release	shift-left offline proof (release gate)	2026-10-04T07:52:38.1523192Z kind: Pod
release	shift-left offline proof (release gate)	2026-10-04T07:52:38.1523340Z metadata:
release	shift-left offline proof (release gate)	2026-10-04T07:52:38.1523484Z   labels:
release	shift-left offline proof (release gate)	2026-10-04T07:52:38.1523667Z     policy-as-versioned.dev/policy-version: 5.0.0
release	shift-left offline proof (release gate)	2026-10-04T07:52:38.1523929Z     posture.acme.io/caged: "true"
release	shift-left offline proof (release gate)	2026-10-04T07:52:38.1524267Z     posture.acme.io/tier: isolated
release	shift-left offline proof (release gate)	2026-10-04T07:52:38.1524484Z     posture.acme.io/version: 5.0.0
release	shift-left offline proof (release gate)	2026-10-04T07:52:38.1524682Z   name: checkout-svc
release	shift-left offline proof (release gate)	2026-10-04T07:52:38.1524853Z   namespace: default
release	shift-left offline proof (release gate)	2026-10-04T07:52:38.1525023Z spec:
release	shift-left offline proof (release gate)	2026-10-04T07:52:38.1525171Z   containers:
release	shift-left offline proof (release gate)	2026-10-04T07:52:38.1525333Z   - image: nginx
release	shift-left offline proof (release gate)	2026-10-04T07:52:38.1525491Z     name: c
release	shift-left offline proof (release gate)	2026-10-04T07:52:38.1525640Z     resources:
release	shift-left offline proof (release gate)	2026-10-04T07:52:38.1525793Z       limits:
release	shift-left offline proof (release gate)	2026-10-04T07:52:38.1525949Z         cpu: 100m
release	shift-left offline proof (release gate)	2026-10-04T07:52:38.1526110Z         memory: 64Mi
release	shift-left offline proof (release gate)	2026-10-04T07:52:38.1526471Z     securityContext:
release	shift-left offline proof (release gate)	2026-10-04T07:52:38.1526664Z       allowPrivilegeEscalation: false
release	shift-left offline proof (release gate)	2026-10-04T07:52:38.1526877Z       capabilities:
release	shift-left offline proof (release gate)	2026-10-04T07:52:38.1527038Z         drop:
release	shift-left offline proof (release gate)	2026-10-04T07:52:38.1527189Z         - ALL
release	shift-left offline proof (release gate)	2026-10-04T07:52:38.1527350Z       privileged: false
release	shift-left offline proof (release gate)	2026-10-04T07:52:38.1527543Z       readOnlyRootFilesystem: true
release	shift-left offline proof (release gate)	2026-10-04T07:52:38.1527753Z       runAsNonRoot: true
release	shift-left offline proof (release gate)	2026-10-04T07:52:38.1527949Z   - image: ghcr.io/acme/coraza-waf:cage
release	shift-left offline proof (release gate)	2026-10-04T07:52:38.1528172Z     name: waf-sidecar
release	shift-left offline proof (release gate)	2026-10-04T07:52:38.1528338Z     resources:
release	shift-left offline proof (release gate)	2026-10-04T07:52:38.1528489Z       limits:
release	shift-left offline proof (release gate)	2026-10-04T07:52:38.1528638Z         cpu: 250m
release	shift-left offline proof (release gate)	2026-10-04T07:52:38.1528799Z         memory: 256Mi
release	shift-left offline proof (release gate)	2026-10-04T07:52:38.1529109Z     securityContext:
release	shift-left offline proof (release gate)	2026-10-04T07:52:38.1529399Z       allowPrivilegeEscalation: false
release	shift-left offline proof (release gate)	2026-10-04T07:52:38.1529606Z       capabilities:
release	shift-left offline proof (release gate)	2026-10-04T07:52:38.1529764Z         drop:
release	shift-left offline proof (release gate)	2026-10-04T07:52:38.1529910Z         - ALL
release	shift-left offline proof (release gate)	2026-10-04T07:52:38.1530070Z       privileged: false
release	shift-left offline proof (release gate)	2026-10-04T07:52:38.1530272Z       readOnlyRootFilesystem: true
release	shift-left offline proof (release gate)	2026-10-04T07:52:38.1530479Z       runAsNonRoot: true
release	shift-left offline proof (release gate)	2026-10-04T07:52:38.1530655Z   hostIPC: false
release	shift-left offline proof (release gate)	2026-10-04T07:52:38.1530817Z   hostNetwork: false
release	shift-left offline proof (release gate)	2026-10-04T07:52:38.1530983Z   hostPID: false
release	shift-left offline proof (release gate)	2026-10-04T07:52:38.1531158Z   preemptionPolicy: Never
release	shift-left offline proof (release gate)	2026-10-04T07:52:38.1531354Z   priority: -10000
release	shift-left offline proof (release gate)	2026-10-04T07:52:38.1531546Z   priorityClassName: cage-isolated-5-0-0
release	shift-left offline proof (release gate)	2026-10-04T07:52:38.1531772Z   securityContext:
release	shift-left offline proof (release gate)	2026-10-04T07:52:38.1531945Z     runAsNonRoot: true
release	shift-left offline proof (release gate)	2026-10-04T07:52:38.1532055Z 
release	shift-left offline proof (release gate)	2026-10-04T07:52:38.1532117Z ---
release	shift-left offline proof (release gate)	2026-10-04T07:52:38.1532201Z 
release	shift-left offline proof (release gate)	2026-10-04T07:52:38.1532204Z 
release	shift-left offline proof (release gate)	2026-10-04T07:52:38.1532269Z Mutation:
release	shift-left offline proof (release gate)	2026-10-04T07:52:38.1532442Z Mutation has been applied successfully.
release	shift-left offline proof (release gate)	2026-10-04T07:52:38.1532740Z policy cage-netpol-5-0-0 applied to default/Pod/checkout-svc:
release	shift-left offline proof (release gate)	2026-10-04T07:52:38.1533038Z apiVersion: networking.k8s.io/v1
release	shift-left offline proof (release gate)	2026-10-04T07:52:38.1533245Z kind: NetworkPolicy
release	shift-left offline proof (release gate)	2026-10-04T07:52:38.1533408Z metadata:
release	shift-left offline proof (release gate)	2026-10-04T07:52:38.1533555Z   labels:
release	shift-left offline proof (release gate)	2026-10-04T07:52:38.1533722Z     app.kubernetes.io/managed-by: kyverno
release	shift-left offline proof (release gate)	2026-10-04T07:52:38.1533956Z     posture.acme.io/cage: reach
release	shift-left offline proof (release gate)	2026-10-04T07:52:38.1534170Z     posture.acme.io/tier: restricted
release	shift-left offline proof (release gate)	2026-10-04T07:52:38.1534395Z   name: cage-reach-restricted
release	shift-left offline proof (release gate)	2026-10-04T07:52:38.1534596Z   namespace: default
release	shift-left offline proof (release gate)	2026-10-04T07:52:38.1534762Z spec:
release	shift-left offline proof (release gate)	2026-10-04T07:52:38.1534904Z   egress:
release	shift-left offline proof (release gate)	2026-10-04T07:52:38.1535048Z   - ports:
release	shift-left offline proof (release gate)	2026-10-04T07:52:38.1535201Z     - port: 53
release	shift-left offline proof (release gate)	2026-10-04T07:52:38.1535367Z       protocol: UDP
release	shift-left offline proof (release gate)	2026-10-04T07:52:38.1535528Z     to:
release	shift-left offline proof (release gate)	2026-10-04T07:52:38.1535685Z     - namespaceSelector:
release	shift-left offline proof (release gate)	2026-10-04T07:52:38.1535870Z         matchLabels:
release	shift-left offline proof (release gate)	2026-10-04T07:52:38.1536068Z           kubernetes.io/metadata.name: kube-system
release	shift-left offline proof (release gate)	2026-10-04T07:52:38.1536304Z   ingress:
release	shift-left offline proof (release gate)	2026-10-04T07:52:38.1536455Z   - from:
release	shift-left offline proof (release gate)	2026-10-04T07:52:38.1536610Z     - podSelector: {}
release	shift-left offline proof (release gate)	2026-10-04T07:52:38.1536784Z   podSelector:
release	shift-left offline proof (release gate)	2026-10-04T07:52:38.1536945Z     matchLabels:
release	shift-left offline proof (release gate)	2026-10-04T07:52:38.1537127Z       posture.acme.io/caged: "true"
release	shift-left offline proof (release gate)	2026-10-04T07:52:38.1537354Z       posture.acme.io/tier: restricted
release	shift-left offline proof (release gate)	2026-10-04T07:52:38.1537563Z   policyTypes:
release	shift-left offline proof (release gate)	2026-10-04T07:52:38.1537721Z   - Ingress
release	shift-left offline proof (release gate)	2026-10-04T07:52:38.1537870Z   - Egress
release	shift-left offline proof (release gate)	2026-10-04T07:52:38.1537962Z 
release	shift-left offline proof (release gate)	2026-10-04T07:52:38.1538020Z ---
release	shift-left offline proof (release gate)	2026-10-04T07:52:38.1538105Z 
release	shift-left offline proof (release gate)	2026-10-04T07:52:38.1538108Z 
release	shift-left offline proof (release gate)	2026-10-04T07:52:38.1538170Z Generate:
release	shift-left offline proof (release gate)	2026-10-04T07:52:38.1538341Z Generation completed successfully.
release	shift-left offline proof (release gate)	2026-10-04T07:52:38.1538617Z policy cage-netpol-5-0-0 applied to default/Pod/checkout-svc:
release	shift-left offline proof (release gate)	2026-10-04T07:52:38.1539022Z apiVersion: networking.k8s.io/v1
release	shift-left offline proof (release gate)	2026-10-04T07:52:38.1539229Z kind: NetworkPolicy
release	shift-left offline proof (release gate)	2026-10-04T07:52:38.1539391Z metadata:
release	shift-left offline proof (release gate)	2026-10-04T07:52:38.1539535Z   labels:
release	shift-left offline proof (release gate)	2026-10-04T07:52:38.1539699Z     app.kubernetes.io/managed-by: kyverno
release	shift-left offline proof (release gate)	2026-10-04T07:52:38.1539934Z     posture.acme.io/cage: reach
release	shift-left offline proof (release gate)	2026-10-04T07:52:38.1540142Z     posture.acme.io/tier: quarantine
release	shift-left offline proof (release gate)	2026-10-04T07:52:38.1540364Z   name: cage-reach-quarantine
release	shift-left offline proof (release gate)	2026-10-04T07:52:38.1540702Z   namespace: default
release	shift-left offline proof (release gate)	2026-10-04T07:52:38.1540870Z spec:
release	shift-left offline proof (release gate)	2026-10-04T07:52:38.1541016Z   egress:
release	shift-left offline proof (release gate)	2026-10-04T07:52:38.1541160Z   - ports:
release	shift-left offline proof (release gate)	2026-10-04T07:52:38.1541309Z     - port: 53
release	shift-left offline proof (release gate)	2026-10-04T07:52:38.1541469Z       protocol: UDP
release	shift-left offline proof (release gate)	2026-10-04T07:52:38.1541631Z     to:
release	shift-left offline proof (release gate)	2026-10-04T07:52:38.1541788Z     - namespaceSelector:
release	shift-left offline proof (release gate)	2026-10-04T07:52:38.1541972Z         matchLabels:
release	shift-left offline proof (release gate)	2026-10-04T07:52:38.1542174Z           kubernetes.io/metadata.name: kube-system
release	shift-left offline proof (release gate)	2026-10-04T07:52:38.1542406Z   ingress:
release	shift-left offline proof (release gate)	2026-10-04T07:52:38.1542554Z   - from:
release	shift-left offline proof (release gate)	2026-10-04T07:52:38.1542702Z     - podSelector: {}
release	shift-left offline proof (release gate)	2026-10-04T07:52:38.1542873Z   podSelector:
release	shift-left offline proof (release gate)	2026-10-04T07:52:38.1543029Z     matchLabels:
release	shift-left offline proof (release gate)	2026-10-04T07:52:38.1543204Z       posture.acme.io/caged: "true"
release	shift-left offline proof (release gate)	2026-10-04T07:52:38.1543424Z       posture.acme.io/tier: quarantine
release	shift-left offline proof (release gate)	2026-10-04T07:52:38.1543744Z   policyTypes:
release	shift-left offline proof (release gate)	2026-10-04T07:52:38.1543904Z   - Ingress
release	shift-left offline proof (release gate)	2026-10-04T07:52:38.1544054Z   - Egress
release	shift-left offline proof (release gate)	2026-10-04T07:52:38.1544143Z 
release	shift-left offline proof (release gate)	2026-10-04T07:52:38.1544203Z ---
release	shift-left offline proof (release gate)	2026-10-04T07:52:38.1544290Z 
release	shift-left offline proof (release gate)	2026-10-04T07:52:38.1544296Z 
release	shift-left offline proof (release gate)	2026-10-04T07:52:38.1544357Z Generate:
release	shift-left offline proof (release gate)	2026-10-04T07:52:38.1544525Z Generation completed successfully.
release	shift-left offline proof (release gate)	2026-10-04T07:52:38.1544806Z policy cage-netpol-5-0-0 applied to default/Pod/checkout-svc:
release	shift-left offline proof (release gate)	2026-10-04T07:52:38.1545109Z apiVersion: networking.k8s.io/v1
release	shift-left offline proof (release gate)	2026-10-04T07:52:38.1545318Z kind: NetworkPolicy
release	shift-left offline proof (release gate)	2026-10-04T07:52:38.1545489Z metadata:
release	shift-left offline proof (release gate)	2026-10-04T07:52:38.1545636Z   labels:
release	shift-left offline proof (release gate)	2026-10-04T07:52:38.1545807Z     app.kubernetes.io/managed-by: kyverno
release	shift-left offline proof (release gate)	2026-10-04T07:52:38.1546043Z     posture.acme.io/cage: reach
release	shift-left offline proof (release gate)	2026-10-04T07:52:38.1546254Z     posture.acme.io/tier: isolated
release	shift-left offline proof (release gate)	2026-10-04T07:52:38.1546470Z   name: cage-reach-isolated
release	shift-left offline proof (release gate)	2026-10-04T07:52:38.1546666Z   namespace: default
release	shift-left offline proof (release gate)	2026-10-04T07:52:38.1546831Z spec:
release	shift-left offline proof (release gate)	2026-10-04T07:52:38.1546980Z   egress: []
release	shift-left offline proof (release gate)	2026-10-04T07:52:38.1547145Z   ingress: []
release	shift-left offline proof (release gate)	2026-10-04T07:52:38.1547304Z   podSelector:
release	shift-left offline proof (release gate)	2026-10-04T07:52:38.1547462Z     matchLabels:
release	shift-left offline proof (release gate)	2026-10-04T07:52:38.1547637Z       posture.acme.io/caged: "true"
release	shift-left offline proof (release gate)	2026-10-04T07:52:38.1547858Z       posture.acme.io/tier: isolated
release	shift-left offline proof (release gate)	2026-10-04T07:52:38.1548071Z   policyTypes:
release	shift-left offline proof (release gate)	2026-10-04T07:52:38.1548229Z   - Ingress
release	shift-left offline proof (release gate)	2026-10-04T07:52:38.1548379Z   - Egress
release	shift-left offline proof (release gate)	2026-10-04T07:52:38.1548468Z 
release	shift-left offline proof (release gate)	2026-10-04T07:52:38.1548526Z ---
release	shift-left offline proof (release gate)	2026-10-04T07:52:38.1548609Z 
release	shift-left offline proof (release gate)	2026-10-04T07:52:38.1548613Z 
release	shift-left offline proof (release gate)	2026-10-04T07:52:38.1548675Z Generate:
release	shift-left offline proof (release gate)	2026-10-04T07:52:38.1548844Z Generation completed successfully.
release	shift-left offline proof (release gate)	2026-10-04T07:52:38.1549185Z pass: 7, fail: 0, warn: 0, error: 0, skip: 0
release	shift-left offline proof (release gate)	2026-10-04T07:52:38.1549345Z 
release	shift-left offline proof (release gate)	2026-10-04T07:52:38.1549792Z shift-left: fixtures/workload-flip.yaml is compliant on kyverno 1.18.2 across the line(s) of its window that support it ['5.0.0']; unsupported pairing(s), not run and not passed: v4.0.0
release	shift-left offline proof (release gate)	2026-10-04T07:52:38.1550424Z ok  a neighbour with no tested_engines (exit 0)
release	shift-left offline proof (release gate)	2026-10-04T07:52:38.1550602Z 
release	shift-left offline proof (release gate)	2026-10-04T07:52:38.1550767Z == a CLI that reports another version than the declared engine could not look ==
release	shift-left offline proof (release gate)	2026-10-04T07:52:38.2488807Z fixtures/workload-compliant.yaml: targets 5.0.0, checking supported window ['4.0.0', '5.0.0']
release	shift-left offline proof (release gate)	2026-10-04T07:52:38.2489520Z declared engine: kyverno 1.19.1 (read from /tmp/tmp.6daNw5gVjQ/decl-1.19.1.yaml, --engine-declaration /tmp/tmp.6daNw5gVjQ/decl-1.19.1.yaml)
release	shift-left offline proof (release gate)	2026-10-04T07:52:38.2490145Z UNSUPPORTED PAIRING @ v4.0.0: kyverno 1.19.1 is not a supported engine of v4.0.0 (tested_engines ['1.18.2']); not run, so neither a compile error nor a pass
release	shift-left offline proof (release gate)	2026-10-04T07:52:38.2490733Z COULD NOT LOOK: the kyverno CLI on PATH reports 1.18.2, and the declared engine is 1.19.1; a line run on another engine would measure a pairing nobody declared
release	shift-left offline proof (release gate)	2026-10-04T07:52:38.2511564Z ok  a CLI of another version (exit 3)
release	shift-left offline proof (release gate)	2026-10-04T07:52:38.2511712Z 
release	shift-left offline proof (release gate)	2026-10-04T07:52:38.2511861Z == an adopter's own repository declares the engine, and the check finds it with no flag ==
release	shift-left offline proof (release gate)	2026-10-04T07:52:38.9301222Z /tmp/tmp.6daNw5gVjQ/adopter/deploy/pod.yaml: targets 5.0.0, checking supported window ['5.0.0', '6.0.0']
release	shift-left offline proof (release gate)	2026-10-04T07:52:38.9302313Z declared engine: kyverno 1.18.2 (read from /tmp/tmp.6daNw5gVjQ/adopter/gitops/engine/kyverno.yaml, the top of adopter, the repository /tmp/tmp.6daNw5gVjQ/adopter/deploy/pod.yaml belongs to)
release	shift-left offline proof (release gate)	2026-10-04T07:52:38.9303360Z --- kyverno apply @ v5.0.0 ---
release	shift-left offline proof (release gate)	2026-10-04T07:52:38.9303609Z Applying 5 policy rule(s) to 1 resource(s)...
release	shift-left offline proof (release gate)	2026-10-04T07:52:38.9303787Z 
release	shift-left offline proof (release gate)	2026-10-04T07:52:38.9303936Z policy cage-tier-5-0-0 applied to default/Pod/checkout-svc:
release	shift-left offline proof (release gate)	2026-10-04T07:52:38.9304221Z apiVersion: v1
release	shift-left offline proof (release gate)	2026-10-04T07:52:38.9304386Z kind: Pod
release	shift-left offline proof (release gate)	2026-10-04T07:52:38.9304543Z metadata:
release	shift-left offline proof (release gate)	2026-10-04T07:52:38.9304694Z   labels:
release	shift-left offline proof (release gate)	2026-10-04T07:52:38.9304893Z     policy-as-versioned.dev/policy-version: 5.0.0
release	shift-left offline proof (release gate)	2026-10-04T07:52:38.9305158Z     posture.acme.io/caged: "true"
release	shift-left offline proof (release gate)	2026-10-04T07:52:38.9305382Z     posture.acme.io/tier: isolated
release	shift-left offline proof (release gate)	2026-10-04T07:52:38.9305598Z     posture.acme.io/version: 5.0.0
release	shift-left offline proof (release gate)	2026-10-04T07:52:38.9306300Z   name: checkout-svc
release	shift-left offline proof (release gate)	2026-10-04T07:52:38.9306488Z   namespace: default
release	shift-left offline proof (release gate)	2026-10-04T07:52:38.9306693Z spec:
release	shift-left offline proof (release gate)	2026-10-04T07:52:38.9306857Z   containers:
release	shift-left offline proof (release gate)	2026-10-04T07:52:38.9307031Z   - image: nginx
release	shift-left offline proof (release gate)	2026-10-04T07:52:38.9307212Z     name: c
release	shift-left offline proof (release gate)	2026-10-04T07:52:38.9307374Z     resources:
release	shift-left offline proof (release gate)	2026-10-04T07:52:38.9307542Z       limits:
release	shift-left offline proof (release gate)	2026-10-04T07:52:38.9307708Z         cpu: 100m
release	shift-left offline proof (release gate)	2026-10-04T07:52:38.9307888Z         memory: 64Mi
release	shift-left offline proof (release gate)	2026-10-04T07:52:38.9308072Z     securityContext:
release	shift-left offline proof (release gate)	2026-10-04T07:52:38.9308277Z       allowPrivilegeEscalation: false
release	shift-left offline proof (release gate)	2026-10-04T07:52:38.9308511Z       capabilities:
release	shift-left offline proof (release gate)	2026-10-04T07:52:38.9308687Z         drop:
release	shift-left offline proof (release gate)	2026-10-04T07:52:38.9308852Z         - ALL
release	shift-left offline proof (release gate)	2026-10-04T07:52:38.9309164Z       privileged: false
release	shift-left offline proof (release gate)	2026-10-04T07:52:38.9309373Z       readOnlyRootFilesystem: true
release	shift-left offline proof (release gate)	2026-10-04T07:52:38.9309603Z       runAsNonRoot: true
release	shift-left offline proof (release gate)	2026-10-04T07:52:38.9309818Z   - image: ghcr.io/acme/coraza-waf:cage
release	shift-left offline proof (release gate)	2026-10-04T07:52:38.9310059Z     name: waf-sidecar
release	shift-left offline proof (release gate)	2026-10-04T07:52:38.9310237Z     resources:
release	shift-left offline proof (release gate)	2026-10-04T07:52:38.9310416Z       limits:
release	shift-left offline proof (release gate)	2026-10-04T07:52:38.9310580Z         cpu: 250m
release	shift-left offline proof (release gate)	2026-10-04T07:52:38.9310753Z         memory: 256Mi
release	shift-left offline proof (release gate)	2026-10-04T07:52:38.9310937Z     securityContext:
release	shift-left offline proof (release gate)	2026-10-04T07:52:38.9311144Z       allowPrivilegeEscalation: false
release	shift-left offline proof (release gate)	2026-10-04T07:52:38.9311378Z       capabilities:
release	shift-left offline proof (release gate)	2026-10-04T07:52:38.9311515Z         drop:
release	shift-left offline proof (release gate)	2026-10-04T07:52:38.9311624Z         - ALL
release	shift-left offline proof (release gate)	2026-10-04T07:52:38.9311738Z       privileged: false
release	shift-left offline proof (release gate)	2026-10-04T07:52:38.9311874Z       readOnlyRootFilesystem: true
release	shift-left offline proof (release gate)	2026-10-04T07:52:38.9312021Z       runAsNonRoot: true
release	shift-left offline proof (release gate)	2026-10-04T07:52:38.9312147Z   hostIPC: false
release	shift-left offline proof (release gate)	2026-10-04T07:52:38.9312265Z   hostNetwork: false
release	shift-left offline proof (release gate)	2026-10-04T07:52:38.9312381Z   hostPID: false
release	shift-left offline proof (release gate)	2026-10-04T07:52:38.9312502Z   preemptionPolicy: Never
release	shift-left offline proof (release gate)	2026-10-04T07:52:38.9312634Z   priority: -10000
release	shift-left offline proof (release gate)	2026-10-04T07:52:38.9312770Z   priorityClassName: cage-isolated-5-0-0
release	shift-left offline proof (release gate)	2026-10-04T07:52:38.9312924Z   securityContext:
release	shift-left offline proof (release gate)	2026-10-04T07:52:38.9313041Z     runAsNonRoot: true
release	shift-left offline proof (release gate)	2026-10-04T07:52:38.9313119Z 
release	shift-left offline proof (release gate)	2026-10-04T07:52:38.9313166Z ---
release	shift-left offline proof (release gate)	2026-10-04T07:52:38.9313226Z 
release	shift-left offline proof (release gate)	2026-10-04T07:52:38.9313228Z 
release	shift-left offline proof (release gate)	2026-10-04T07:52:38.9313273Z Mutation:
release	shift-left offline proof (release gate)	2026-10-04T07:52:38.9313394Z Mutation has been applied successfully.
release	shift-left offline proof (release gate)	2026-10-04T07:52:38.9313596Z policy cage-tier-5-0-0 applied to default/Pod/checkout-svc:
release	shift-left offline proof (release gate)	2026-10-04T07:52:38.9313788Z apiVersion: v1
release	shift-left offline proof (release gate)	2026-10-04T07:52:38.9313898Z kind: Pod
release	shift-left offline proof (release gate)	2026-10-04T07:52:38.9314001Z metadata:
release	shift-left offline proof (release gate)	2026-10-04T07:52:38.9314170Z   labels:
release	shift-left offline proof (release gate)	2026-10-04T07:52:38.9314370Z     policy-as-versioned.dev/policy-version: 5.0.0
release	shift-left offline proof (release gate)	2026-10-04T07:52:38.9314645Z     posture.acme.io/caged: "true"
release	shift-left offline proof (release gate)	2026-10-04T07:52:38.9314878Z     posture.acme.io/tier: isolated
release	shift-left offline proof (release gate)	2026-10-04T07:52:38.9315113Z     posture.acme.io/version: 5.0.0
release	shift-left offline proof (release gate)	2026-10-04T07:52:38.9315340Z   name: checkout-svc
release	shift-left offline proof (release gate)	2026-10-04T07:52:38.9315561Z   namespace: default
release	shift-left offline proof (release gate)	2026-10-04T07:52:38.9315784Z spec:
release	shift-left offline proof (release gate)	2026-10-04T07:52:38.9316027Z   containers:
release	shift-left offline proof (release gate)	2026-10-04T07:52:38.9316280Z   - image: nginx
release	shift-left offline proof (release gate)	2026-10-04T07:52:38.9316518Z     name: c
release	shift-left offline proof (release gate)	2026-10-04T07:52:38.9316682Z     resources:
release	shift-left offline proof (release gate)	2026-10-04T07:52:38.9316800Z       limits:
release	shift-left offline proof (release gate)	2026-10-04T07:52:38.9316906Z         cpu: 100m
release	shift-left offline proof (release gate)	2026-10-04T07:52:38.9317020Z         memory: 64Mi
release	shift-left offline proof (release gate)	2026-10-04T07:52:38.9317138Z     securityContext:
release	shift-left offline proof (release gate)	2026-10-04T07:52:38.9317270Z       allowPrivilegeEscalation: false
release	shift-left offline proof (release gate)	2026-10-04T07:52:38.9317721Z       capabilities:
release	shift-left offline proof (release gate)	2026-10-04T07:52:38.9317889Z         drop:
release	shift-left offline proof (release gate)	2026-10-04T07:52:38.9318049Z         - ALL
release	shift-left offline proof (release gate)	2026-10-04T07:52:38.9318223Z       privileged: false
release	shift-left offline proof (release gate)	2026-10-04T07:52:38.9318427Z       readOnlyRootFilesystem: true
release	shift-left offline proof (release gate)	2026-10-04T07:52:38.9318650Z       runAsNonRoot: true
release	shift-left offline proof (release gate)	2026-10-04T07:52:38.9318988Z   - image: ghcr.io/acme/coraza-waf:cage
release	shift-left offline proof (release gate)	2026-10-04T07:52:38.9319223Z     name: waf-sidecar
release	shift-left offline proof (release gate)	2026-10-04T07:52:38.9319401Z     resources:
release	shift-left offline proof (release gate)	2026-10-04T07:52:38.9319566Z       limits:
release	shift-left offline proof (release gate)	2026-10-04T07:52:38.9319728Z         cpu: 250m
release	shift-left offline proof (release gate)	2026-10-04T07:52:38.9319901Z         memory: 256Mi
release	shift-left offline proof (release gate)	2026-10-04T07:52:38.9320085Z     securityContext:
release	shift-left offline proof (release gate)	2026-10-04T07:52:38.9320288Z       allowPrivilegeEscalation: false
release	shift-left offline proof (release gate)	2026-10-04T07:52:38.9320528Z       capabilities:
release	shift-left offline proof (release gate)	2026-10-04T07:52:38.9320880Z         drop:
release	shift-left offline proof (release gate)	2026-10-04T07:52:38.9321043Z         - ALL
release	shift-left offline proof (release gate)	2026-10-04T07:52:38.9321214Z       privileged: false
release	shift-left offline proof (release gate)	2026-10-04T07:52:38.9321407Z       readOnlyRootFilesystem: true
release	shift-left offline proof (release gate)	2026-10-04T07:52:38.9321563Z       runAsNonRoot: true
release	shift-left offline proof (release gate)	2026-10-04T07:52:38.9321691Z   hostIPC: false
release	shift-left offline proof (release gate)	2026-10-04T07:52:38.9321805Z   hostNetwork: false
release	shift-left offline proof (release gate)	2026-10-04T07:52:38.9321922Z   hostPID: false
release	shift-left offline proof (release gate)	2026-10-04T07:52:38.9322041Z   preemptionPolicy: Never
release	shift-left offline proof (release gate)	2026-10-04T07:52:38.9322175Z   priority: -10000
release	shift-left offline proof (release gate)	2026-10-04T07:52:38.9322310Z   priorityClassName: cage-isolated-5-0-0
release	shift-left offline proof (release gate)	2026-10-04T07:52:38.9322469Z   securityContext:
release	shift-left offline proof (release gate)	2026-10-04T07:52:38.9322586Z     runAsNonRoot: true
release	shift-left offline proof (release gate)	2026-10-04T07:52:38.9322662Z 
release	shift-left offline proof (release gate)	2026-10-04T07:52:38.9322708Z ---
release	shift-left offline proof (release gate)	2026-10-04T07:52:38.9322766Z 
release	shift-left offline proof (release gate)	2026-10-04T07:52:38.9322768Z 
release	shift-left offline proof (release gate)	2026-10-04T07:52:38.9322815Z Mutation:
release	shift-left offline proof (release gate)	2026-10-04T07:52:38.9322936Z Mutation has been applied successfully.
release	shift-left offline proof (release gate)	2026-10-04T07:52:38.9323143Z policy stamp-posture-5-0-0 applied to default/Pod/checkout-svc:
release	shift-left offline proof (release gate)	2026-10-04T07:52:38.9323348Z apiVersion: v1
release	shift-left offline proof (release gate)	2026-10-04T07:52:38.9323456Z kind: Pod
release	shift-left offline proof (release gate)	2026-10-04T07:52:38.9323558Z metadata:
release	shift-left offline proof (release gate)	2026-10-04T07:52:38.9323656Z   labels:
release	shift-left offline proof (release gate)	2026-10-04T07:52:38.9323787Z     policy-as-versioned.dev/policy-version: 5.0.0
release	shift-left offline proof (release gate)	2026-10-04T07:52:38.9323975Z     posture.acme.io/caged: "true"
release	shift-left offline proof (release gate)	2026-10-04T07:52:38.9324127Z     posture.acme.io/tier: isolated
release	shift-left offline proof (release gate)	2026-10-04T07:52:38.9324277Z     posture.acme.io/version: 5.0.0
release	shift-left offline proof (release gate)	2026-10-04T07:52:38.9324418Z   name: checkout-svc
release	shift-left offline proof (release gate)	2026-10-04T07:52:38.9324542Z   namespace: default
release	shift-left offline proof (release gate)	2026-10-04T07:52:38.9324768Z spec:
release	shift-left offline proof (release gate)	2026-10-04T07:52:38.9324872Z   containers:
release	shift-left offline proof (release gate)	2026-10-04T07:52:38.9324983Z   - image: nginx
release	shift-left offline proof (release gate)	2026-10-04T07:52:38.9325095Z     name: c
release	shift-left offline proof (release gate)	2026-10-04T07:52:38.9325199Z     resources:
release	shift-left offline proof (release gate)	2026-10-04T07:52:38.9325306Z       limits:
release	shift-left offline proof (release gate)	2026-10-04T07:52:38.9325416Z         cpu: 100m
release	shift-left offline proof (release gate)	2026-10-04T07:52:38.9325529Z         memory: 64Mi
release	shift-left offline proof (release gate)	2026-10-04T07:52:38.9325648Z     securityContext:
release	shift-left offline proof (release gate)	2026-10-04T07:52:38.9325780Z       allowPrivilegeEscalation: false
release	shift-left offline proof (release gate)	2026-10-04T07:52:38.9325930Z       capabilities:
release	shift-left offline proof (release gate)	2026-10-04T07:52:38.9326051Z         drop:
release	shift-left offline proof (release gate)	2026-10-04T07:52:38.9326158Z         - ALL
release	shift-left offline proof (release gate)	2026-10-04T07:52:38.9326270Z       privileged: false
release	shift-left offline proof (release gate)	2026-10-04T07:52:38.9326404Z       readOnlyRootFilesystem: true
release	shift-left offline proof (release gate)	2026-10-04T07:52:38.9326552Z       runAsNonRoot: true
release	shift-left offline proof (release gate)	2026-10-04T07:52:38.9326767Z   - image: ghcr.io/acme/coraza-waf:cage
release	shift-left offline proof (release gate)	2026-10-04T07:52:38.9327006Z     name: waf-sidecar
release	shift-left offline proof (release gate)	2026-10-04T07:52:38.9327187Z     resources:
release	shift-left offline proof (release gate)	2026-10-04T07:52:38.9327352Z       limits:
release	shift-left offline proof (release gate)	2026-10-04T07:52:38.9327514Z         cpu: 250m
release	shift-left offline proof (release gate)	2026-10-04T07:52:38.9327685Z         memory: 256Mi
release	shift-left offline proof (release gate)	2026-10-04T07:52:38.9327866Z     securityContext:
release	shift-left offline proof (release gate)	2026-10-04T07:52:38.9328063Z       allowPrivilegeEscalation: false
release	shift-left offline proof (release gate)	2026-10-04T07:52:38.9328290Z       capabilities:
release	shift-left offline proof (release gate)	2026-10-04T07:52:38.9328466Z         drop:
release	shift-left offline proof (release gate)	2026-10-04T07:52:38.9328634Z         - ALL
release	shift-left offline proof (release gate)	2026-10-04T07:52:38.9328810Z       privileged: false
release	shift-left offline proof (release gate)	2026-10-04T07:52:38.9329158Z       readOnlyRootFilesystem: true
release	shift-left offline proof (release gate)	2026-10-04T07:52:38.9329429Z       runAsNonRoot: true
release	shift-left offline proof (release gate)	2026-10-04T07:52:38.9329715Z   hostIPC: false
release	shift-left offline proof (release gate)	2026-10-04T07:52:38.9329982Z   hostNetwork: false
release	shift-left offline proof (release gate)	2026-10-04T07:52:38.9330230Z   hostPID: false
release	shift-left offline proof (release gate)	2026-10-04T07:52:38.9330371Z   preemptionPolicy: Never
release	shift-left offline proof (release gate)	2026-10-04T07:52:38.9330504Z   priority: -10000
release	shift-left offline proof (release gate)	2026-10-04T07:52:38.9330769Z   priorityClassName: cage-isolated-5-0-0
release	shift-left offline proof (release gate)	2026-10-04T07:52:38.9330923Z   securityContext:
release	shift-left offline proof (release gate)	2026-10-04T07:52:38.9331042Z     runAsNonRoot: true
release	shift-left offline proof (release gate)	2026-10-04T07:52:38.9331121Z 
release	shift-left offline proof (release gate)	2026-10-04T07:52:38.9331163Z ---
release	shift-left offline proof (release gate)	2026-10-04T07:52:38.9331222Z 
release	shift-left offline proof (release gate)	2026-10-04T07:52:38.9331224Z 
release	shift-left offline proof (release gate)	2026-10-04T07:52:38.9331268Z Mutation:
release	shift-left offline proof (release gate)	2026-10-04T07:52:38.9331391Z Mutation has been applied successfully.
release	shift-left offline proof (release gate)	2026-10-04T07:52:38.9331596Z policy stamp-posture-5-0-0 applied to default/Pod/checkout-svc:
release	shift-left offline proof (release gate)	2026-10-04T07:52:38.9331794Z apiVersion: v1
release	shift-left offline proof (release gate)	2026-10-04T07:52:38.9331905Z kind: Pod
release	shift-left offline proof (release gate)	2026-10-04T07:52:38.9332008Z metadata:
release	shift-left offline proof (release gate)	2026-10-04T07:52:38.9332107Z   labels:
release	shift-left offline proof (release gate)	2026-10-04T07:52:38.9332238Z     policy-as-versioned.dev/policy-version: 5.0.0
release	shift-left offline proof (release gate)	2026-10-04T07:52:38.9332416Z     posture.acme.io/caged: "true"
release	shift-left offline proof (release gate)	2026-10-04T07:52:38.9332672Z     posture.acme.io/tier: isolated
release	shift-left offline proof (release gate)	2026-10-04T07:52:38.9332818Z     posture.acme.io/version: 5.0.0
release	shift-left offline proof (release gate)	2026-10-04T07:52:38.9332957Z   name: checkout-svc
release	shift-left offline proof (release gate)	2026-10-04T07:52:38.9333080Z   namespace: default
release	shift-left offline proof (release gate)	2026-10-04T07:52:38.9333198Z spec:
release	shift-left offline proof (release gate)	2026-10-04T07:52:38.9333298Z   containers:
release	shift-left offline proof (release gate)	2026-10-04T07:52:38.9333407Z   - image: nginx
release	shift-left offline proof (release gate)	2026-10-04T07:52:38.9333517Z     name: c
release	shift-left offline proof (release gate)	2026-10-04T07:52:38.9333621Z     resources:
release	shift-left offline proof (release gate)	2026-10-04T07:52:38.9333728Z       limits:
release	shift-left offline proof (release gate)	2026-10-04T07:52:38.9333832Z         cpu: 100m
release	shift-left offline proof (release gate)	2026-10-04T07:52:38.9333944Z         memory: 64Mi
release	shift-left offline proof (release gate)	2026-10-04T07:52:38.9334072Z     securityContext:
release	shift-left offline proof (release gate)	2026-10-04T07:52:38.9334206Z       allowPrivilegeEscalation: false
release	shift-left offline proof (release gate)	2026-10-04T07:52:38.9334354Z       capabilities:
release	shift-left offline proof (release gate)	2026-10-04T07:52:38.9334471Z         drop:
release	shift-left offline proof (release gate)	2026-10-04T07:52:38.9334575Z         - ALL
release	shift-left offline proof (release gate)	2026-10-04T07:52:38.9334686Z       privileged: false
release	shift-left offline proof (release gate)	2026-10-04T07:52:38.9334818Z       readOnlyRootFilesystem: true
release	shift-left offline proof (release gate)	2026-10-04T07:52:38.9334961Z       runAsNonRoot: true
release	shift-left offline proof (release gate)	2026-10-04T07:52:38.9375965Z   - image: ghcr.io/acme/coraza-waf:cage
release	shift-left offline proof (release gate)	2026-10-04T07:52:38.9376159Z     name: waf-sidecar
release	shift-left offline proof (release gate)	2026-10-04T07:52:38.9376286Z     resources:
release	shift-left offline proof (release gate)	2026-10-04T07:52:38.9376397Z       limits:
release	shift-left offline proof (release gate)	2026-10-04T07:52:38.9376506Z         cpu: 250m
release	shift-left offline proof (release gate)	2026-10-04T07:52:38.9376624Z         memory: 256Mi
release	shift-left offline proof (release gate)	2026-10-04T07:52:38.9376764Z     securityContext:
release	shift-left offline proof (release gate)	2026-10-04T07:52:38.9376922Z       allowPrivilegeEscalation: false
release	shift-left offline proof (release gate)	2026-10-04T07:52:38.9377079Z       capabilities:
release	shift-left offline proof (release gate)	2026-10-04T07:52:38.9377259Z         drop:
release	shift-left offline proof (release gate)	2026-10-04T07:52:38.9377425Z         - ALL
release	shift-left offline proof (release gate)	2026-10-04T07:52:38.9377619Z       privileged: false
release	shift-left offline proof (release gate)	2026-10-04T07:52:38.9377833Z       readOnlyRootFilesystem: true
release	shift-left offline proof (release gate)	2026-10-04T07:52:38.9378067Z       runAsNonRoot: true
release	shift-left offline proof (release gate)	2026-10-04T07:52:38.9378264Z   hostIPC: false
release	shift-left offline proof (release gate)	2026-10-04T07:52:38.9378445Z   hostNetwork: false
release	shift-left offline proof (release gate)	2026-10-04T07:52:38.9378635Z   hostPID: false
release	shift-left offline proof (release gate)	2026-10-04T07:52:38.9378826Z   preemptionPolicy: Never
release	shift-left offline proof (release gate)	2026-10-04T07:52:38.9379169Z   priority: -10000
release	shift-left offline proof (release gate)	2026-10-04T07:52:38.9379390Z   priorityClassName: cage-isolated-5-0-0
release	shift-left offline proof (release gate)	2026-10-04T07:52:38.9379646Z   securityContext:
release	shift-left offline proof (release gate)	2026-10-04T07:52:38.9379834Z     runAsNonRoot: true
release	shift-left offline proof (release gate)	2026-10-04T07:52:38.9379953Z 
release	shift-left offline proof (release gate)	2026-10-04T07:52:38.9380027Z ---
release	shift-left offline proof (release gate)	2026-10-04T07:52:38.9380120Z 
release	shift-left offline proof (release gate)	2026-10-04T07:52:38.9380124Z 
release	shift-left offline proof (release gate)	2026-10-04T07:52:38.9380203Z Mutation:
release	shift-left offline proof (release gate)	2026-10-04T07:52:38.9380397Z Mutation has been applied successfully.
release	shift-left offline proof (release gate)	2026-10-04T07:52:38.9380727Z policy cage-netpol-5-0-0 applied to default/Pod/checkout-svc:
release	shift-left offline proof (release gate)	2026-10-04T07:52:38.9381058Z apiVersion: networking.k8s.io/v1
release	shift-left offline proof (release gate)	2026-10-04T07:52:38.9381295Z kind: NetworkPolicy
release	shift-left offline proof (release gate)	2026-10-04T07:52:38.9381486Z metadata:
release	shift-left offline proof (release gate)	2026-10-04T07:52:38.9381654Z   labels:
release	shift-left offline proof (release gate)	2026-10-04T07:52:38.9381844Z     app.kubernetes.io/managed-by: kyverno
release	shift-left offline proof (release gate)	2026-10-04T07:52:38.9382104Z     posture.acme.io/cage: reach
release	shift-left offline proof (release gate)	2026-10-04T07:52:38.9382343Z     posture.acme.io/tier: restricted
release	shift-left offline proof (release gate)	2026-10-04T07:52:38.9382591Z   name: cage-reach-restricted
release	shift-left offline proof (release gate)	2026-10-04T07:52:38.9382811Z   namespace: default
release	shift-left offline proof (release gate)	2026-10-04T07:52:38.9383000Z spec:
release	shift-left offline proof (release gate)	2026-10-04T07:52:38.9383169Z   egress:
release	shift-left offline proof (release gate)	2026-10-04T07:52:38.9383336Z   - ports:
release	shift-left offline proof (release gate)	2026-10-04T07:52:38.9383511Z     - port: 53
release	shift-left offline proof (release gate)	2026-10-04T07:52:38.9383692Z       protocol: UDP
release	shift-left offline proof (release gate)	2026-10-04T07:52:38.9383873Z     to:
release	shift-left offline proof (release gate)	2026-10-04T07:52:38.9384048Z     - namespaceSelector:
release	shift-left offline proof (release gate)	2026-10-04T07:52:38.9384246Z         matchLabels:
release	shift-left offline proof (release gate)	2026-10-04T07:52:38.9384666Z           kubernetes.io/metadata.name: kube-system
release	shift-left offline proof (release gate)	2026-10-04T07:52:38.9384925Z   ingress:
release	shift-left offline proof (release gate)	2026-10-04T07:52:38.9385089Z   - from:
release	shift-left offline proof (release gate)	2026-10-04T07:52:38.9385291Z     - podSelector: {}
release	shift-left offline proof (release gate)	2026-10-04T07:52:38.9385483Z   podSelector:
release	shift-left offline proof (release gate)	2026-10-04T07:52:38.9385657Z     matchLabels:
release	shift-left offline proof (release gate)	2026-10-04T07:52:38.9385846Z       posture.acme.io/caged: "true"
release	shift-left offline proof (release gate)	2026-10-04T07:52:38.9386078Z       posture.acme.io/tier: restricted
release	shift-left offline proof (release gate)	2026-10-04T07:52:38.9386297Z   policyTypes:
release	shift-left offline proof (release gate)	2026-10-04T07:52:38.9386466Z   - Ingress
release	shift-left offline proof (release gate)	2026-10-04T07:52:38.9386629Z   - Egress
release	shift-left offline proof (release gate)	2026-10-04T07:52:38.9386729Z 
release	shift-left offline proof (release gate)	2026-10-04T07:52:38.9386796Z ---
release	shift-left offline proof (release gate)	2026-10-04T07:52:38.9386884Z 
release	shift-left offline proof (release gate)	2026-10-04T07:52:38.9386888Z 
release	shift-left offline proof (release gate)	2026-10-04T07:52:38.9386954Z Generate:
release	shift-left offline proof (release gate)	2026-10-04T07:52:38.9387133Z Generation completed successfully.
release	shift-left offline proof (release gate)	2026-10-04T07:52:38.9387592Z policy cage-netpol-5-0-0 applied to default/Pod/checkout-svc:
release	shift-left offline proof (release gate)	2026-10-04T07:52:38.9387916Z apiVersion: networking.k8s.io/v1
release	shift-left offline proof (release gate)	2026-10-04T07:52:38.9388141Z kind: NetworkPolicy
release	shift-left offline proof (release gate)	2026-10-04T07:52:38.9388320Z metadata:
release	shift-left offline proof (release gate)	2026-10-04T07:52:38.9388486Z   labels:
release	shift-left offline proof (release gate)	2026-10-04T07:52:38.9388669Z     app.kubernetes.io/managed-by: kyverno
release	shift-left offline proof (release gate)	2026-10-04T07:52:38.9389139Z     posture.acme.io/cage: reach
release	shift-left offline proof (release gate)	2026-10-04T07:52:38.9389371Z     posture.acme.io/tier: quarantine
release	shift-left offline proof (release gate)	2026-10-04T07:52:38.9389617Z   name: cage-reach-quarantine
release	shift-left offline proof (release gate)	2026-10-04T07:52:38.9389835Z   namespace: default
release	shift-left offline proof (release gate)	2026-10-04T07:52:38.9390019Z spec:
release	shift-left offline proof (release gate)	2026-10-04T07:52:38.9390179Z   egress:
release	shift-left offline proof (release gate)	2026-10-04T07:52:38.9390347Z   - ports:
release	shift-left offline proof (release gate)	2026-10-04T07:52:38.9390516Z     - port: 53
release	shift-left offline proof (release gate)	2026-10-04T07:52:38.9390693Z       protocol: UDP
release	shift-left offline proof (release gate)	2026-10-04T07:52:38.9390875Z     to:
release	shift-left offline proof (release gate)	2026-10-04T07:52:38.9391047Z     - namespaceSelector:
release	shift-left offline proof (release gate)	2026-10-04T07:52:38.9391254Z         matchLabels:
release	shift-left offline proof (release gate)	2026-10-04T07:52:38.9391474Z           kubernetes.io/metadata.name: kube-system
release	shift-left offline proof (release gate)	2026-10-04T07:52:38.9391742Z   ingress:
release	shift-left offline proof (release gate)	2026-10-04T07:52:38.9391904Z   - from:
release	shift-left offline proof (release gate)	2026-10-04T07:52:38.9392074Z     - podSelector: {}
release	shift-left offline proof (release gate)	2026-10-04T07:52:38.9392272Z   podSelector:
release	shift-left offline proof (release gate)	2026-10-04T07:52:38.9392448Z     matchLabels:
release	shift-left offline proof (release gate)	2026-10-04T07:52:38.9392644Z       posture.acme.io/caged: "true"
release	shift-left offline proof (release gate)	2026-10-04T07:52:38.9392891Z       posture.acme.io/tier: quarantine
release	shift-left offline proof (release gate)	2026-10-04T07:52:38.9393122Z   policyTypes:
release	shift-left offline proof (release gate)	2026-10-04T07:52:38.9393297Z   - Ingress
release	shift-left offline proof (release gate)	2026-10-04T07:52:38.9393486Z   - Egress
release	shift-left offline proof (release gate)	2026-10-04T07:52:38.9393578Z 
release	shift-left offline proof (release gate)	2026-10-04T07:52:38.9393665Z ---
release	shift-left offline proof (release gate)	2026-10-04T07:52:38.9393757Z 
release	shift-left offline proof (release gate)	2026-10-04T07:52:38.9393761Z 
release	shift-left offline proof (release gate)	2026-10-04T07:52:38.9393828Z Generate:
release	shift-left offline proof (release gate)	2026-10-04T07:52:38.9394010Z Generation completed successfully.
release	shift-left offline proof (release gate)	2026-10-04T07:52:38.9394320Z policy cage-netpol-5-0-0 applied to default/Pod/checkout-svc:
release	shift-left offline proof (release gate)	2026-10-04T07:52:38.9394646Z apiVersion: networking.k8s.io/v1
release	shift-left offline proof (release gate)	2026-10-04T07:52:38.9394878Z kind: NetworkPolicy
release	shift-left offline proof (release gate)	2026-10-04T07:52:38.9395061Z metadata:
release	shift-left offline proof (release gate)	2026-10-04T07:52:38.9395222Z   labels:
release	shift-left offline proof (release gate)	2026-10-04T07:52:38.9395409Z     app.kubernetes.io/managed-by: kyverno
release	shift-left offline proof (release gate)	2026-10-04T07:52:38.9395671Z     posture.acme.io/cage: reach
release	shift-left offline proof (release gate)	2026-10-04T07:52:38.9395901Z     posture.acme.io/tier: isolated
release	shift-left offline proof (release gate)	2026-10-04T07:52:38.9396136Z   name: cage-reach-isolated
release	shift-left offline proof (release gate)	2026-10-04T07:52:38.9396348Z   namespace: default
release	shift-left offline proof (release gate)	2026-10-04T07:52:38.9396533Z spec:
release	shift-left offline proof (release gate)	2026-10-04T07:52:38.9396690Z   egress: []
release	shift-left offline proof (release gate)	2026-10-04T07:52:38.9396849Z   ingress: []
release	shift-left offline proof (release gate)	2026-10-04T07:52:38.9396963Z   podSelector:
release	shift-left offline proof (release gate)	2026-10-04T07:52:38.9397076Z     matchLabels:
release	shift-left offline proof (release gate)	2026-10-04T07:52:38.9397198Z       posture.acme.io/caged: "true"
release	shift-left offline proof (release gate)	2026-10-04T07:52:38.9397349Z       posture.acme.io/tier: isolated
release	shift-left offline proof (release gate)	2026-10-04T07:52:38.9397489Z   policyTypes:
release	shift-left offline proof (release gate)	2026-10-04T07:52:38.9397599Z   - Ingress
release	shift-left offline proof (release gate)	2026-10-04T07:52:38.9397701Z   - Egress
release	shift-left offline proof (release gate)	2026-10-04T07:52:38.9397763Z 
release	shift-left offline proof (release gate)	2026-10-04T07:52:38.9397804Z ---
release	shift-left offline proof (release gate)	2026-10-04T07:52:38.9397862Z 
release	shift-left offline proof (release gate)	2026-10-04T07:52:38.9397864Z 
release	shift-left offline proof (release gate)	2026-10-04T07:52:38.9397907Z Generate:
release	shift-left offline proof (release gate)	2026-10-04T07:52:38.9398022Z Generation completed successfully.
release	shift-left offline proof (release gate)	2026-10-04T07:52:38.9398182Z pass: 7, fail: 0, warn: 0, error: 0, skip: 0
release	shift-left offline proof (release gate)	2026-10-04T07:52:38.9398353Z --- kyverno apply @ v6.0.0 ---
release	shift-left offline proof (release gate)	2026-10-04T07:52:38.9398516Z Applying 5 policy rule(s) to 1 resource(s)...
release	shift-left offline proof (release gate)	2026-10-04T07:52:38.9398632Z 
release	shift-left offline proof (release gate)	2026-10-04T07:52:38.9398729Z policy cage-tier-6-0-0 applied to default/Pod/checkout-svc:
release	shift-left offline proof (release gate)	2026-10-04T07:52:38.9399271Z apiVersion: v1
release	shift-left offline proof (release gate)	2026-10-04T07:52:38.9399381Z kind: Pod
release	shift-left offline proof (release gate)	2026-10-04T07:52:38.9399482Z metadata:
release	shift-left offline proof (release gate)	2026-10-04T07:52:38.9399583Z   labels:
release	shift-left offline proof (release gate)	2026-10-04T07:52:38.9399715Z     policy-as-versioned.dev/policy-version: 6.0.0
release	shift-left offline proof (release gate)	2026-10-04T07:52:38.9399895Z     posture.acme.io/caged: "true"
release	shift-left offline proof (release gate)	2026-10-04T07:52:38.9400044Z     posture.acme.io/tier: isolated
release	shift-left offline proof (release gate)	2026-10-04T07:52:38.9400188Z     posture.acme.io/version: 6.0.0
release	shift-left offline proof (release gate)	2026-10-04T07:52:38.9400331Z   name: checkout-svc
release	shift-left offline proof (release gate)	2026-10-04T07:52:38.9400452Z   namespace: default
release	shift-left offline proof (release gate)	2026-10-04T07:52:38.9400565Z spec:
release	shift-left offline proof (release gate)	2026-10-04T07:52:38.9400666Z   containers:
release	shift-left offline proof (release gate)	2026-10-04T07:52:38.9400776Z   - image: nginx
release	shift-left offline proof (release gate)	2026-10-04T07:52:38.9400886Z     name: c
release	shift-left offline proof (release gate)	2026-10-04T07:52:38.9400988Z     resources:
release	shift-left offline proof (release gate)	2026-10-04T07:52:38.9401093Z       limits:
release	shift-left offline proof (release gate)	2026-10-04T07:52:38.9401290Z         cpu: 100m
release	shift-left offline proof (release gate)	2026-10-04T07:52:38.9401402Z         memory: 64Mi
release	shift-left offline proof (release gate)	2026-10-04T07:52:38.9401519Z     securityContext:
release	shift-left offline proof (release gate)	2026-10-04T07:52:38.9401649Z       allowPrivilegeEscalation: false
release	shift-left offline proof (release gate)	2026-10-04T07:52:38.9401805Z       capabilities:
release	shift-left offline proof (release gate)	2026-10-04T07:52:38.9401917Z         drop:
release	shift-left offline proof (release gate)	2026-10-04T07:52:38.9402024Z         - ALL
release	shift-left offline proof (release gate)	2026-10-04T07:52:38.9402134Z       privileged: false
release	shift-left offline proof (release gate)	2026-10-04T07:52:38.9402267Z       readOnlyRootFilesystem: true
release	shift-left offline proof (release gate)	2026-10-04T07:52:38.9402413Z       runAsNonRoot: true
release	shift-left offline proof (release gate)	2026-10-04T07:52:38.9402550Z   - image: ghcr.io/acme/coraza-waf:cage
release	shift-left offline proof (release gate)	2026-10-04T07:52:38.9402700Z     name: waf-sidecar
release	shift-left offline proof (release gate)	2026-10-04T07:52:38.9402820Z     resources:
release	shift-left offline proof (release gate)	2026-10-04T07:52:38.9402923Z       limits:
release	shift-left offline proof (release gate)	2026-10-04T07:52:38.9403029Z         cpu: 250m
release	shift-left offline proof (release gate)	2026-10-04T07:52:38.9403142Z         memory: 256Mi
release	shift-left offline proof (release gate)	2026-10-04T07:52:38.9403261Z     securityContext:
release	shift-left offline proof (release gate)	2026-10-04T07:52:38.9403390Z       allowPrivilegeEscalation: false
release	shift-left offline proof (release gate)	2026-10-04T07:52:38.9403538Z       capabilities:
release	shift-left offline proof (release gate)	2026-10-04T07:52:38.9403647Z         drop:
release	shift-left offline proof (release gate)	2026-10-04T07:52:38.9403755Z         - ALL
release	shift-left offline proof (release gate)	2026-10-04T07:52:38.9403867Z       privileged: false
release	shift-left offline proof (release gate)	2026-10-04T07:52:38.9404000Z       readOnlyRootFilesystem: true
release	shift-left offline proof (release gate)	2026-10-04T07:52:38.9404145Z       runAsNonRoot: true
release	shift-left offline proof (release gate)	2026-10-04T07:52:38.9404271Z   hostIPC: false
release	shift-left offline proof (release gate)	2026-10-04T07:52:38.9404383Z   hostNetwork: false
release	shift-left offline proof (release gate)	2026-10-04T07:52:38.9404499Z   hostPID: false
release	shift-left offline proof (release gate)	2026-10-04T07:52:38.9404618Z   preemptionPolicy: Never
release	shift-left offline proof (release gate)	2026-10-04T07:52:38.9404752Z   priority: -10000
release	shift-left offline proof (release gate)	2026-10-04T07:52:38.9404887Z   priorityClassName: cage-isolated-6-0-0
release	shift-left offline proof (release gate)	2026-10-04T07:52:38.9405041Z   securityContext:
release	shift-left offline proof (release gate)	2026-10-04T07:52:38.9405158Z     runAsNonRoot: true
release	shift-left offline proof (release gate)	2026-10-04T07:52:38.9405234Z 
release	shift-left offline proof (release gate)	2026-10-04T07:52:38.9405284Z ---
release	shift-left offline proof (release gate)	2026-10-04T07:52:38.9405340Z 
release	shift-left offline proof (release gate)	2026-10-04T07:52:38.9405342Z 
release	shift-left offline proof (release gate)	2026-10-04T07:52:38.9405386Z Mutation:
release	shift-left offline proof (release gate)	2026-10-04T07:52:38.9405502Z Mutation has been applied successfully.
release	shift-left offline proof (release gate)	2026-10-04T07:52:38.9405695Z policy cage-tier-6-0-0 applied to default/Pod/checkout-svc:
release	shift-left offline proof (release gate)	2026-10-04T07:52:38.9405879Z apiVersion: v1
release	shift-left offline proof (release gate)	2026-10-04T07:52:38.9405990Z kind: Pod
release	shift-left offline proof (release gate)	2026-10-04T07:52:38.9406091Z metadata:
release	shift-left offline proof (release gate)	2026-10-04T07:52:38.9406189Z   labels:
release	shift-left offline proof (release gate)	2026-10-04T07:52:38.9406318Z     policy-as-versioned.dev/policy-version: 6.0.0
release	shift-left offline proof (release gate)	2026-10-04T07:52:38.9406493Z     posture.acme.io/caged: "true"
release	shift-left offline proof (release gate)	2026-10-04T07:52:38.9406647Z     posture.acme.io/tier: isolated
release	shift-left offline proof (release gate)	2026-10-04T07:52:38.9406794Z     posture.acme.io/version: 6.0.0
release	shift-left offline proof (release gate)	2026-10-04T07:52:38.9406931Z   name: checkout-svc
release	shift-left offline proof (release gate)	2026-10-04T07:52:38.9407048Z   namespace: default
release	shift-left offline proof (release gate)	2026-10-04T07:52:38.9407161Z spec:
release	shift-left offline proof (release gate)	2026-10-04T07:52:38.9407259Z   containers:
release	shift-left offline proof (release gate)	2026-10-04T07:52:38.9407365Z   - image: nginx
release	shift-left offline proof (release gate)	2026-10-04T07:52:38.9407472Z     name: c
release	shift-left offline proof (release gate)	2026-10-04T07:52:38.9407575Z     resources:
release	shift-left offline proof (release gate)	2026-10-04T07:52:38.9407680Z       limits:
release	shift-left offline proof (release gate)	2026-10-04T07:52:38.9407782Z         cpu: 100m
release	shift-left offline proof (release gate)	2026-10-04T07:52:38.9407893Z         memory: 64Mi
release	shift-left offline proof (release gate)	2026-10-04T07:52:38.9408009Z     securityContext:
release	shift-left offline proof (release gate)	2026-10-04T07:52:38.9408139Z       allowPrivilegeEscalation: false
release	shift-left offline proof (release gate)	2026-10-04T07:52:38.9408283Z       capabilities:
release	shift-left offline proof (release gate)	2026-10-04T07:52:38.9408392Z         drop:
release	shift-left offline proof (release gate)	2026-10-04T07:52:38.9408498Z         - ALL
release	shift-left offline proof (release gate)	2026-10-04T07:52:38.9408607Z       privileged: false
release	shift-left offline proof (release gate)	2026-10-04T07:52:38.9408739Z       readOnlyRootFilesystem: true
release	shift-left offline proof (release gate)	2026-10-04T07:52:38.9409074Z       runAsNonRoot: true
release	shift-left offline proof (release gate)	2026-10-04T07:52:38.9409327Z   - image: ghcr.io/acme/coraza-waf:cage
release	shift-left offline proof (release gate)	2026-10-04T07:52:38.9409474Z     name: waf-sidecar
release	shift-left offline proof (release gate)	2026-10-04T07:52:38.9409591Z     resources:
release	shift-left offline proof (release gate)	2026-10-04T07:52:38.9409694Z       limits:
release	shift-left offline proof (release gate)	2026-10-04T07:52:38.9409799Z         cpu: 250m
release	shift-left offline proof (release gate)	2026-10-04T07:52:38.9409908Z         memory: 256Mi
release	shift-left offline proof (release gate)	2026-10-04T07:52:38.9410025Z     securityContext:
release	shift-left offline proof (release gate)	2026-10-04T07:52:38.9410152Z       allowPrivilegeEscalation: false
release	shift-left offline proof (release gate)	2026-10-04T07:52:38.9410296Z       capabilities:
release	shift-left offline proof (release gate)	2026-10-04T07:52:38.9410406Z         drop:
release	shift-left offline proof (release gate)	2026-10-04T07:52:38.9410509Z         - ALL
release	shift-left offline proof (release gate)	2026-10-04T07:52:38.9410617Z       privileged: false
release	shift-left offline proof (release gate)	2026-10-04T07:52:38.9410748Z       readOnlyRootFilesystem: true
release	shift-left offline proof (release gate)	2026-10-04T07:52:38.9410890Z       runAsNonRoot: true
release	shift-left offline proof (release gate)	2026-10-04T07:52:38.9411011Z   hostIPC: false
release	shift-left offline proof (release gate)	2026-10-04T07:52:38.9411124Z   hostNetwork: false
release	shift-left offline proof (release gate)	2026-10-04T07:52:38.9411331Z   hostPID: false
release	shift-left offline proof (release gate)	2026-10-04T07:52:38.9411447Z   preemptionPolicy: Never
release	shift-left offline proof (release gate)	2026-10-04T07:52:38.9411578Z   priority: -10000
release	shift-left offline proof (release gate)	2026-10-04T07:52:38.9411707Z   priorityClassName: cage-isolated-6-0-0
release	shift-left offline proof (release gate)	2026-10-04T07:52:38.9411864Z   securityContext:
release	shift-left offline proof (release gate)	2026-10-04T07:52:38.9411979Z     runAsNonRoot: true
release	shift-left offline proof (release gate)	2026-10-04T07:52:38.9412055Z 
release	shift-left offline proof (release gate)	2026-10-04T07:52:38.9412095Z ---
release	shift-left offline proof (release gate)	2026-10-04T07:52:38.9412153Z 
release	shift-left offline proof (release gate)	2026-10-04T07:52:38.9412156Z 
release	shift-left offline proof (release gate)	2026-10-04T07:52:38.9412197Z Mutation:
release	shift-left offline proof (release gate)	2026-10-04T07:52:38.9412311Z Mutation has been applied successfully.
release	shift-left offline proof (release gate)	2026-10-04T07:52:38.9412509Z policy stamp-posture-6-0-0 applied to default/Pod/checkout-svc:
release	shift-left offline proof (release gate)	2026-10-04T07:52:38.9412701Z apiVersion: v1
release	shift-left offline proof (release gate)	2026-10-04T07:52:38.9412807Z kind: Pod
release	shift-left offline proof (release gate)	2026-10-04T07:52:38.9412905Z metadata:
release	shift-left offline proof (release gate)	2026-10-04T07:52:38.9413004Z   labels:
release	shift-left offline proof (release gate)	2026-10-04T07:52:38.9413130Z     policy-as-versioned.dev/policy-version: 6.0.0
release	shift-left offline proof (release gate)	2026-10-04T07:52:38.9413304Z     posture.acme.io/caged: "true"
release	shift-left offline proof (release gate)	2026-10-04T07:52:38.9413449Z     posture.acme.io/tier: isolated
release	shift-left offline proof (release gate)	2026-10-04T07:52:38.9413597Z     posture.acme.io/version: 6.0.0
release	shift-left offline proof (release gate)	2026-10-04T07:52:38.9413733Z   name: checkout-svc
release	shift-left offline proof (release gate)	2026-10-04T07:52:38.9413851Z   namespace: default
release	shift-left offline proof (release gate)	2026-10-04T07:52:38.9413966Z spec:
release	shift-left offline proof (release gate)	2026-10-04T07:52:38.9414065Z   containers:
release	shift-left offline proof (release gate)	2026-10-04T07:52:38.9414178Z   - image: nginx
release	shift-left offline proof (release gate)	2026-10-04T07:52:38.9414287Z     name: c
release	shift-left offline proof (release gate)	2026-10-04T07:52:38.9414389Z     resources:
release	shift-left offline proof (release gate)	2026-10-04T07:52:38.9414493Z       limits:
release	shift-left offline proof (release gate)	2026-10-04T07:52:38.9414596Z         cpu: 100m
release	shift-left offline proof (release gate)	2026-10-04T07:52:38.9414706Z         memory: 64Mi
release	shift-left offline proof (release gate)	2026-10-04T07:52:38.9414820Z     securityContext:
release	shift-left offline proof (release gate)	2026-10-04T07:52:38.9414947Z       allowPrivilegeEscalation: false
release	shift-left offline proof (release gate)	2026-10-04T07:52:38.9415090Z       capabilities:
release	shift-left offline proof (release gate)	2026-10-04T07:52:38.9415200Z         drop:
release	shift-left offline proof (release gate)	2026-10-04T07:52:38.9415302Z         - ALL
release	shift-left offline proof (release gate)	2026-10-04T07:52:38.9415410Z       privileged: false
release	shift-left offline proof (release gate)	2026-10-04T07:52:38.9415544Z       readOnlyRootFilesystem: true
release	shift-left offline proof (release gate)	2026-10-04T07:52:38.9415684Z       runAsNonRoot: true
release	shift-left offline proof (release gate)	2026-10-04T07:52:38.9415815Z   - image: ghcr.io/acme/coraza-waf:cage
release	shift-left offline proof (release gate)	2026-10-04T07:52:38.9415968Z     name: waf-sidecar
release	shift-left offline proof (release gate)	2026-10-04T07:52:38.9416083Z     resources:
release	shift-left offline proof (release gate)	2026-10-04T07:52:38.9416190Z       limits:
release	shift-left offline proof (release gate)	2026-10-04T07:52:38.9416292Z         cpu: 250m
release	shift-left offline proof (release gate)	2026-10-04T07:52:38.9416404Z         memory: 256Mi
release	shift-left offline proof (release gate)	2026-10-04T07:52:38.9416521Z     securityContext:
release	shift-left offline proof (release gate)	2026-10-04T07:52:38.9416648Z       allowPrivilegeEscalation: false
release	shift-left offline proof (release gate)	2026-10-04T07:52:38.9416792Z       capabilities:
release	shift-left offline proof (release gate)	2026-10-04T07:52:38.9416903Z         drop:
release	shift-left offline proof (release gate)	2026-10-04T07:52:38.9417005Z         - ALL
release	shift-left offline proof (release gate)	2026-10-04T07:52:38.9417113Z       privileged: false
release	shift-left offline proof (release gate)	2026-10-04T07:52:38.9417244Z       readOnlyRootFilesystem: true
release	shift-left offline proof (release gate)	2026-10-04T07:52:38.9417386Z       runAsNonRoot: true
release	shift-left offline proof (release gate)	2026-10-04T07:52:38.9417505Z   hostIPC: false
release	shift-left offline proof (release gate)	2026-10-04T07:52:38.9417616Z   hostNetwork: false
release	shift-left offline proof (release gate)	2026-10-04T07:52:38.9417729Z   hostPID: false
release	shift-left offline proof (release gate)	2026-10-04T07:52:38.9417846Z   preemptionPolicy: Never
release	shift-left offline proof (release gate)	2026-10-04T07:52:38.9417975Z   priority: -10000
release	shift-left offline proof (release gate)	2026-10-04T07:52:38.9418102Z   priorityClassName: cage-isolated-6-0-0
release	shift-left offline proof (release gate)	2026-10-04T07:52:38.9418252Z   securityContext:
release	shift-left offline proof (release gate)	2026-10-04T07:52:38.9418374Z     runAsNonRoot: true
release	shift-left offline proof (release gate)	2026-10-04T07:52:38.9418449Z 
release	shift-left offline proof (release gate)	2026-10-04T07:52:38.9418490Z ---
release	shift-left offline proof (release gate)	2026-10-04T07:52:38.9418544Z 
release	shift-left offline proof (release gate)	2026-10-04T07:52:38.9418546Z 
release	shift-left offline proof (release gate)	2026-10-04T07:52:38.9418588Z Mutation:
release	shift-left offline proof (release gate)	2026-10-04T07:52:38.9418703Z Mutation has been applied successfully.
release	shift-left offline proof (release gate)	2026-10-04T07:52:38.9419152Z policy stamp-posture-6-0-0 applied to default/Pod/checkout-svc:
release	shift-left offline proof (release gate)	2026-10-04T07:52:38.9419343Z apiVersion: v1
release	shift-left offline proof (release gate)	2026-10-04T07:52:38.9419449Z kind: Pod
release	shift-left offline proof (release gate)	2026-10-04T07:52:38.9419548Z metadata:
release	shift-left offline proof (release gate)	2026-10-04T07:52:38.9419643Z   labels:
release	shift-left offline proof (release gate)	2026-10-04T07:52:38.9419767Z     policy-as-versioned.dev/policy-version: 6.0.0
release	shift-left offline proof (release gate)	2026-10-04T07:52:38.9419940Z     posture.acme.io/caged: "true"
release	shift-left offline proof (release gate)	2026-10-04T07:52:38.9420083Z     posture.acme.io/tier: isolated
release	shift-left offline proof (release gate)	2026-10-04T07:52:38.9420227Z     posture.acme.io/version: 6.0.0
release	shift-left offline proof (release gate)	2026-10-04T07:52:38.9420361Z   name: checkout-svc
release	shift-left offline proof (release gate)	2026-10-04T07:52:38.9420477Z   namespace: default
release	shift-left offline proof (release gate)	2026-10-04T07:52:38.9420586Z spec:
release	shift-left offline proof (release gate)	2026-10-04T07:52:38.9420683Z   containers:
release	shift-left offline proof (release gate)	2026-10-04T07:52:38.9420787Z   - image: nginx
release	shift-left offline proof (release gate)	2026-10-04T07:52:38.9420997Z     name: c
release	shift-left offline proof (release gate)	2026-10-04T07:52:38.9421099Z     resources:
release	shift-left offline proof (release gate)	2026-10-04T07:52:38.9421201Z       limits:
release	shift-left offline proof (release gate)	2026-10-04T07:52:38.9421305Z         cpu: 100m
release	shift-left offline proof (release gate)	2026-10-04T07:52:38.9421417Z         memory: 64Mi
release	shift-left offline proof (release gate)	2026-10-04T07:52:38.9421535Z     securityContext:
release	shift-left offline proof (release gate)	2026-10-04T07:52:38.9421662Z       allowPrivilegeEscalation: false
release	shift-left offline proof (release gate)	2026-10-04T07:52:38.9421805Z       capabilities:
release	shift-left offline proof (release gate)	2026-10-04T07:52:38.9421915Z         drop:
release	shift-left offline proof (release gate)	2026-10-04T07:52:38.9422017Z         - ALL
release	shift-left offline proof (release gate)	2026-10-04T07:52:38.9422124Z       privileged: false
release	shift-left offline proof (release gate)	2026-10-04T07:52:38.9422256Z       readOnlyRootFilesystem: true
release	shift-left offline proof (release gate)	2026-10-04T07:52:38.9422399Z       runAsNonRoot: true
release	shift-left offline proof (release gate)	2026-10-04T07:52:38.9422530Z   - image: ghcr.io/acme/coraza-waf:cage
release	shift-left offline proof (release gate)	2026-10-04T07:52:38.9422674Z     name: waf-sidecar
release	shift-left offline proof (release gate)	2026-10-04T07:52:38.9422788Z     resources:
release	shift-left offline proof (release gate)	2026-10-04T07:52:38.9422892Z       limits:
release	shift-left offline proof (release gate)	2026-10-04T07:52:38.9422995Z         cpu: 250m
release	shift-left offline proof (release gate)	2026-10-04T07:52:38.9423103Z         memory: 256Mi
release	shift-left offline proof (release gate)	2026-10-04T07:52:38.9423220Z     securityContext:
release	shift-left offline proof (release gate)	2026-10-04T07:52:38.9423346Z       allowPrivilegeEscalation: false
release	shift-left offline proof (release gate)	2026-10-04T07:52:38.9423494Z       capabilities:
release	shift-left offline proof (release gate)	2026-10-04T07:52:38.9423603Z         drop:
release	shift-left offline proof (release gate)	2026-10-04T07:52:38.9423708Z         - ALL
release	shift-left offline proof (release gate)	2026-10-04T07:52:38.9423816Z       privileged: false
release	shift-left offline proof (release gate)	2026-10-04T07:52:38.9423950Z       readOnlyRootFilesystem: true
release	shift-left offline proof (release gate)	2026-10-04T07:52:38.9424091Z       runAsNonRoot: true
release	shift-left offline proof (release gate)	2026-10-04T07:52:38.9424212Z   hostIPC: false
release	shift-left offline proof (release gate)	2026-10-04T07:52:38.9424327Z   hostNetwork: false
release	shift-left offline proof (release gate)	2026-10-04T07:52:38.9424442Z   hostPID: false
release	shift-left offline proof (release gate)	2026-10-04T07:52:38.9424560Z   preemptionPolicy: Never
release	shift-left offline proof (release gate)	2026-10-04T07:52:38.9424685Z   priority: -10000
release	shift-left offline proof (release gate)	2026-10-04T07:52:38.9424813Z   priorityClassName: cage-isolated-6-0-0
release	shift-left offline proof (release gate)	2026-10-04T07:52:38.9424961Z   securityContext:
release	shift-left offline proof (release gate)	2026-10-04T07:52:38.9425075Z     runAsNonRoot: true
release	shift-left offline proof (release gate)	2026-10-04T07:52:38.9425150Z 
release	shift-left offline proof (release gate)	2026-10-04T07:52:38.9425189Z ---
release	shift-left offline proof (release gate)	2026-10-04T07:52:38.9425246Z 
release	shift-left offline proof (release gate)	2026-10-04T07:52:38.9425248Z 
release	shift-left offline proof (release gate)	2026-10-04T07:52:38.9425289Z Mutation:
release	shift-left offline proof (release gate)	2026-10-04T07:52:38.9425403Z Mutation has been applied successfully.
release	shift-left offline proof (release gate)	2026-10-04T07:52:38.9425599Z policy cage-netpol-6-0-0 applied to default/Pod/checkout-svc:
release	shift-left offline proof (release gate)	2026-10-04T07:52:38.9425800Z apiVersion: networking.k8s.io/v1
release	shift-left offline proof (release gate)	2026-10-04T07:52:38.9425938Z kind: NetworkPolicy
release	shift-left offline proof (release gate)	2026-10-04T07:52:38.9426084Z metadata:
release	shift-left offline proof (release gate)	2026-10-04T07:52:38.9426184Z   labels:
release	shift-left offline proof (release gate)	2026-10-04T07:52:38.9426300Z     app.kubernetes.io/managed-by: kyverno
release	shift-left offline proof (release gate)	2026-10-04T07:52:38.9426461Z     posture.acme.io/cage: reach
release	shift-left offline proof (release gate)	2026-10-04T07:52:38.9426607Z     posture.acme.io/tier: restricted
release	shift-left offline proof (release gate)	2026-10-04T07:52:38.9426762Z   name: cage-reach-restricted
release	shift-left offline proof (release gate)	2026-10-04T07:52:38.9426899Z   namespace: default
release	shift-left offline proof (release gate)	2026-10-04T07:52:38.9427011Z spec:
release	shift-left offline proof (release gate)	2026-10-04T07:52:38.9427111Z   egress:
release	shift-left offline proof (release gate)	2026-10-04T07:52:38.9427212Z   - ports:
release	shift-left offline proof (release gate)	2026-10-04T07:52:38.9427316Z     - port: 53
release	shift-left offline proof (release gate)	2026-10-04T07:52:38.9427429Z       protocol: UDP
release	shift-left offline proof (release gate)	2026-10-04T07:52:38.9427540Z     to:
release	shift-left offline proof (release gate)	2026-10-04T07:52:38.9427648Z     - namespaceSelector:
release	shift-left offline proof (release gate)	2026-10-04T07:52:38.9427775Z         matchLabels:
release	shift-left offline proof (release gate)	2026-10-04T07:52:38.9427910Z           kubernetes.io/metadata.name: kube-system
release	shift-left offline proof (release gate)	2026-10-04T07:52:38.9428069Z   ingress:
release	shift-left offline proof (release gate)	2026-10-04T07:52:38.9428177Z   - from:
release	shift-left offline proof (release gate)	2026-10-04T07:52:38.9428282Z     - podSelector: {}
release	shift-left offline proof (release gate)	2026-10-04T07:52:38.9428401Z   podSelector:
release	shift-left offline proof (release gate)	2026-10-04T07:52:38.9428512Z     matchLabels:
release	shift-left offline proof (release gate)	2026-10-04T07:52:38.9428633Z       posture.acme.io/caged: "true"
release	shift-left offline proof (release gate)	2026-10-04T07:52:38.9429033Z       posture.acme.io/tier: restricted
release	shift-left offline proof (release gate)	2026-10-04T07:52:38.9429198Z   policyTypes:
release	shift-left offline proof (release gate)	2026-10-04T07:52:38.9429307Z   - Ingress
release	shift-left offline proof (release gate)	2026-10-04T07:52:38.9429409Z   - Egress
release	shift-left offline proof (release gate)	2026-10-04T07:52:38.9429469Z 
release	shift-left offline proof (release gate)	2026-10-04T07:52:38.9429509Z ---
release	shift-left offline proof (release gate)	2026-10-04T07:52:38.9429566Z 
release	shift-left offline proof (release gate)	2026-10-04T07:52:38.9429568Z 
release	shift-left offline proof (release gate)	2026-10-04T07:52:38.9429609Z Generate:
release	shift-left offline proof (release gate)	2026-10-04T07:52:38.9429720Z Generation completed successfully.
release	shift-left offline proof (release gate)	2026-10-04T07:52:38.9429906Z policy cage-netpol-6-0-0 applied to default/Pod/checkout-svc:
release	shift-left offline proof (release gate)	2026-10-04T07:52:38.9430106Z apiVersion: networking.k8s.io/v1
release	shift-left offline proof (release gate)	2026-10-04T07:52:38.9430244Z kind: NetworkPolicy
release	shift-left offline proof (release gate)	2026-10-04T07:52:38.9430353Z metadata:
release	shift-left offline proof (release gate)	2026-10-04T07:52:38.9430450Z   labels:
release	shift-left offline proof (release gate)	2026-10-04T07:52:38.9430563Z     app.kubernetes.io/managed-by: kyverno
release	shift-left offline proof (release gate)	2026-10-04T07:52:38.9430813Z     posture.acme.io/cage: reach
release	shift-left offline proof (release gate)	2026-10-04T07:52:38.9430958Z     posture.acme.io/tier: quarantine
release	shift-left offline proof (release gate)	2026-10-04T07:52:38.9431108Z   name: cage-reach-quarantine
release	shift-left offline proof (release gate)	2026-10-04T07:52:38.9431242Z   namespace: default
release	shift-left offline proof (release gate)	2026-10-04T07:52:38.9431359Z spec:
release	shift-left offline proof (release gate)	2026-10-04T07:52:38.9431455Z   egress:
release	shift-left offline proof (release gate)	2026-10-04T07:52:38.9431557Z   - ports:
release	shift-left offline proof (release gate)	2026-10-04T07:52:38.9431663Z     - port: 53
release	shift-left offline proof (release gate)	2026-10-04T07:52:38.9431774Z       protocol: UDP
release	shift-left offline proof (release gate)	2026-10-04T07:52:38.9431883Z     to:
release	shift-left offline proof (release gate)	2026-10-04T07:52:38.9431990Z     - namespaceSelector:
release	shift-left offline proof (release gate)	2026-10-04T07:52:38.9432115Z         matchLabels:
release	shift-left offline proof (release gate)	2026-10-04T07:52:38.9432250Z           kubernetes.io/metadata.name: kube-system
release	shift-left offline proof (release gate)	2026-10-04T07:52:38.9432407Z   ingress:
release	shift-left offline proof (release gate)	2026-10-04T07:52:38.9432507Z   - from:
release	shift-left offline proof (release gate)	2026-10-04T07:52:38.9432611Z     - podSelector: {}
release	shift-left offline proof (release gate)	2026-10-04T07:52:38.9432730Z   podSelector:
release	shift-left offline proof (release gate)	2026-10-04T07:52:38.9432839Z     matchLabels:
release	shift-left offline proof (release gate)	2026-10-04T07:52:38.9432958Z       posture.acme.io/caged: "true"
release	shift-left offline proof (release gate)	2026-10-04T07:52:38.9433110Z       posture.acme.io/tier: quarantine
release	shift-left offline proof (release gate)	2026-10-04T07:52:38.9433253Z   policyTypes:
release	shift-left offline proof (release gate)	2026-10-04T07:52:38.9433364Z   - Ingress
release	shift-left offline proof (release gate)	2026-10-04T07:52:38.9433465Z   - Egress
release	shift-left offline proof (release gate)	2026-10-04T07:52:38.9433523Z 
release	shift-left offline proof (release gate)	2026-10-04T07:52:38.9433566Z ---
release	shift-left offline proof (release gate)	2026-10-04T07:52:38.9433620Z 
release	shift-left offline proof (release gate)	2026-10-04T07:52:38.9433625Z 
release	shift-left offline proof (release gate)	2026-10-04T07:52:38.9433670Z Generate:
release	shift-left offline proof (release gate)	2026-10-04T07:52:38.9433782Z Generation completed successfully.
release	shift-left offline proof (release gate)	2026-10-04T07:52:38.9433967Z policy cage-netpol-6-0-0 applied to default/Pod/checkout-svc:
release	shift-left offline proof (release gate)	2026-10-04T07:52:38.9434164Z apiVersion: networking.k8s.io/v1
release	shift-left offline proof (release gate)	2026-10-04T07:52:38.9434303Z kind: NetworkPolicy
release	shift-left offline proof (release gate)	2026-10-04T07:52:38.9434418Z metadata:
release	shift-left offline proof (release gate)	2026-10-04T07:52:38.9434516Z   labels:
release	shift-left offline proof (release gate)	2026-10-04T07:52:38.9434628Z     app.kubernetes.io/managed-by: kyverno
release	shift-left offline proof (release gate)	2026-10-04T07:52:38.9434785Z     posture.acme.io/cage: reach
release	shift-left offline proof (release gate)	2026-10-04T07:52:38.9434927Z     posture.acme.io/tier: isolated
release	shift-left offline proof (release gate)	2026-10-04T07:52:38.9435071Z   name: cage-reach-isolated
release	shift-left offline proof (release gate)	2026-10-04T07:52:38.9435203Z   namespace: default
release	shift-left offline proof (release gate)	2026-10-04T07:52:38.9435317Z spec:
release	shift-left offline proof (release gate)	2026-10-04T07:52:38.9435415Z   egress: []
release	shift-left offline proof (release gate)	2026-10-04T07:52:38.9435520Z   ingress: []
release	shift-left offline proof (release gate)	2026-10-04T07:52:38.9435630Z   podSelector:
release	shift-left offline proof (release gate)	2026-10-04T07:52:38.9435739Z     matchLabels:
release	shift-left offline proof (release gate)	2026-10-04T07:52:38.9435860Z       posture.acme.io/caged: "true"
release	shift-left offline proof (release gate)	2026-10-04T07:52:38.9436007Z       posture.acme.io/tier: isolated
release	shift-left offline proof (release gate)	2026-10-04T07:52:38.9436149Z   policyTypes:
release	shift-left offline proof (release gate)	2026-10-04T07:52:38.9436254Z   - Ingress
release	shift-left offline proof (release gate)	2026-10-04T07:52:38.9436355Z   - Egress
release	shift-left offline proof (release gate)	2026-10-04T07:52:38.9436413Z 
release	shift-left offline proof (release gate)	2026-10-04T07:52:38.9436455Z ---
release	shift-left offline proof (release gate)	2026-10-04T07:52:38.9436511Z 
release	shift-left offline proof (release gate)	2026-10-04T07:52:38.9436513Z 
release	shift-left offline proof (release gate)	2026-10-04T07:52:38.9436555Z Generate:
release	shift-left offline proof (release gate)	2026-10-04T07:52:38.9436666Z Generation completed successfully.
release	shift-left offline proof (release gate)	2026-10-04T07:52:38.9436820Z pass: 7, fail: 0, warn: 0, error: 0, skip: 0
release	shift-left offline proof (release gate)	2026-10-04T07:52:38.9436931Z 
release	shift-left offline proof (release gate)	2026-10-04T07:52:38.9437190Z shift-left: /tmp/tmp.6daNw5gVjQ/adopter/deploy/pod.yaml is compliant on kyverno 1.18.2 across the line(s) of its window that support it ['5.0.0', '6.0.0']
release	shift-left offline proof (release gate)	2026-10-04T07:52:38.9437609Z ok  the declaration of the resource's own repository (exit 0)
release	shift-left offline proof (release gate)	2026-10-04T07:52:38.9873196Z /tmp/tmp.6daNw5gVjQ/adopter/deploy/pod.yaml: targets 5.0.0, checking supported window ['5.0.0', '6.0.0']
release	shift-left offline proof (release gate)	2026-10-04T07:52:38.9874158Z UNSUPPORTED PAIRING @ v5.0.0: no engine is declared (the top of adopter, the repository /tmp/tmp.6daNw5gVjQ/adopter/deploy/pod.yaml belongs to carries no gitops/engine/kyverno.yaml); not run, so neither a compile error nor a pass
release	shift-left offline proof (release gate)	2026-10-04T07:52:38.9875891Z UNSUPPORTED PAIRING @ v6.0.0: no engine is declared (the top of adopter, the repository /tmp/tmp.6daNw5gVjQ/adopter/deploy/pod.yaml belongs to carries no gitops/engine/kyverno.yaml); not run, so neither a compile error nor a pass
release	shift-left offline proof (release gate)	2026-10-04T07:52:38.9876306Z 
release	shift-left offline proof (release gate)	2026-10-04T07:52:38.9876589Z shift-left: COULD NOT LOOK -- /tmp/tmp.6daNw5gVjQ/adopter/deploy/pod.yaml belongs to no declared engine, so no line in its window ['5.0.0', '6.0.0'] was run (hub ADR-0033 point 7)
release	shift-left offline proof (release gate)	2026-10-04T07:52:38.9895046Z ok  a repository that declares no engine (exit 3)
release	shift-left offline proof (release gate)	2026-10-04T07:52:38.9895250Z 
release	shift-left offline proof (release gate)	2026-10-04T07:52:38.9895351Z shift-left: all offline proofs passed
release	gitsign verify-tag, identity-pinned, offline Rekor bundle	﻿2026-10-04T07:52:38.9943904Z ##[group]Run set -euo pipefail
release	gitsign verify-tag, identity-pinned, offline Rekor bundle	2026-10-04T07:52:38.9944098Z ^[[36;1mset -euo pipefail^[[0m
release	gitsign verify-tag, identity-pinned, offline Rekor bundle	2026-10-04T07:52:38.9944292Z ^[[36;1m# actions/checkout's second fetch (it resolves the trigger ref to a^[[0m
release	gitsign verify-tag, identity-pinned, offline Rekor bundle	2026-10-04T07:52:38.9944557Z ^[[36;1m# SHA for checkout) force-overwrites the local refs/tags/<name> to^[[0m
release	gitsign verify-tag, identity-pinned, offline Rekor bundle	2026-10-04T07:52:38.9944820Z ^[[36;1m# point straight at the commit, flattening the annotated tag object^[[0m
release	gitsign verify-tag, identity-pinned, offline Rekor bundle	2026-10-04T07:52:38.9945072Z ^[[36;1m# gitsign needs. Re-fetch the real tag ref before verifying it.^[[0m
release	gitsign verify-tag, identity-pinned, offline Rekor bundle	2026-10-04T07:52:38.9945315Z ^[[36;1mgit fetch origin "+refs/tags/${TAG}:refs/tags/${TAG}" --force^[[0m
release	gitsign verify-tag, identity-pinned, offline Rekor bundle	2026-10-04T07:52:38.9945521Z ^[[36;1mgitsign verify-tag "${TAG}" \^[[0m
release	gitsign verify-tag, identity-pinned, offline Rekor bundle	2026-10-04T07:52:38.9945729Z ^[[36;1m  --certificate-identity-regexp="${EXPECTED_IDENTITY_REGEXP}" \^[[0m
release	gitsign verify-tag, identity-pinned, offline Rekor bundle	2026-10-04T07:52:38.9945965Z ^[[36;1m  --certificate-oidc-issuer="${EXPECTED_ISSUER}"^[[0m
release	gitsign verify-tag, identity-pinned, offline Rekor bundle	2026-10-04T07:52:38.9998120Z shell: /usr/bin/bash -e {0}
release	gitsign verify-tag, identity-pinned, offline Rekor bundle	2026-10-04T07:52:38.9998254Z env:
release	gitsign verify-tag, identity-pinned, offline Rekor bundle	2026-10-04T07:52:38.9998358Z   TAG: v5.0.0
release	gitsign verify-tag, identity-pinned, offline Rekor bundle	2026-10-04T07:52:38.9998502Z   GITSIGN_VERSION: 0.17.1
release	gitsign verify-tag, identity-pinned, offline Rekor bundle	2026-10-04T07:52:38.9998707Z   GITSIGN_SHA256: 69213a8a0813a151e5a47d0060862952ff833a845d57309dff76f7ba6600abae
release	gitsign verify-tag, identity-pinned, offline Rekor bundle	2026-10-04T07:52:38.9999041Z   COSIGN_VERSION: 2.4.1
release	gitsign verify-tag, identity-pinned, offline Rekor bundle	2026-10-04T07:52:38.9999243Z   COSIGN_SHA256: 8b24b946dd5809c6bd93de08033bcf6bc0ed7d336b7785787c080f574b89249b
release	gitsign verify-tag, identity-pinned, offline Rekor bundle	2026-10-04T07:52:38.9999461Z   KYVERNO_VERSION: 1.18.2
release	gitsign verify-tag, identity-pinned, offline Rekor bundle	2026-10-04T07:52:38.9999662Z   KYVERNO_SHA256: cb2feb8356149fd2fe774c894ccf0969f4a60a83867dd913af724f74ffbbc18b
release	gitsign verify-tag, identity-pinned, offline Rekor bundle	2026-10-04T07:52:39.0000134Z   EXPECTED_IDENTITY_REGEXP: ^https://github\.com/policy-as-versioned-platform/platform/\.github/workflows/cut-release\.yml@refs/heads/(main|release/[0-9]+\.[0-9]+\.x)$
release	gitsign verify-tag, identity-pinned, offline Rekor bundle	2026-10-04T07:52:39.0000578Z   EXPECTED_ISSUER: https://token.actions.githubusercontent.com
release	gitsign verify-tag, identity-pinned, offline Rekor bundle	2026-10-04T07:52:39.0000777Z   GITSIGN_REKOR_MODE: offline
release	gitsign verify-tag, identity-pinned, offline Rekor bundle	2026-10-04T07:52:39.0000909Z ##[endgroup]
release	gitsign verify-tag, identity-pinned, offline Rekor bundle	2026-10-04T07:52:39.3117294Z From https://github.com/policy-as-versioned-platform/platform
release	gitsign verify-tag, identity-pinned, offline Rekor bundle	2026-10-04T07:52:39.3117752Z  t [tag update]      v5.0.0     -> v5.0.0
release	gitsign verify-tag, identity-pinned, offline Rekor bundle	2026-10-04T07:52:40.3597305Z tlog index: 3076606828
release	gitsign verify-tag, identity-pinned, offline Rekor bundle	2026-10-04T07:52:40.3597763Z gitsign: Signature made using certificate ID 0x307becc83e7416a67635d78437445568622d7e75 | CN=sigstore-intermediate,O=sigstore.dev
release	gitsign verify-tag, identity-pinned, offline Rekor bundle	2026-10-04T07:52:40.3598530Z gitsign: Good signature from [https://github.com/policy-as-versioned-platform/platform/.github/workflows/cut-release.yml@refs/heads/main](https://token.actions.githubusercontent.com)
release	gitsign verify-tag, identity-pinned, offline Rekor bundle	2026-10-04T07:52:40.3599117Z Validated Git signature: true
release	gitsign verify-tag, identity-pinned, offline Rekor bundle	2026-10-04T07:52:40.3599326Z Validated Rekor entry: true
release	gitsign verify-tag, identity-pinned, offline Rekor bundle	2026-10-04T07:52:40.3599531Z Validated Certificate claims: true
release	publish GitHub Release recording the resolved SHA	﻿2026-10-04T07:52:40.3664707Z ##[group]Run set -euo pipefail
release	publish GitHub Release recording the resolved SHA	2026-10-04T07:52:40.3664916Z ^[[36;1mset -euo pipefail^[[0m
release	publish GitHub Release recording the resolved SHA	2026-10-04T07:52:40.3665073Z ^[[36;1mresolved=$(git rev-parse "${TAG}^{commit}")^[[0m
release	publish GitHub Release recording the resolved SHA	2026-10-04T07:52:40.3665299Z ^[[36;1m# The annotated tag's own message is the "what changed and why" a^[[0m
release	publish GitHub Release recording the resolved SHA	2026-10-04T07:52:40.3665561Z ^[[36;1m# release cutter wrote by hand (cut-release.yml's `message` input)^[[0m
release	publish GitHub Release recording the resolved SHA	2026-10-04T07:52:40.3665806Z ^[[36;1m# -- carry it into the release notes; gitsign appends a signed^[[0m
release	publish GitHub Release recording the resolved SHA	2026-10-04T07:52:40.3666051Z ^[[36;1m# message block to the tag's own message (the signature itself)^[[0m
release	publish GitHub Release recording the resolved SHA	2026-10-04T07:52:40.3666418Z ^[[36;1m# -- strip it so the release body carries the narrative only.^[[0m
release	publish GitHub Release recording the resolved SHA	2026-10-04T07:52:40.3666597Z ^[[36;1m{^[[0m
release	publish GitHub Release recording the resolved SHA	2026-10-04T07:52:40.3666792Z ^[[36;1m  git tag -l --format='%(contents)' "${TAG}" | sed '/^-----BEGIN SIGNED MESSAGE-----$/,$d'^[[0m
release	publish GitHub Release recording the resolved SHA	2026-10-04T07:52:40.3667022Z ^[[36;1m  echo "---"^[[0m
release	publish GitHub Release recording the resolved SHA	2026-10-04T07:52:40.3667329Z ^[[36;1m  echo "Verified gitsign signature (identity regexp: ${EXPECTED_IDENTITY_REGEXP}, issuer: ${EXPECTED_ISSUER}). Resolved commit: ${resolved}."^[[0m
release	publish GitHub Release recording the resolved SHA	2026-10-04T07:52:40.3667687Z ^[[36;1m} > release-notes.md^[[0m
release	publish GitHub Release recording the resolved SHA	2026-10-04T07:52:40.3667828Z ^[[36;1mgh release create "${TAG}" \^[[0m
release	publish GitHub Release recording the resolved SHA	2026-10-04T07:52:40.3667975Z ^[[36;1m  --title "${TAG}" \^[[0m
release	publish GitHub Release recording the resolved SHA	2026-10-04T07:52:40.3668120Z ^[[36;1m  --notes-file release-notes.md^[[0m
release	publish GitHub Release recording the resolved SHA	2026-10-04T07:52:40.3720987Z shell: /usr/bin/bash -e {0}
release	publish GitHub Release recording the resolved SHA	2026-10-04T07:52:40.3721121Z env:
release	publish GitHub Release recording the resolved SHA	2026-10-04T07:52:40.3721227Z   TAG: v5.0.0
release	publish GitHub Release recording the resolved SHA	2026-10-04T07:52:40.3721343Z   GITSIGN_VERSION: 0.17.1
release	publish GitHub Release recording the resolved SHA	2026-10-04T07:52:40.3721549Z   GITSIGN_SHA256: 69213a8a0813a151e5a47d0060862952ff833a845d57309dff76f7ba6600abae
release	publish GitHub Release recording the resolved SHA	2026-10-04T07:52:40.3721780Z   COSIGN_VERSION: 2.4.1
release	publish GitHub Release recording the resolved SHA	2026-10-04T07:52:40.3721977Z   COSIGN_SHA256: 8b24b946dd5809c6bd93de08033bcf6bc0ed7d336b7785787c080f574b89249b
release	publish GitHub Release recording the resolved SHA	2026-10-04T07:52:40.3722196Z   KYVERNO_VERSION: 1.18.2
release	publish GitHub Release recording the resolved SHA	2026-10-04T07:52:40.3722400Z   KYVERNO_SHA256: cb2feb8356149fd2fe774c894ccf0969f4a60a83867dd913af724f74ffbbc18b
release	publish GitHub Release recording the resolved SHA	2026-10-04T07:52:40.3722866Z   EXPECTED_IDENTITY_REGEXP: ^https://github\.com/policy-as-versioned-platform/platform/\.github/workflows/cut-release\.yml@refs/heads/(main|release/[0-9]+\.[0-9]+\.x)$
release	publish GitHub Release recording the resolved SHA	2026-10-04T07:52:40.3723306Z   EXPECTED_ISSUER: https://token.actions.githubusercontent.com
release	publish GitHub Release recording the resolved SHA	2026-10-04T07:52:40.3725018Z   GH_TOKEN: ***
release	publish GitHub Release recording the resolved SHA	2026-10-04T07:52:40.3725136Z ##[endgroup]
release	publish GitHub Release recording the resolved SHA	2026-10-04T07:52:41.3722488Z https://github.com/policy-as-versioned-platform/platform/releases/tag/v5.0.0
release	Post Run actions/checkout@v4	﻿2026-10-04T07:52:41.3815140Z Post job cleanup.
release	Post Run actions/checkout@v4	2026-10-04T07:52:41.4367917Z [command]/usr/bin/git version
release	Post Run actions/checkout@v4	2026-10-04T07:52:41.4399485Z git version 2.55.0
release	Post Run actions/checkout@v4	2026-10-04T07:52:41.4424287Z Temporarily overriding HOME='/home/runner/work/_temp/eb1b5aa4-0ac5-4caf-ab15-2f5906abf08c' before making global git config changes
release	Post Run actions/checkout@v4	2026-10-04T07:52:41.4424980Z Adding repository directory to the temporary git global config as a safe directory
release	Post Run actions/checkout@v4	2026-10-04T07:52:41.4427765Z [command]/usr/bin/git config --global --add safe.directory /home/runner/work/platform/platform
release	Post Run actions/checkout@v4	2026-10-04T07:52:41.4457125Z [command]/usr/bin/git config --local --name-only --get-regexp core\.sshCommand
release	Post Run actions/checkout@v4	2026-10-04T07:52:41.4482648Z [command]/usr/bin/git submodule foreach --recursive sh -c "git config --local --name-only --get-regexp 'core\.sshCommand' && git config --local --unset-all 'core.sshCommand' || :"
release	Post Run actions/checkout@v4	2026-10-04T07:52:41.4669156Z [command]/usr/bin/git config --local --name-only --get-regexp http\.https\:\/\/github\.com\/\.extraheader
release	Post Run actions/checkout@v4	2026-10-04T07:52:41.4688403Z http.https://github.com/.extraheader
release	Post Run actions/checkout@v4	2026-10-04T07:52:41.4696920Z [command]/usr/bin/git config --local --unset-all http.https://github.com/.extraheader
release	Post Run actions/checkout@v4	2026-10-04T07:52:41.4726566Z [command]/usr/bin/git submodule foreach --recursive sh -c "git config --local --name-only --get-regexp 'http\.https\:\/\/github\.com\/\.extraheader' && git config --local --unset-all 'http.https://github.com/.extraheader' || :"
release	Post Run actions/checkout@v4	2026-10-04T07:52:41.4912182Z [command]/usr/bin/git config --local --name-only --get-regexp ^includeIf\.gitdir:
release	Post Run actions/checkout@v4	2026-10-04T07:52:41.4941267Z [command]/usr/bin/git submodule foreach --recursive git config --local --show-origin --name-only --get-regexp remote.origin.url
release	Complete job	﻿2026-10-04T07:52:41.5213402Z Cleaning up orphan processes
release	Complete job	2026-10-04T07:52:41.5389214Z ##[warning]Node.js 20 is deprecated. The following actions target Node.js 20 but are being forced to run on Node.js 24: actions/checkout@v4. For more information see: https://github.blog/changelog/2025-09-19-deprecation-of-node-20-on-github-actions-runners/
