release	Set up job	﻿2026-10-04T07:52:29.7638802Z Current runner version: '2.337.0'
release	Set up job	2026-10-04T07:52:29.7666998Z ##[group]Runner Image Provisioner
release	Set up job	2026-10-04T07:52:29.7668297Z Hosted Compute Agent
release	Set up job	2026-10-04T07:52:29.7669076Z Version: 20260901.588
release	Set up job	2026-10-04T07:52:29.7669728Z Commit: f88ec8081b781fac6c440065ac7ff9e710ce3d0b
release	Set up job	2026-10-04T07:52:29.7670554Z Build Date: 2026-09-01T19:56:44Z
release	Set up job	2026-10-04T07:52:29.7671257Z Worker ID: {b3d3f38f-9e6b-4e5a-82d8-6805f4ec7246}
release	Set up job	2026-10-04T07:52:29.7671963Z Azure Region: westus
release	Set up job	2026-10-04T07:52:29.7672588Z ##[endgroup]
release	Set up job	2026-10-04T07:52:29.7674370Z ##[group]Operating System
release	Set up job	2026-10-04T07:52:29.7675141Z Ubuntu
release	Set up job	2026-10-04T07:52:29.7675763Z 24.04.5
release	Set up job	2026-10-04T07:52:29.7676282Z LTS
release	Set up job	2026-10-04T07:52:29.7676860Z ##[endgroup]
release	Set up job	2026-10-04T07:52:29.7677451Z ##[group]Runner Image
release	Set up job	2026-10-04T07:52:29.7678325Z Image: ubuntu-24.04
release	Set up job	2026-10-04T07:52:29.7678938Z Version: 20260927.320.1
release	Set up job	2026-10-04T07:52:29.7679990Z Included Software: https://github.com/actions/runner-images/blob/ubuntu24/20260927.320/images/ubuntu/Ubuntu2404-Readme.md
release	Set up job	2026-10-04T07:52:29.7681813Z Image Release: https://github.com/actions/runner-images/releases/tag/ubuntu24%2F20260927.320
release	Set up job	2026-10-04T07:52:29.7683258Z ##[endgroup]
release	Set up job	2026-10-04T07:52:29.7684424Z ##[group]GITHUB_TOKEN Permissions
release	Set up job	2026-10-04T07:52:29.7686822Z Contents: write
release	Set up job	2026-10-04T07:52:29.7687490Z Metadata: read
release	Set up job	2026-10-04T07:52:29.7688338Z ##[endgroup]
release	Set up job	2026-10-04T07:52:29.7690764Z Secret source: Actions
release	Set up job	2026-10-04T07:52:29.7691774Z Cache mode: write
release	Set up job	2026-10-04T07:52:29.7692831Z Prepare workflow directory
release	Set up job	2026-10-04T07:52:29.8327273Z Prepare all required actions
release	Set up job	2026-10-04T07:52:29.8378688Z Getting action download info
release	Set up job	2026-10-04T07:52:30.1703765Z Download action repository 'actions/checkout@v4' (SHA:11d5960a326750d5838078e36cf38b85af677262)
release	Set up job	2026-10-04T07:52:30.3659549Z Complete job name: release
release	Run actions/checkout@v4	﻿2026-10-04T07:52:30.4574451Z ##[group]Run actions/checkout@v4
release	Run actions/checkout@v4	2026-10-04T07:52:30.4575464Z with:
release	Run actions/checkout@v4	2026-10-04T07:52:30.4575918Z   fetch-depth: 0
release	Run actions/checkout@v4	2026-10-04T07:52:30.4576367Z   fetch-tags: true
release	Run actions/checkout@v4	2026-10-04T07:52:30.4576907Z   repository: policy-as-versioned-platform/platform
release	Run actions/checkout@v4	2026-10-04T07:52:30.4581257Z   token: ***
release	Run actions/checkout@v4	2026-10-04T07:52:30.4581708Z   ssh-strict: true
release	Run actions/checkout@v4	2026-10-04T07:52:30.4582151Z   ssh-user: git
release	Run actions/checkout@v4	2026-10-04T07:52:30.4582600Z   persist-credentials: true
release	Run actions/checkout@v4	2026-10-04T07:52:30.4583085Z   clean: true
release	Run actions/checkout@v4	2026-10-04T07:52:30.4583530Z   sparse-checkout-cone-mode: true
release	Run actions/checkout@v4	2026-10-04T07:52:30.4584055Z   show-progress: true
release	Run actions/checkout@v4	2026-10-04T07:52:30.4584502Z   lfs: false
release	Run actions/checkout@v4	2026-10-04T07:52:30.4584910Z   submodules: false
release	Run actions/checkout@v4	2026-10-04T07:52:30.4585361Z   set-safe-directory: true
release	Run actions/checkout@v4	2026-10-04T07:52:30.4585870Z   allow-unsafe-pr-checkout: false
release	Run actions/checkout@v4	2026-10-04T07:52:30.4586722Z env:
release	Run actions/checkout@v4	2026-10-04T07:52:30.4587146Z   TAG: policy/v7.0.0
release	Run actions/checkout@v4	2026-10-04T07:52:30.4587603Z   GITSIGN_VERSION: 0.17.1
release	Run actions/checkout@v4	2026-10-04T07:52:30.4588655Z   GITSIGN_SHA256: 69213a8a0813a151e5a47d0060862952ff833a845d57309dff76f7ba6600abae
release	Run actions/checkout@v4	2026-10-04T07:52:30.4589516Z   COSIGN_VERSION: 2.4.1
release	Run actions/checkout@v4	2026-10-04T07:52:30.4590207Z   COSIGN_SHA256: 8b24b946dd5809c6bd93de08033bcf6bc0ed7d336b7785787c080f574b89249b
release	Run actions/checkout@v4	2026-10-04T07:52:30.4591001Z   KYVERNO_VERSION: 1.18.2
release	Run actions/checkout@v4	2026-10-04T07:52:30.4591712Z   KYVERNO_SHA256: cb2feb8356149fd2fe774c894ccf0969f4a60a83867dd913af724f74ffbbc18b
release	Run actions/checkout@v4	2026-10-04T07:52:30.4593251Z   EXPECTED_IDENTITY_REGEXP: ^https://github\.com/policy-as-versioned-platform/platform/\.github/workflows/cut-release\.yml@refs/heads/(main|release/[0-9]+\.[0-9]+\.x)$
release	Run actions/checkout@v4	2026-10-04T07:52:30.4594713Z   EXPECTED_ISSUER: https://token.actions.githubusercontent.com
release	Run actions/checkout@v4	2026-10-04T07:52:30.4595403Z ##[endgroup]
release	Run actions/checkout@v4	2026-10-04T07:52:30.5706063Z Syncing repository: policy-as-versioned-platform/platform
release	Run actions/checkout@v4	2026-10-04T07:52:30.5708855Z ##[group]Getting Git version info
release	Run actions/checkout@v4	2026-10-04T07:52:30.5709730Z Working directory is '/home/runner/work/platform/platform'
release	Run actions/checkout@v4	2026-10-04T07:52:30.5710886Z [command]/usr/bin/git version
release	Run actions/checkout@v4	2026-10-04T07:52:30.5801684Z git version 2.55.0
release	Run actions/checkout@v4	2026-10-04T07:52:30.5836763Z ##[endgroup]
release	Run actions/checkout@v4	2026-10-04T07:52:30.5847345Z Temporarily overriding HOME='/home/runner/work/_temp/4a820552-9f79-455a-aaec-df466b2cd172' before making global git config changes
release	Run actions/checkout@v4	2026-10-04T07:52:30.5850441Z Adding repository directory to the temporary git global config as a safe directory
release	Run actions/checkout@v4	2026-10-04T07:52:30.5852885Z [command]/usr/bin/git config --global --add safe.directory /home/runner/work/platform/platform
release	Run actions/checkout@v4	2026-10-04T07:52:30.5914652Z Deleting the contents of '/home/runner/work/platform/platform'
release	Run actions/checkout@v4	2026-10-04T07:52:30.5919122Z ##[group]Initializing the repository
release	Run actions/checkout@v4	2026-10-04T07:52:30.5924047Z [command]/usr/bin/git init /home/runner/work/platform/platform
release	Run actions/checkout@v4	2026-10-04T07:52:30.6067503Z hint: Using 'master' as the name for the initial branch. This default branch name
release	Run actions/checkout@v4	2026-10-04T07:52:30.6069754Z hint: will change to "main" in Git 3.0. To configure the initial branch name
release	Run actions/checkout@v4	2026-10-04T07:52:30.6072510Z hint: to use in all of your new repositories, which will suppress this warning,
release	Run actions/checkout@v4	2026-10-04T07:52:30.6074724Z hint: call:
release	Run actions/checkout@v4	2026-10-04T07:52:30.6075807Z hint:
release	Run actions/checkout@v4	2026-10-04T07:52:30.6077170Z hint: 	git config --global init.defaultBranch <name>
release	Run actions/checkout@v4	2026-10-04T07:52:30.6078957Z hint:
release	Run actions/checkout@v4	2026-10-04T07:52:30.6080013Z hint: Names commonly chosen instead of 'master' are 'main', 'trunk' and
release	Run actions/checkout@v4	2026-10-04T07:52:30.6081566Z hint: 'development'. The just-created branch can be renamed via this command:
release	Run actions/checkout@v4	2026-10-04T07:52:30.6082788Z hint:
release	Run actions/checkout@v4	2026-10-04T07:52:30.6083367Z hint: 	git branch -m <name>
release	Run actions/checkout@v4	2026-10-04T07:52:30.6083854Z hint:
release	Run actions/checkout@v4	2026-10-04T07:52:30.6084506Z hint: Disable this message with "git config set advice.defaultBranchName false"
release	Run actions/checkout@v4	2026-10-04T07:52:30.6085552Z Initialized empty Git repository in /home/runner/work/platform/platform/.git/
release	Run actions/checkout@v4	2026-10-04T07:52:30.6099871Z [command]/usr/bin/git remote add origin https://github.com/policy-as-versioned-platform/platform
release	Run actions/checkout@v4	2026-10-04T07:52:30.6153746Z ##[endgroup]
release	Run actions/checkout@v4	2026-10-04T07:52:30.6155033Z ##[group]Disabling automatic garbage collection
release	Run actions/checkout@v4	2026-10-04T07:52:30.6158838Z [command]/usr/bin/git config --local gc.auto 0
release	Run actions/checkout@v4	2026-10-04T07:52:30.6199133Z ##[endgroup]
release	Run actions/checkout@v4	2026-10-04T07:52:30.6200472Z ##[group]Setting up auth
release	Run actions/checkout@v4	2026-10-04T07:52:30.6209314Z [command]/usr/bin/git config --local --name-only --get-regexp core\.sshCommand
release	Run actions/checkout@v4	2026-10-04T07:52:30.6255150Z [command]/usr/bin/git submodule foreach --recursive sh -c "git config --local --name-only --get-regexp 'core\.sshCommand' && git config --local --unset-all 'core.sshCommand' || :"
release	Run actions/checkout@v4	2026-10-04T07:52:30.6674756Z [command]/usr/bin/git config --local --name-only --get-regexp http\.https\:\/\/github\.com\/\.extraheader
release	Run actions/checkout@v4	2026-10-04T07:52:30.6719003Z [command]/usr/bin/git submodule foreach --recursive sh -c "git config --local --name-only --get-regexp 'http\.https\:\/\/github\.com\/\.extraheader' && git config --local --unset-all 'http.https://github.com/.extraheader' || :"
release	Run actions/checkout@v4	2026-10-04T07:52:30.6962207Z [command]/usr/bin/git config --local --name-only --get-regexp ^includeIf\.gitdir:
release	Run actions/checkout@v4	2026-10-04T07:52:30.7004319Z [command]/usr/bin/git submodule foreach --recursive git config --local --show-origin --name-only --get-regexp remote.origin.url
release	Run actions/checkout@v4	2026-10-04T07:52:30.7253970Z [command]/usr/bin/git config --local http.https://github.com/.extraheader AUTHORIZATION: basic ***
release	Run actions/checkout@v4	2026-10-04T07:52:30.7309707Z ##[endgroup]
release	Run actions/checkout@v4	2026-10-04T07:52:30.7311485Z ##[group]Fetching the repository
release	Run actions/checkout@v4	2026-10-04T07:52:30.7324184Z [command]/usr/bin/git -c protocol.version=2 fetch --prune --no-recurse-submodules origin +refs/heads/*:refs/remotes/origin/* +refs/tags/*:refs/tags/*
release	Run actions/checkout@v4	2026-10-04T07:52:31.7275507Z From https://github.com/policy-as-versioned-platform/platform
release	Run actions/checkout@v4	2026-10-04T07:52:31.7277664Z  * [new branch]      ecosystem/build-2026-09-03 -> origin/ecosystem/build-2026-09-03
release	Run actions/checkout@v4	2026-10-04T07:52:31.7280471Z  * [new branch]      ecosystem/thin-slice    -> origin/ecosystem/thin-slice
release	Run actions/checkout@v4	2026-10-04T07:52:31.7283477Z  * [new branch]      fix-2026-09-09-absence-count-is-derived -> origin/fix-2026-09-09-absence-count-is-derived
release	Run actions/checkout@v4	2026-10-04T07:52:31.7285670Z  * [new branch]      fix-transition-replay-20260910 -> origin/fix-transition-replay-20260910
release	Run actions/checkout@v4	2026-10-04T07:52:31.7288308Z  * [new branch]      implement-engine-fixtures-20260910 -> origin/implement-engine-fixtures-20260910
release	Run actions/checkout@v4	2026-10-04T07:52:31.7291938Z  * [new branch]      implement-floor-change-evidence-20260910 -> origin/implement-floor-change-evidence-20260910
release	Run actions/checkout@v4	2026-10-04T07:52:31.7294301Z  * [new branch]      main                    -> origin/main
release	Run actions/checkout@v4	2026-10-04T07:52:31.7295724Z  * [new branch]      observations            -> origin/observations
release	Run actions/checkout@v4	2026-10-04T07:52:31.7297715Z  * [new branch]      policy-composition/tickets-09-16-wip -> origin/policy-composition/tickets-09-16-wip
release	Run actions/checkout@v4	2026-10-04T07:52:31.7300462Z  * [new branch]      release/2.0.x           -> origin/release/2.0.x
release	Run actions/checkout@v4	2026-10-04T07:52:31.7302529Z  * [new branch]      renovate/configure      -> origin/renovate/configure
release	Run actions/checkout@v4	2026-10-04T07:52:31.7304788Z  * [new branch]      repair-2026-09-04-gate-regressions -> origin/repair-2026-09-04-gate-regressions
release	Run actions/checkout@v4	2026-10-04T07:52:31.7307452Z  * [new branch]      repair/array-commit-for-4-0-0 -> origin/repair/array-commit-for-4-0-0
release	Run actions/checkout@v4	2026-10-04T07:52:31.7310392Z  * [new branch]      repair/evidence-reaches-main -> origin/repair/evidence-reaches-main
release	Run actions/checkout@v4	2026-10-04T07:52:31.7313026Z  * [new branch]      resume/2026-10-03-security6 -> origin/resume/2026-10-03-security6
release	Run actions/checkout@v4	2026-10-04T07:52:31.7315686Z  * [new branch]      resume/2026-10-04-compatibility7 -> origin/resume/2026-10-04-compatibility7
release	Run actions/checkout@v4	2026-10-04T07:52:31.7318537Z  * [new branch]      retire-policy-4-0-0     -> origin/retire-policy-4-0-0
release	Run actions/checkout@v4	2026-10-04T07:52:31.7321974Z  * [new branch]      ticket-106-composition-selfcheck-fixture-namespace -> origin/ticket-106-composition-selfcheck-fixture-namespace
release	Run actions/checkout@v4	2026-10-04T07:52:31.7325819Z  * [new branch]      ticket-110-offline-supersede -> origin/ticket-110-offline-supersede
release	Run actions/checkout@v4	2026-10-04T07:52:31.7329246Z  * [new branch]      ticket-110-selfcheck-derives-supersede -> origin/ticket-110-selfcheck-derives-supersede
release	Run actions/checkout@v4	2026-10-04T07:52:31.7332876Z  * [new branch]      ticket-111-the-cage-delivers-its-classes -> origin/ticket-111-the-cage-delivers-its-classes
release	Run actions/checkout@v4	2026-10-04T07:52:31.7337895Z  * [new branch]      ticket-113-infra-is-a-role-not-a-rung -> origin/ticket-113-infra-is-a-role-not-a-rung
release	Run actions/checkout@v4	2026-10-04T07:52:31.7343148Z  * [new branch]      ticket-119-unlabelled-namespace-is-priced -> origin/ticket-119-unlabelled-namespace-is-priced
release	Run actions/checkout@v4	2026-10-04T07:52:31.7347707Z  * [new branch]      ticket-121-implementing-a-control-moves-the-price -> origin/ticket-121-implementing-a-control-moves-the-price
release	Run actions/checkout@v4	2026-10-04T07:52:31.7353339Z  * [new branch]      ticket-122-ramp-survives-rename -> origin/ticket-122-ramp-survives-rename
release	Run actions/checkout@v4	2026-10-04T07:52:31.7358911Z  * [new branch]      ticket-123-a-withdrawal-is-the-regulators -> origin/ticket-123-a-withdrawal-is-the-regulators
release	Run actions/checkout@v4	2026-10-04T07:52:31.7364092Z  * [new branch]      ticket-124-price-the-removal -> origin/ticket-124-price-the-removal
release	Run actions/checkout@v4	2026-10-04T07:52:31.7367792Z  * [new branch]      ticket-126-a-withdrawn-control-is-not-selectable -> origin/ticket-126-a-withdrawn-control-is-not-selectable
release	Run actions/checkout@v4	2026-10-04T07:52:31.7372059Z  * [new branch]      ticket-128-behind-a-major-unreadable -> origin/ticket-128-behind-a-major-unreadable
release	Run actions/checkout@v4	2026-10-04T07:52:31.7377051Z  * [new branch]      ticket-130-the-composed-root-is-delivered -> origin/ticket-130-the-composed-root-is-delivered
release	Run actions/checkout@v4	2026-10-04T07:52:31.7382455Z  * [new branch]      ticket-134-observation-is-not-source -> origin/ticket-134-observation-is-not-source
release	Run actions/checkout@v4	2026-10-04T07:52:31.7387177Z  * [new branch]      ticket-136-vendor-by-feed-name -> origin/ticket-136-vendor-by-feed-name
release	Run actions/checkout@v4	2026-10-04T07:52:31.7392314Z  * [new branch]      ticket-137-parent-tree-per-feed-edge -> origin/ticket-137-parent-tree-per-feed-edge
release	Run actions/checkout@v4	2026-10-04T07:52:31.7397007Z  * [new branch]      ticket-138-as-of-docstring -> origin/ticket-138-as-of-docstring
release	Run actions/checkout@v4	2026-10-04T07:52:31.7401536Z  * [new branch]      ticket-139-since-after-as-of -> origin/ticket-139-since-after-as-of
release	Run actions/checkout@v4	2026-10-04T07:52:31.7406803Z  * [new branch]      ticket-141-party-declares-pricing-threshold -> origin/ticket-141-party-declares-pricing-threshold
release	Run actions/checkout@v4	2026-10-04T07:52:31.7412287Z  * [new branch]      ticket-145-agent-cage-price -> origin/ticket-145-agent-cage-price
release	Run actions/checkout@v4	2026-10-04T07:52:31.7415394Z  * [new branch]      ticket-146-engine-cells -> origin/ticket-146-engine-cells
release	Run actions/checkout@v4	2026-10-04T07:52:31.7418502Z  * [new branch]      ticket-148-unsupported-pairing -> origin/ticket-148-unsupported-pairing
release	Run actions/checkout@v4	2026-10-04T07:52:31.7421977Z  * [new branch]      ticket-34-followup-2026-09-08 -> origin/ticket-34-followup-2026-09-08
release	Run actions/checkout@v4	2026-10-04T07:52:31.7425920Z  * [new branch]      ticket-34-handbook-as-a-compose-time-render -> origin/ticket-34-handbook-as-a-compose-time-render
release	Run actions/checkout@v4	2026-10-04T07:52:31.7430377Z  * [new branch]      ticket-45-switching-cost-computed-in-composition -> origin/ticket-45-switching-cost-computed-in-composition
release	Run actions/checkout@v4	2026-10-04T07:52:31.7433891Z  * [new branch]      ticket-55-instrument-faults -> origin/ticket-55-instrument-faults
release	Run actions/checkout@v4	2026-10-04T07:52:31.7436316Z  * [new branch]      ticket-62-and-77        -> origin/ticket-62-and-77
release	Run actions/checkout@v4	2026-10-04T07:52:31.7439460Z  * [new branch]      ticket-67-the-record-matches-the-surface -> origin/ticket-67-the-record-matches-the-surface
release	Run actions/checkout@v4	2026-10-04T07:52:31.7442602Z  * [new branch]      ticket-79-the-pound-inputs -> origin/ticket-79-the-pound-inputs
release	Run actions/checkout@v4	2026-10-04T07:52:31.7445689Z  * [new branch]      ticket-80-three-forks-not-a-config-base -> origin/ticket-80-three-forks-not-a-config-base
release	Run actions/checkout@v4	2026-10-04T07:52:31.7449372Z  * [new branch]      ticket-84-being-behind-costs-something -> origin/ticket-84-being-behind-costs-something
release	Run actions/checkout@v4	2026-10-04T07:52:31.7452396Z  * [new branch]      ticket-89-deny-is-not-a-rung -> origin/ticket-89-deny-is-not-a-rung
release	Run actions/checkout@v4	2026-10-04T07:52:31.7455526Z  * [new branch]      ticket-91-the-currency-controller-is-owned -> origin/ticket-91-the-currency-controller-is-owned
release	Run actions/checkout@v4	2026-10-04T07:52:31.7459161Z  * [new branch]      ticket-98-refusal-by-another-name -> origin/ticket-98-refusal-by-another-name
release	Run actions/checkout@v4	2026-10-04T07:52:31.7462065Z  * [new branch]      truth-surface-computed-semver -> origin/truth-surface-computed-semver
release	Run actions/checkout@v4	2026-10-04T07:52:31.7465138Z  * [new branch]      truth-surface-live-tails -> origin/truth-surface-live-tails
release	Run actions/checkout@v4	2026-10-04T07:52:31.7467227Z  * [new tag]         policy/v2.0.0           -> policy/v2.0.0
release	Run actions/checkout@v4	2026-10-04T07:52:31.7469251Z  * [new tag]         policy/v2.0.1           -> policy/v2.0.1
release	Run actions/checkout@v4	2026-10-04T07:52:31.7470991Z  * [new tag]         policy/v3.0.0           -> policy/v3.0.0
release	Run actions/checkout@v4	2026-10-04T07:52:31.7472705Z  * [new tag]         policy/v4.0.0           -> policy/v4.0.0
release	Run actions/checkout@v4	2026-10-04T07:52:31.7474421Z  * [new tag]         policy/v5.0.0           -> policy/v5.0.0
release	Run actions/checkout@v4	2026-10-04T07:52:31.7476133Z  * [new tag]         policy/v6.0.0           -> policy/v6.0.0
release	Run actions/checkout@v4	2026-10-04T07:52:31.7477856Z  * [new tag]         policy/v7.0.0           -> policy/v7.0.0
release	Run actions/checkout@v4	2026-10-04T07:52:31.7479838Z  * [new tag]         v0.1.0                  -> v0.1.0
release	Run actions/checkout@v4	2026-10-04T07:52:31.7481379Z  * [new tag]         v0.1.1                  -> v0.1.1
release	Run actions/checkout@v4	2026-10-04T07:52:31.7482927Z  * [new tag]         v1.0.0                  -> v1.0.0
release	Run actions/checkout@v4	2026-10-04T07:52:31.7484563Z  * [new tag]         v1.1.0                  -> v1.1.0
release	Run actions/checkout@v4	2026-10-04T07:52:31.7486127Z  * [new tag]         v1.1.1                  -> v1.1.1
release	Run actions/checkout@v4	2026-10-04T07:52:31.7487688Z  * [new tag]         v2.0.0                  -> v2.0.0
release	Run actions/checkout@v4	2026-10-04T07:52:31.7489500Z  * [new tag]         v2.0.1                  -> v2.0.1
release	Run actions/checkout@v4	2026-10-04T07:52:31.7491194Z  * [new tag]         v3.0.0                  -> v3.0.0
release	Run actions/checkout@v4	2026-10-04T07:52:31.7492727Z  * [new tag]         v3.1.0                  -> v3.1.0
release	Run actions/checkout@v4	2026-10-04T07:52:31.7494380Z  * [new tag]         v3.2.0                  -> v3.2.0
release	Run actions/checkout@v4	2026-10-04T07:52:31.7495929Z  * [new tag]         v3.3.0                  -> v3.3.0
release	Run actions/checkout@v4	2026-10-04T07:52:31.7497947Z  * [new tag]         v3.4.0                  -> v3.4.0
release	Run actions/checkout@v4	2026-10-04T07:52:31.7500403Z  * [new tag]         v3.4.1                  -> v3.4.1
release	Run actions/checkout@v4	2026-10-04T07:52:31.7502819Z  * [new tag]         v4.0.0                  -> v4.0.0
release	Run actions/checkout@v4	2026-10-04T07:52:31.7505221Z  * [new tag]         v5.0.0                  -> v5.0.0
release	Run actions/checkout@v4	2026-10-04T07:52:31.7511458Z [command]/usr/bin/git tag --list policy/v7.0.0
release	Run actions/checkout@v4	2026-10-04T07:52:31.7513943Z policy/v7.0.0
release	Run actions/checkout@v4	2026-10-04T07:52:31.7518356Z [command]/usr/bin/git rev-parse refs/tags/policy/v7.0.0
release	Run actions/checkout@v4	2026-10-04T07:52:31.7521312Z e7e211c3bfbb78a31d9385adf77a6ebaaa760f7a
release	Run actions/checkout@v4	2026-10-04T07:52:31.7528638Z [command]/usr/bin/git -c protocol.version=2 fetch --no-tags --prune --no-recurse-submodules origin +703eff6aee959843c4160aa54fd03413f62858cc:refs/tags/policy/v7.0.0
release	Run actions/checkout@v4	2026-10-04T07:52:31.7532875Z From https://github.com/policy-as-versioned-platform/platform
release	Run actions/checkout@v4	2026-10-04T07:52:31.7535025Z  t [tag update]      703eff6aee959843c4160aa54fd03413f62858cc -> policy/v7.0.0
release	Run actions/checkout@v4	2026-10-04T07:52:31.7539378Z ##[endgroup]
release	Run actions/checkout@v4	2026-10-04T07:52:31.7542065Z ##[group]Determining the checkout info
release	Run actions/checkout@v4	2026-10-04T07:52:31.7544947Z ##[endgroup]
release	Run actions/checkout@v4	2026-10-04T07:52:31.7546190Z [command]/usr/bin/git sparse-checkout disable
release	Run actions/checkout@v4	2026-10-04T07:52:31.7601463Z [command]/usr/bin/git config --local --unset-all extensions.worktreeConfig
release	Run actions/checkout@v4	2026-10-04T07:52:31.7641993Z ##[group]Checking out the ref
release	Run actions/checkout@v4	2026-10-04T07:52:31.7644952Z [command]/usr/bin/git checkout --progress --force refs/tags/policy/v7.0.0
release	Run actions/checkout@v4	2026-10-04T07:52:31.8188538Z Note: switching to 'refs/tags/policy/v7.0.0'.
release	Run actions/checkout@v4	2026-10-04T07:52:31.8190576Z 
release	Run actions/checkout@v4	2026-10-04T07:52:31.8191574Z You are in 'detached HEAD' state. You can look around, make experimental
release	Run actions/checkout@v4	2026-10-04T07:52:31.8193871Z changes and commit them, and you can discard any commits you make in this
release	Run actions/checkout@v4	2026-10-04T07:52:31.8196089Z state without impacting any branches by switching back to a branch.
release	Run actions/checkout@v4	2026-10-04T07:52:31.8197360Z 
release	Run actions/checkout@v4	2026-10-04T07:52:31.8198491Z If you want to create a new branch to retain commits you create, you may
release	Run actions/checkout@v4	2026-10-04T07:52:31.8200615Z do so (now or later) by using -c with the switch command. Example:
release	Run actions/checkout@v4	2026-10-04T07:52:31.8201791Z 
release	Run actions/checkout@v4	2026-10-04T07:52:31.8202244Z   git switch -c <new-branch-name>
release	Run actions/checkout@v4	2026-10-04T07:52:31.8203034Z 
release	Run actions/checkout@v4	2026-10-04T07:52:31.8203466Z Or undo this operation with:
release	Run actions/checkout@v4	2026-10-04T07:52:31.8204189Z 
release	Run actions/checkout@v4	2026-10-04T07:52:31.8204583Z   git switch -
release	Run actions/checkout@v4	2026-10-04T07:52:31.8205463Z 
release	Run actions/checkout@v4	2026-10-04T07:52:31.8206407Z Turn off this advice by setting config variable advice.detachedHead to false
release	Run actions/checkout@v4	2026-10-04T07:52:31.8207776Z 
release	Run actions/checkout@v4	2026-10-04T07:52:31.8211197Z HEAD is now at 703eff6 cs-27: point versions.yaml commit field(s) at the evidence commit 393a40f707f2b23a3a174696a0c84a8473297ca9 (policy/v7.0.0)
release	Run actions/checkout@v4	2026-10-04T07:52:31.8227000Z ##[endgroup]
release	Run actions/checkout@v4	2026-10-04T07:52:31.8281753Z [command]/usr/bin/git log -1 --format=%H
release	Run actions/checkout@v4	2026-10-04T07:52:31.8313779Z 703eff6aee959843c4160aa54fd03413f62858cc
release	install pinned gitsign + kyverno (binary + checksum, no marketplace actions)	﻿2026-10-04T07:52:31.8591957Z ##[group]Run set -euo pipefail
release	install pinned gitsign + kyverno (binary + checksum, no marketplace actions)	2026-10-04T07:52:31.8593387Z ^[[36;1mset -euo pipefail^[[0m
release	install pinned gitsign + kyverno (binary + checksum, no marketplace actions)	2026-10-04T07:52:31.8596064Z ^[[36;1mcurl -sSL -o gitsign "https://github.com/sigstore/gitsign/releases/download/v${GITSIGN_VERSION}/gitsign_${GITSIGN_VERSION}_linux_amd64"^[[0m
release	install pinned gitsign + kyverno (binary + checksum, no marketplace actions)	2026-10-04T07:52:31.8599369Z ^[[36;1mecho "${GITSIGN_SHA256}  gitsign" | sha256sum -c -^[[0m
release	install pinned gitsign + kyverno (binary + checksum, no marketplace actions)	2026-10-04T07:52:31.8601187Z ^[[36;1mchmod +x gitsign && sudo mv gitsign /usr/local/bin/gitsign^[[0m
release	install pinned gitsign + kyverno (binary + checksum, no marketplace actions)	2026-10-04T07:52:31.8602716Z ^[[36;1m^[[0m
release	install pinned gitsign + kyverno (binary + checksum, no marketplace actions)	2026-10-04T07:52:31.8604773Z ^[[36;1mcurl -sSL -o cosign "https://github.com/sigstore/cosign/releases/download/v${COSIGN_VERSION}/cosign-linux-amd64"^[[0m
release	install pinned gitsign + kyverno (binary + checksum, no marketplace actions)	2026-10-04T07:52:31.8607462Z ^[[36;1mecho "${COSIGN_SHA256}  cosign" | sha256sum -c -^[[0m
release	install pinned gitsign + kyverno (binary + checksum, no marketplace actions)	2026-10-04T07:52:31.8609347Z ^[[36;1mchmod +x cosign && sudo mv cosign /usr/local/bin/cosign^[[0m
release	install pinned gitsign + kyverno (binary + checksum, no marketplace actions)	2026-10-04T07:52:31.8610827Z ^[[36;1m^[[0m
release	install pinned gitsign + kyverno (binary + checksum, no marketplace actions)	2026-10-04T07:52:31.8613407Z ^[[36;1mcurl -sSL -o kyverno.tar.gz "https://github.com/kyverno/kyverno/releases/download/v${KYVERNO_VERSION}/kyverno-cli_v${KYVERNO_VERSION}_linux_x86_64.tar.gz"^[[0m
release	install pinned gitsign + kyverno (binary + checksum, no marketplace actions)	2026-10-04T07:52:31.8616733Z ^[[36;1mecho "${KYVERNO_SHA256}  kyverno.tar.gz" | sha256sum -c -^[[0m
release	install pinned gitsign + kyverno (binary + checksum, no marketplace actions)	2026-10-04T07:52:31.8619220Z ^[[36;1mtar xzf kyverno.tar.gz kyverno && chmod +x kyverno && sudo mv kyverno /usr/local/bin/kyverno^[[0m
release	install pinned gitsign + kyverno (binary + checksum, no marketplace actions)	2026-10-04T07:52:31.8621167Z ^[[36;1m^[[0m
release	install pinned gitsign + kyverno (binary + checksum, no marketplace actions)	2026-10-04T07:52:31.8622097Z ^[[36;1mpip install --quiet pyyaml^[[0m
release	install pinned gitsign + kyverno (binary + checksum, no marketplace actions)	2026-10-04T07:52:31.8917816Z shell: /usr/bin/bash -e {0}
release	install pinned gitsign + kyverno (binary + checksum, no marketplace actions)	2026-10-04T07:52:31.8919512Z env:
release	install pinned gitsign + kyverno (binary + checksum, no marketplace actions)	2026-10-04T07:52:31.8920516Z   TAG: policy/v7.0.0
release	install pinned gitsign + kyverno (binary + checksum, no marketplace actions)	2026-10-04T07:52:31.8921630Z   GITSIGN_VERSION: 0.17.1
release	install pinned gitsign + kyverno (binary + checksum, no marketplace actions)	2026-10-04T07:52:31.8923407Z   GITSIGN_SHA256: 69213a8a0813a151e5a47d0060862952ff833a845d57309dff76f7ba6600abae
release	install pinned gitsign + kyverno (binary + checksum, no marketplace actions)	2026-10-04T07:52:31.8925759Z   COSIGN_VERSION: 2.4.1
release	install pinned gitsign + kyverno (binary + checksum, no marketplace actions)	2026-10-04T07:52:31.8927482Z   COSIGN_SHA256: 8b24b946dd5809c6bd93de08033bcf6bc0ed7d336b7785787c080f574b89249b
release	install pinned gitsign + kyverno (binary + checksum, no marketplace actions)	2026-10-04T07:52:31.8929489Z   KYVERNO_VERSION: 1.18.2
release	install pinned gitsign + kyverno (binary + checksum, no marketplace actions)	2026-10-04T07:52:31.8931131Z   KYVERNO_SHA256: cb2feb8356149fd2fe774c894ccf0969f4a60a83867dd913af724f74ffbbc18b
release	install pinned gitsign + kyverno (binary + checksum, no marketplace actions)	2026-10-04T07:52:31.8934847Z   EXPECTED_IDENTITY_REGEXP: ^https://github\.com/policy-as-versioned-platform/platform/\.github/workflows/cut-release\.yml@refs/heads/(main|release/[0-9]+\.[0-9]+\.x)$
release	install pinned gitsign + kyverno (binary + checksum, no marketplace actions)	2026-10-04T07:52:31.8938412Z   EXPECTED_ISSUER: https://token.actions.githubusercontent.com
release	install pinned gitsign + kyverno (binary + checksum, no marketplace actions)	2026-10-04T07:52:31.8939993Z ##[endgroup]
release	install pinned gitsign + kyverno (binary + checksum, no marketplace actions)	2026-10-04T07:52:32.9773719Z gitsign: OK
release	install pinned gitsign + kyverno (binary + checksum, no marketplace actions)	2026-10-04T07:52:33.6076648Z cosign: OK
release	install pinned gitsign + kyverno (binary + checksum, no marketplace actions)	2026-10-04T07:52:34.4448731Z kyverno.tar.gz: OK
release	shift-left offline proof (release gate)	﻿2026-10-04T07:52:38.7020309Z ##[group]Run ./shift-left/verify-shift-left.sh
release	shift-left offline proof (release gate)	2026-10-04T07:52:38.7020821Z ^[[36;1m./shift-left/verify-shift-left.sh^[[0m
release	shift-left offline proof (release gate)	2026-10-04T07:52:38.7089164Z shell: /usr/bin/bash -e {0}
release	shift-left offline proof (release gate)	2026-10-04T07:52:38.7089583Z env:
release	shift-left offline proof (release gate)	2026-10-04T07:52:38.7089862Z   TAG: policy/v7.0.0
release	shift-left offline proof (release gate)	2026-10-04T07:52:38.7090165Z   GITSIGN_VERSION: 0.17.1
release	shift-left offline proof (release gate)	2026-10-04T07:52:38.7090640Z   GITSIGN_SHA256: 69213a8a0813a151e5a47d0060862952ff833a845d57309dff76f7ba6600abae
release	shift-left offline proof (release gate)	2026-10-04T07:52:38.7091160Z   COSIGN_VERSION: 2.4.1
release	shift-left offline proof (release gate)	2026-10-04T07:52:38.7091614Z   COSIGN_SHA256: 8b24b946dd5809c6bd93de08033bcf6bc0ed7d336b7785787c080f574b89249b
release	shift-left offline proof (release gate)	2026-10-04T07:52:38.7092166Z   KYVERNO_VERSION: 1.18.2
release	shift-left offline proof (release gate)	2026-10-04T07:52:38.7092639Z   KYVERNO_SHA256: cb2feb8356149fd2fe774c894ccf0969f4a60a83867dd913af724f74ffbbc18b
release	shift-left offline proof (release gate)	2026-10-04T07:52:38.7093754Z   EXPECTED_IDENTITY_REGEXP: ^https://github\.com/policy-as-versioned-platform/platform/\.github/workflows/cut-release\.yml@refs/heads/(main|release/[0-9]+\.[0-9]+\.x)$
release	shift-left offline proof (release gate)	2026-10-04T07:52:38.7094835Z   EXPECTED_ISSUER: https://token.actions.githubusercontent.com
release	shift-left offline proof (release gate)	2026-10-04T07:52:38.7095345Z ##[endgroup]
release	shift-left offline proof (release gate)	2026-10-04T07:52:38.8229361Z == a compliant change passes across its ±1 supported window ==
release	shift-left offline proof (release gate)	2026-10-04T07:52:40.0864983Z fixtures/workload-compliant.yaml: targets 5.0.0, checking supported window ['5.0.0', '6.0.0']
release	shift-left offline proof (release gate)	2026-10-04T07:52:40.0866561Z declared engine: kyverno 1.18.2 (read from fixtures/engine/kyverno.yaml, --engine-declaration fixtures/engine/kyverno.yaml)
release	shift-left offline proof (release gate)	2026-10-04T07:52:40.0867640Z --- kyverno apply @ v5.0.0 ---
release	shift-left offline proof (release gate)	2026-10-04T07:52:40.0868472Z Applying 5 policy rule(s) to 1 resource(s)...
release	shift-left offline proof (release gate)	2026-10-04T07:52:40.0868907Z 
release	shift-left offline proof (release gate)	2026-10-04T07:52:40.0869313Z policy cage-tier-5-0-0 applied to default/Pod/checkout-svc:
release	shift-left offline proof (release gate)	2026-10-04T07:52:40.0869957Z apiVersion: v1
release	shift-left offline proof (release gate)	2026-10-04T07:52:40.0870769Z kind: Pod
release	shift-left offline proof (release gate)	2026-10-04T07:52:40.0871185Z metadata:
release	shift-left offline proof (release gate)	2026-10-04T07:52:40.0871585Z   labels:
release	shift-left offline proof (release gate)	2026-10-04T07:52:40.0872090Z     policy-as-versioned.dev/policy-version: 5.0.0
release	shift-left offline proof (release gate)	2026-10-04T07:52:40.0872814Z     posture.acme.io/caged: "true"
release	shift-left offline proof (release gate)	2026-10-04T07:52:40.0873359Z     posture.acme.io/tier: isolated
release	shift-left offline proof (release gate)	2026-10-04T07:52:40.0873929Z     posture.acme.io/version: 5.0.0
release	shift-left offline proof (release gate)	2026-10-04T07:52:40.0874405Z   name: checkout-svc
release	shift-left offline proof (release gate)	2026-10-04T07:52:40.0874836Z   namespace: default
release	shift-left offline proof (release gate)	2026-10-04T07:52:40.0875233Z spec:
release	shift-left offline proof (release gate)	2026-10-04T07:52:40.0875572Z   containers:
release	shift-left offline proof (release gate)	2026-10-04T07:52:40.0875941Z   - image: nginx
release	shift-left offline proof (release gate)	2026-10-04T07:52:40.0876351Z     name: c
release	shift-left offline proof (release gate)	2026-10-04T07:52:40.0876736Z     resources:
release	shift-left offline proof (release gate)	2026-10-04T07:52:40.0877120Z       limits:
release	shift-left offline proof (release gate)	2026-10-04T07:52:40.0877508Z         cpu: 100m
release	shift-left offline proof (release gate)	2026-10-04T07:52:40.0877941Z         memory: 64Mi
release	shift-left offline proof (release gate)	2026-10-04T07:52:40.0878547Z     securityContext:
release	shift-left offline proof (release gate)	2026-10-04T07:52:40.0879060Z       allowPrivilegeEscalation: false
release	shift-left offline proof (release gate)	2026-10-04T07:52:40.0879551Z       capabilities:
release	shift-left offline proof (release gate)	2026-10-04T07:52:40.0879942Z         drop:
release	shift-left offline proof (release gate)	2026-10-04T07:52:40.0880279Z         - ALL
release	shift-left offline proof (release gate)	2026-10-04T07:52:40.0880634Z       privileged: false
release	shift-left offline proof (release gate)	2026-10-04T07:52:40.0881059Z       readOnlyRootFilesystem: true
release	shift-left offline proof (release gate)	2026-10-04T07:52:40.0881517Z       runAsNonRoot: true
release	shift-left offline proof (release gate)	2026-10-04T07:52:40.0881962Z   - image: ghcr.io/acme/coraza-waf:cage
release	shift-left offline proof (release gate)	2026-10-04T07:52:40.0882471Z     name: waf-sidecar
release	shift-left offline proof (release gate)	2026-10-04T07:52:40.0882833Z     resources:
release	shift-left offline proof (release gate)	2026-10-04T07:52:40.0883159Z       limits:
release	shift-left offline proof (release gate)	2026-10-04T07:52:40.0884160Z         cpu: 250m
release	shift-left offline proof (release gate)	2026-10-04T07:52:40.0884551Z         memory: 256Mi
release	shift-left offline proof (release gate)	2026-10-04T07:52:40.0884920Z     securityContext:
release	shift-left offline proof (release gate)	2026-10-04T07:52:40.0885331Z       allowPrivilegeEscalation: false
release	shift-left offline proof (release gate)	2026-10-04T07:52:40.0885828Z       capabilities:
release	shift-left offline proof (release gate)	2026-10-04T07:52:40.0886163Z         drop:
release	shift-left offline proof (release gate)	2026-10-04T07:52:40.0886485Z         - ALL
release	shift-left offline proof (release gate)	2026-10-04T07:52:40.0886828Z       privileged: false
release	shift-left offline proof (release gate)	2026-10-04T07:52:40.0887234Z       readOnlyRootFilesystem: true
release	shift-left offline proof (release gate)	2026-10-04T07:52:40.0887693Z       runAsNonRoot: true
release	shift-left offline proof (release gate)	2026-10-04T07:52:40.0888234Z   hostIPC: false
release	shift-left offline proof (release gate)	2026-10-04T07:52:40.0888585Z   hostNetwork: false
release	shift-left offline proof (release gate)	2026-10-04T07:52:40.0888960Z   hostPID: false
release	shift-left offline proof (release gate)	2026-10-04T07:52:40.0889335Z   preemptionPolicy: Never
release	shift-left offline proof (release gate)	2026-10-04T07:52:40.0889731Z   priority: -10000
release	shift-left offline proof (release gate)	2026-10-04T07:52:40.0890167Z   priorityClassName: cage-isolated-5-0-0
release	shift-left offline proof (release gate)	2026-10-04T07:52:40.0890552Z   securityContext:
release	shift-left offline proof (release gate)	2026-10-04T07:52:40.0891031Z     runAsNonRoot: true
release	shift-left offline proof (release gate)	2026-10-04T07:52:40.0891229Z 
release	shift-left offline proof (release gate)	2026-10-04T07:52:40.0891423Z ---
release	shift-left offline proof (release gate)	2026-10-04T07:52:40.0891606Z 
release	shift-left offline proof (release gate)	2026-10-04T07:52:40.0891625Z 
release	shift-left offline proof (release gate)	2026-10-04T07:52:40.0891750Z Mutation:
release	shift-left offline proof (release gate)	2026-10-04T07:52:40.0891975Z Mutation has been applied successfully.
release	shift-left offline proof (release gate)	2026-10-04T07:52:40.0892349Z policy cage-tier-5-0-0 applied to default/Pod/checkout-svc:
release	shift-left offline proof (release gate)	2026-10-04T07:52:40.0892855Z apiVersion: v1
release	shift-left offline proof (release gate)	2026-10-04T07:52:40.0893077Z kind: Pod
release	shift-left offline proof (release gate)	2026-10-04T07:52:40.0893258Z metadata:
release	shift-left offline proof (release gate)	2026-10-04T07:52:40.0893432Z   labels:
release	shift-left offline proof (release gate)	2026-10-04T07:52:40.0893677Z     policy-as-versioned.dev/policy-version: 5.0.0
release	shift-left offline proof (release gate)	2026-10-04T07:52:40.0894150Z     posture.acme.io/caged: "true"
release	shift-left offline proof (release gate)	2026-10-04T07:52:40.0894427Z     posture.acme.io/tier: isolated
release	shift-left offline proof (release gate)	2026-10-04T07:52:40.0894691Z     posture.acme.io/version: 5.0.0
release	shift-left offline proof (release gate)	2026-10-04T07:52:40.0894942Z   name: checkout-svc
release	shift-left offline proof (release gate)	2026-10-04T07:52:40.0895157Z   namespace: default
release	shift-left offline proof (release gate)	2026-10-04T07:52:40.0895353Z spec:
release	shift-left offline proof (release gate)	2026-10-04T07:52:40.0895531Z   containers:
release	shift-left offline proof (release gate)	2026-10-04T07:52:40.0895727Z   - image: nginx
release	shift-left offline proof (release gate)	2026-10-04T07:52:40.0895926Z     name: c
release	shift-left offline proof (release gate)	2026-10-04T07:52:40.0896103Z     resources:
release	shift-left offline proof (release gate)	2026-10-04T07:52:40.0896297Z       limits:
release	shift-left offline proof (release gate)	2026-10-04T07:52:40.0896482Z         cpu: 100m
release	shift-left offline proof (release gate)	2026-10-04T07:52:40.0896683Z         memory: 64Mi
release	shift-left offline proof (release gate)	2026-10-04T07:52:40.0896890Z     securityContext:
release	shift-left offline proof (release gate)	2026-10-04T07:52:40.0897126Z       allowPrivilegeEscalation: false
release	shift-left offline proof (release gate)	2026-10-04T07:52:40.0897392Z       capabilities:
release	shift-left offline proof (release gate)	2026-10-04T07:52:40.0897590Z         drop:
release	shift-left offline proof (release gate)	2026-10-04T07:52:40.0897776Z         - ALL
release	shift-left offline proof (release gate)	2026-10-04T07:52:40.0898195Z       privileged: false
release	shift-left offline proof (release gate)	2026-10-04T07:52:40.0898466Z       readOnlyRootFilesystem: true
release	shift-left offline proof (release gate)	2026-10-04T07:52:40.0898726Z       runAsNonRoot: true
release	shift-left offline proof (release gate)	2026-10-04T07:52:40.0898974Z   - image: ghcr.io/acme/coraza-waf:cage
release	shift-left offline proof (release gate)	2026-10-04T07:52:40.0899255Z     name: waf-sidecar
release	shift-left offline proof (release gate)	2026-10-04T07:52:40.0899466Z     resources:
release	shift-left offline proof (release gate)	2026-10-04T07:52:40.0899659Z       limits:
release	shift-left offline proof (release gate)	2026-10-04T07:52:40.0899844Z         cpu: 250m
release	shift-left offline proof (release gate)	2026-10-04T07:52:40.0900046Z         memory: 256Mi
release	shift-left offline proof (release gate)	2026-10-04T07:52:40.0900255Z     securityContext:
release	shift-left offline proof (release gate)	2026-10-04T07:52:40.0900502Z       allowPrivilegeEscalation: false
release	shift-left offline proof (release gate)	2026-10-04T07:52:40.0900765Z       capabilities:
release	shift-left offline proof (release gate)	2026-10-04T07:52:40.0900965Z         drop:
release	shift-left offline proof (release gate)	2026-10-04T07:52:40.0901154Z         - ALL
release	shift-left offline proof (release gate)	2026-10-04T07:52:40.0901346Z       privileged: false
release	shift-left offline proof (release gate)	2026-10-04T07:52:40.0901581Z       readOnlyRootFilesystem: true
release	shift-left offline proof (release gate)	2026-10-04T07:52:40.0901845Z       runAsNonRoot: true
release	shift-left offline proof (release gate)	2026-10-04T07:52:40.0902066Z   hostIPC: false
release	shift-left offline proof (release gate)	2026-10-04T07:52:40.0902267Z   hostNetwork: false
release	shift-left offline proof (release gate)	2026-10-04T07:52:40.0902468Z   hostPID: false
release	shift-left offline proof (release gate)	2026-10-04T07:52:40.0902703Z   preemptionPolicy: Never
release	shift-left offline proof (release gate)	2026-10-04T07:52:40.0902937Z   priority: -10000
release	shift-left offline proof (release gate)	2026-10-04T07:52:40.0903186Z   priorityClassName: cage-isolated-5-0-0
release	shift-left offline proof (release gate)	2026-10-04T07:52:40.0903470Z   securityContext:
release	shift-left offline proof (release gate)	2026-10-04T07:52:40.0903679Z     runAsNonRoot: true
release	shift-left offline proof (release gate)	2026-10-04T07:52:40.0903820Z 
release	shift-left offline proof (release gate)	2026-10-04T07:52:40.0903906Z ---
release	shift-left offline proof (release gate)	2026-10-04T07:52:40.0904005Z 
release	shift-left offline proof (release gate)	2026-10-04T07:52:40.0904012Z 
release	shift-left offline proof (release gate)	2026-10-04T07:52:40.0904095Z Mutation:
release	shift-left offline proof (release gate)	2026-10-04T07:52:40.0904306Z Mutation has been applied successfully.
release	shift-left offline proof (release gate)	2026-10-04T07:52:40.0904686Z policy stamp-posture-5-0-0 applied to default/Pod/checkout-svc:
release	shift-left offline proof (release gate)	2026-10-04T07:52:40.0905047Z apiVersion: v1
release	shift-left offline proof (release gate)	2026-10-04T07:52:40.0905246Z kind: Pod
release	shift-left offline proof (release gate)	2026-10-04T07:52:40.0905634Z metadata:
release	shift-left offline proof (release gate)	2026-10-04T07:52:40.0905817Z   labels:
release	shift-left offline proof (release gate)	2026-10-04T07:52:40.0906061Z     policy-as-versioned.dev/policy-version: 5.0.0
release	shift-left offline proof (release gate)	2026-10-04T07:52:40.0906387Z     posture.acme.io/caged: "true"
release	shift-left offline proof (release gate)	2026-10-04T07:52:40.0906652Z     posture.acme.io/tier: isolated
release	shift-left offline proof (release gate)	2026-10-04T07:52:40.0906922Z     posture.acme.io/version: 5.0.0
release	shift-left offline proof (release gate)	2026-10-04T07:52:40.0907168Z   name: checkout-svc
release	shift-left offline proof (release gate)	2026-10-04T07:52:40.0907378Z   namespace: default
release	shift-left offline proof (release gate)	2026-10-04T07:52:40.0907577Z spec:
release	shift-left offline proof (release gate)	2026-10-04T07:52:40.0907754Z   containers:
release	shift-left offline proof (release gate)	2026-10-04T07:52:40.0907947Z   - image: nginx
release	shift-left offline proof (release gate)	2026-10-04T07:52:40.0908720Z     name: c
release	shift-left offline proof (release gate)	2026-10-04T07:52:40.0908909Z     resources:
release	shift-left offline proof (release gate)	2026-10-04T07:52:40.0909092Z       limits:
release	shift-left offline proof (release gate)	2026-10-04T07:52:40.0909276Z         cpu: 100m
release	shift-left offline proof (release gate)	2026-10-04T07:52:40.0909477Z         memory: 64Mi
release	shift-left offline proof (release gate)	2026-10-04T07:52:40.0909688Z     securityContext:
release	shift-left offline proof (release gate)	2026-10-04T07:52:40.0910133Z       allowPrivilegeEscalation: false
release	shift-left offline proof (release gate)	2026-10-04T07:52:40.0910445Z       capabilities:
release	shift-left offline proof (release gate)	2026-10-04T07:52:40.0910749Z         drop:
release	shift-left offline proof (release gate)	2026-10-04T07:52:40.0910944Z         - ALL
release	shift-left offline proof (release gate)	2026-10-04T07:52:40.0911142Z       privileged: false
release	shift-left offline proof (release gate)	2026-10-04T07:52:40.0911377Z       readOnlyRootFilesystem: true
release	shift-left offline proof (release gate)	2026-10-04T07:52:40.0911647Z       runAsNonRoot: true
release	shift-left offline proof (release gate)	2026-10-04T07:52:40.0911892Z   - image: ghcr.io/acme/coraza-waf:cage
release	shift-left offline proof (release gate)	2026-10-04T07:52:40.0912164Z     name: waf-sidecar
release	shift-left offline proof (release gate)	2026-10-04T07:52:40.0912370Z     resources:
release	shift-left offline proof (release gate)	2026-10-04T07:52:40.0912554Z       limits:
release	shift-left offline proof (release gate)	2026-10-04T07:52:40.0912741Z         cpu: 250m
release	shift-left offline proof (release gate)	2026-10-04T07:52:40.0912938Z         memory: 256Mi
release	shift-left offline proof (release gate)	2026-10-04T07:52:40.0913148Z     securityContext:
release	shift-left offline proof (release gate)	2026-10-04T07:52:40.0913378Z       allowPrivilegeEscalation: false
release	shift-left offline proof (release gate)	2026-10-04T07:52:40.0913645Z       capabilities:
release	shift-left offline proof (release gate)	2026-10-04T07:52:40.0913885Z         drop:
release	shift-left offline proof (release gate)	2026-10-04T07:52:40.0914075Z         - ALL
release	shift-left offline proof (release gate)	2026-10-04T07:52:40.0914268Z       privileged: false
release	shift-left offline proof (release gate)	2026-10-04T07:52:40.0914508Z       readOnlyRootFilesystem: true
release	shift-left offline proof (release gate)	2026-10-04T07:52:40.0914770Z       runAsNonRoot: true
release	shift-left offline proof (release gate)	2026-10-04T07:52:40.0914989Z   hostIPC: false
release	shift-left offline proof (release gate)	2026-10-04T07:52:40.0915192Z   hostNetwork: false
release	shift-left offline proof (release gate)	2026-10-04T07:52:40.0915403Z   hostPID: false
release	shift-left offline proof (release gate)	2026-10-04T07:52:40.0915611Z   preemptionPolicy: Never
release	shift-left offline proof (release gate)	2026-10-04T07:52:40.0915841Z   priority: -10000
release	shift-left offline proof (release gate)	2026-10-04T07:52:40.0916080Z   priorityClassName: cage-isolated-5-0-0
release	shift-left offline proof (release gate)	2026-10-04T07:52:40.0916352Z   securityContext:
release	shift-left offline proof (release gate)	2026-10-04T07:52:40.0916554Z     runAsNonRoot: true
release	shift-left offline proof (release gate)	2026-10-04T07:52:40.0916688Z 
release	shift-left offline proof (release gate)	2026-10-04T07:52:40.0916770Z ---
release	shift-left offline proof (release gate)	2026-10-04T07:52:40.0916865Z 
release	shift-left offline proof (release gate)	2026-10-04T07:52:40.0916872Z 
release	shift-left offline proof (release gate)	2026-10-04T07:52:40.0916956Z Mutation:
release	shift-left offline proof (release gate)	2026-10-04T07:52:40.0917163Z Mutation has been applied successfully.
release	shift-left offline proof (release gate)	2026-10-04T07:52:40.0917535Z policy stamp-posture-5-0-0 applied to default/Pod/checkout-svc:
release	shift-left offline proof (release gate)	2026-10-04T07:52:40.0917889Z apiVersion: v1
release	shift-left offline proof (release gate)	2026-10-04T07:52:40.0918349Z kind: Pod
release	shift-left offline proof (release gate)	2026-10-04T07:52:40.0918540Z metadata:
release	shift-left offline proof (release gate)	2026-10-04T07:52:40.0918719Z   labels:
release	shift-left offline proof (release gate)	2026-10-04T07:52:40.0918957Z     policy-as-versioned.dev/policy-version: 5.0.0
release	shift-left offline proof (release gate)	2026-10-04T07:52:40.0919286Z     posture.acme.io/caged: "true"
release	shift-left offline proof (release gate)	2026-10-04T07:52:40.0919556Z     posture.acme.io/tier: isolated
release	shift-left offline proof (release gate)	2026-10-04T07:52:40.0919823Z     posture.acme.io/version: 5.0.0
release	shift-left offline proof (release gate)	2026-10-04T07:52:40.0920071Z   name: checkout-svc
release	shift-left offline proof (release gate)	2026-10-04T07:52:40.0920285Z   namespace: default
release	shift-left offline proof (release gate)	2026-10-04T07:52:40.0920485Z spec:
release	shift-left offline proof (release gate)	2026-10-04T07:52:40.0920664Z   containers:
release	shift-left offline proof (release gate)	2026-10-04T07:52:40.0920858Z   - image: nginx
release	shift-left offline proof (release gate)	2026-10-04T07:52:40.0921053Z     name: c
release	shift-left offline proof (release gate)	2026-10-04T07:52:40.0921237Z     resources:
release	shift-left offline proof (release gate)	2026-10-04T07:52:40.0921426Z       limits:
release	shift-left offline proof (release gate)	2026-10-04T07:52:40.0921616Z         cpu: 100m
release	shift-left offline proof (release gate)	2026-10-04T07:52:40.0921811Z         memory: 64Mi
release	shift-left offline proof (release gate)	2026-10-04T07:52:40.0922033Z     securityContext:
release	shift-left offline proof (release gate)	2026-10-04T07:52:40.0922272Z       allowPrivilegeEscalation: false
release	shift-left offline proof (release gate)	2026-10-04T07:52:40.0922536Z       capabilities:
release	shift-left offline proof (release gate)	2026-10-04T07:52:40.0922735Z         drop:
release	shift-left offline proof (release gate)	2026-10-04T07:52:40.0922923Z         - ALL
release	shift-left offline proof (release gate)	2026-10-04T07:52:40.0923122Z       privileged: false
release	shift-left offline proof (release gate)	2026-10-04T07:52:40.0923362Z       readOnlyRootFilesystem: true
release	shift-left offline proof (release gate)	2026-10-04T07:52:40.0923632Z       runAsNonRoot: true
release	shift-left offline proof (release gate)	2026-10-04T07:52:40.0923890Z   - image: ghcr.io/acme/coraza-waf:cage
release	shift-left offline proof (release gate)	2026-10-04T07:52:40.0924164Z     name: waf-sidecar
release	shift-left offline proof (release gate)	2026-10-04T07:52:40.0924541Z     resources:
release	shift-left offline proof (release gate)	2026-10-04T07:52:40.0924734Z       limits:
release	shift-left offline proof (release gate)	2026-10-04T07:52:40.0924930Z         cpu: 250m
release	shift-left offline proof (release gate)	2026-10-04T07:52:40.0925130Z         memory: 256Mi
release	shift-left offline proof (release gate)	2026-10-04T07:52:40.0925344Z     securityContext:
release	shift-left offline proof (release gate)	2026-10-04T07:52:40.0925587Z       allowPrivilegeEscalation: false
release	shift-left offline proof (release gate)	2026-10-04T07:52:40.0925855Z       capabilities:
release	shift-left offline proof (release gate)	2026-10-04T07:52:40.0926055Z         drop:
release	shift-left offline proof (release gate)	2026-10-04T07:52:40.0926238Z         - ALL
release	shift-left offline proof (release gate)	2026-10-04T07:52:40.0926439Z       privileged: false
release	shift-left offline proof (release gate)	2026-10-04T07:52:40.0926682Z       readOnlyRootFilesystem: true
release	shift-left offline proof (release gate)	2026-10-04T07:52:40.0926945Z       runAsNonRoot: true
release	shift-left offline proof (release gate)	2026-10-04T07:52:40.0927172Z   hostIPC: false
release	shift-left offline proof (release gate)	2026-10-04T07:52:40.0927386Z   hostNetwork: false
release	shift-left offline proof (release gate)	2026-10-04T07:52:40.0927600Z   hostPID: false
release	shift-left offline proof (release gate)	2026-10-04T07:52:40.0927815Z   preemptionPolicy: Never
release	shift-left offline proof (release gate)	2026-10-04T07:52:40.0928309Z   priority: -10000
release	shift-left offline proof (release gate)	2026-10-04T07:52:40.0928734Z   priorityClassName: cage-isolated-5-0-0
release	shift-left offline proof (release gate)	2026-10-04T07:52:40.0929025Z   securityContext:
release	shift-left offline proof (release gate)	2026-10-04T07:52:40.0929248Z     runAsNonRoot: true
release	shift-left offline proof (release gate)	2026-10-04T07:52:40.0929393Z 
release	shift-left offline proof (release gate)	2026-10-04T07:52:40.0929470Z ---
release	shift-left offline proof (release gate)	2026-10-04T07:52:40.0929578Z 
release	shift-left offline proof (release gate)	2026-10-04T07:52:40.0929585Z 
release	shift-left offline proof (release gate)	2026-10-04T07:52:40.0929668Z Mutation:
release	shift-left offline proof (release gate)	2026-10-04T07:52:40.0929891Z Mutation has been applied successfully.
release	shift-left offline proof (release gate)	2026-10-04T07:52:40.0930276Z policy cage-netpol-5-0-0 applied to default/Pod/checkout-svc:
release	shift-left offline proof (release gate)	2026-10-04T07:52:40.0930660Z apiVersion: networking.k8s.io/v1
release	shift-left offline proof (release gate)	2026-10-04T07:52:40.0930922Z kind: NetworkPolicy
release	shift-left offline proof (release gate)	2026-10-04T07:52:40.0931128Z metadata:
release	shift-left offline proof (release gate)	2026-10-04T07:52:40.0931310Z   labels:
release	shift-left offline proof (release gate)	2026-10-04T07:52:40.0931525Z     app.kubernetes.io/managed-by: kyverno
release	shift-left offline proof (release gate)	2026-10-04T07:52:40.0931825Z     posture.acme.io/cage: reach
release	shift-left offline proof (release gate)	2026-10-04T07:52:40.0932097Z     posture.acme.io/tier: restricted
release	shift-left offline proof (release gate)	2026-10-04T07:52:40.0932379Z   name: cage-reach-restricted
release	shift-left offline proof (release gate)	2026-10-04T07:52:40.0932627Z   namespace: default
release	shift-left offline proof (release gate)	2026-10-04T07:52:40.0932831Z spec:
release	shift-left offline proof (release gate)	2026-10-04T07:52:40.0933012Z   egress:
release	shift-left offline proof (release gate)	2026-10-04T07:52:40.0933198Z   - ports:
release	shift-left offline proof (release gate)	2026-10-04T07:52:40.0933389Z     - port: 53
release	shift-left offline proof (release gate)	2026-10-04T07:52:40.0933594Z       protocol: UDP
release	shift-left offline proof (release gate)	2026-10-04T07:52:40.0933799Z     to:
release	shift-left offline proof (release gate)	2026-10-04T07:52:40.0933999Z     - namespaceSelector:
release	shift-left offline proof (release gate)	2026-10-04T07:52:40.0934232Z         matchLabels:
release	shift-left offline proof (release gate)	2026-10-04T07:52:40.0934492Z           kubernetes.io/metadata.name: kube-system
release	shift-left offline proof (release gate)	2026-10-04T07:52:40.0934780Z   ingress:
release	shift-left offline proof (release gate)	2026-10-04T07:52:40.0934963Z   - from:
release	shift-left offline proof (release gate)	2026-10-04T07:52:40.0935157Z     - podSelector: {}
release	shift-left offline proof (release gate)	2026-10-04T07:52:40.0935377Z   podSelector:
release	shift-left offline proof (release gate)	2026-10-04T07:52:40.0935571Z     matchLabels:
release	shift-left offline proof (release gate)	2026-10-04T07:52:40.0935800Z       posture.acme.io/caged: "true"
release	shift-left offline proof (release gate)	2026-10-04T07:52:40.0936084Z       posture.acme.io/tier: restricted
release	shift-left offline proof (release gate)	2026-10-04T07:52:40.0936345Z   policyTypes:
release	shift-left offline proof (release gate)	2026-10-04T07:52:40.0936536Z   - Ingress
release	shift-left offline proof (release gate)	2026-10-04T07:52:40.0936716Z   - Egress
release	shift-left offline proof (release gate)	2026-10-04T07:52:40.0936817Z 
release	shift-left offline proof (release gate)	2026-10-04T07:52:40.0936896Z ---
release	shift-left offline proof (release gate)	2026-10-04T07:52:40.0936997Z 
release	shift-left offline proof (release gate)	2026-10-04T07:52:40.0937003Z 
release	shift-left offline proof (release gate)	2026-10-04T07:52:40.0937085Z Generate:
release	shift-left offline proof (release gate)	2026-10-04T07:52:40.0937296Z Generation completed successfully.
release	shift-left offline proof (release gate)	2026-10-04T07:52:40.0937654Z policy cage-netpol-5-0-0 applied to default/Pod/checkout-svc:
release	shift-left offline proof (release gate)	2026-10-04T07:52:40.0938639Z apiVersion: networking.k8s.io/v1
release	shift-left offline proof (release gate)	2026-10-04T07:52:40.0938960Z kind: NetworkPolicy
release	shift-left offline proof (release gate)	2026-10-04T07:52:40.0939177Z metadata:
release	shift-left offline proof (release gate)	2026-10-04T07:52:40.0939357Z   labels:
release	shift-left offline proof (release gate)	2026-10-04T07:52:40.0939577Z     app.kubernetes.io/managed-by: kyverno
release	shift-left offline proof (release gate)	2026-10-04T07:52:40.0939875Z     posture.acme.io/cage: reach
release	shift-left offline proof (release gate)	2026-10-04T07:52:40.0940150Z     posture.acme.io/tier: quarantine
release	shift-left offline proof (release gate)	2026-10-04T07:52:40.0940430Z   name: cage-reach-quarantine
release	shift-left offline proof (release gate)	2026-10-04T07:52:40.0940682Z   namespace: default
release	shift-left offline proof (release gate)	2026-10-04T07:52:40.0940885Z spec:
release	shift-left offline proof (release gate)	2026-10-04T07:52:40.0941063Z   egress:
release	shift-left offline proof (release gate)	2026-10-04T07:52:40.0941246Z   - ports:
release	shift-left offline proof (release gate)	2026-10-04T07:52:40.0941435Z     - port: 53
release	shift-left offline proof (release gate)	2026-10-04T07:52:40.0941650Z       protocol: UDP
release	shift-left offline proof (release gate)	2026-10-04T07:52:40.0941849Z     to:
release	shift-left offline proof (release gate)	2026-10-04T07:52:40.0942047Z     - namespaceSelector:
release	shift-left offline proof (release gate)	2026-10-04T07:52:40.0942282Z         matchLabels:
release	shift-left offline proof (release gate)	2026-10-04T07:52:40.0942555Z           kubernetes.io/metadata.name: kube-system
release	shift-left offline proof (release gate)	2026-10-04T07:52:40.0942852Z   ingress:
release	shift-left offline proof (release gate)	2026-10-04T07:52:40.0943036Z   - from:
release	shift-left offline proof (release gate)	2026-10-04T07:52:40.0943423Z     - podSelector: {}
release	shift-left offline proof (release gate)	2026-10-04T07:52:40.0943652Z   podSelector:
release	shift-left offline proof (release gate)	2026-10-04T07:52:40.0943851Z     matchLabels:
release	shift-left offline proof (release gate)	2026-10-04T07:52:40.0944079Z       posture.acme.io/caged: "true"
release	shift-left offline proof (release gate)	2026-10-04T07:52:40.0944367Z       posture.acme.io/tier: quarantine
release	shift-left offline proof (release gate)	2026-10-04T07:52:40.0944638Z   policyTypes:
release	shift-left offline proof (release gate)	2026-10-04T07:52:40.0944833Z   - Ingress
release	shift-left offline proof (release gate)	2026-10-04T07:52:40.0945021Z   - Egress
release	shift-left offline proof (release gate)	2026-10-04T07:52:40.0945124Z 
release	shift-left offline proof (release gate)	2026-10-04T07:52:40.0945206Z ---
release	shift-left offline proof (release gate)	2026-10-04T07:52:40.0945307Z 
release	shift-left offline proof (release gate)	2026-10-04T07:52:40.0945314Z 
release	shift-left offline proof (release gate)	2026-10-04T07:52:40.0945410Z Generate:
release	shift-left offline proof (release gate)	2026-10-04T07:52:40.0945624Z Generation completed successfully.
release	shift-left offline proof (release gate)	2026-10-04T07:52:40.0945984Z policy cage-netpol-5-0-0 applied to default/Pod/checkout-svc:
release	shift-left offline proof (release gate)	2026-10-04T07:52:40.0946356Z apiVersion: networking.k8s.io/v1
release	shift-left offline proof (release gate)	2026-10-04T07:52:40.0946613Z kind: NetworkPolicy
release	shift-left offline proof (release gate)	2026-10-04T07:52:40.0946810Z metadata:
release	shift-left offline proof (release gate)	2026-10-04T07:52:40.0947134Z   labels:
release	shift-left offline proof (release gate)	2026-10-04T07:52:40.0947360Z     app.kubernetes.io/managed-by: kyverno
release	shift-left offline proof (release gate)	2026-10-04T07:52:40.0947654Z     posture.acme.io/cage: reach
release	shift-left offline proof (release gate)	2026-10-04T07:52:40.0947926Z     posture.acme.io/tier: isolated
release	shift-left offline proof (release gate)	2026-10-04T07:52:40.0948530Z   name: cage-reach-isolated
release	shift-left offline proof (release gate)	2026-10-04T07:52:40.0948777Z   namespace: default
release	shift-left offline proof (release gate)	2026-10-04T07:52:40.0948981Z spec:
release	shift-left offline proof (release gate)	2026-10-04T07:52:40.0949162Z   egress: []
release	shift-left offline proof (release gate)	2026-10-04T07:52:40.0949353Z   ingress: []
release	shift-left offline proof (release gate)	2026-10-04T07:52:40.0949543Z   podSelector:
release	shift-left offline proof (release gate)	2026-10-04T07:52:40.0949738Z     matchLabels:
release	shift-left offline proof (release gate)	2026-10-04T07:52:40.0949961Z       posture.acme.io/caged: "true"
release	shift-left offline proof (release gate)	2026-10-04T07:52:40.0950242Z       posture.acme.io/tier: isolated
release	shift-left offline proof (release gate)	2026-10-04T07:52:40.0950499Z   policyTypes:
release	shift-left offline proof (release gate)	2026-10-04T07:52:40.0950692Z   - Ingress
release	shift-left offline proof (release gate)	2026-10-04T07:52:40.0950875Z   - Egress
release	shift-left offline proof (release gate)	2026-10-04T07:52:40.0950979Z 
release	shift-left offline proof (release gate)	2026-10-04T07:52:40.0951060Z ---
release	shift-left offline proof (release gate)	2026-10-04T07:52:40.0951156Z 
release	shift-left offline proof (release gate)	2026-10-04T07:52:40.0951163Z 
release	shift-left offline proof (release gate)	2026-10-04T07:52:40.0951251Z Generate:
release	shift-left offline proof (release gate)	2026-10-04T07:52:40.0951468Z Generation completed successfully.
release	shift-left offline proof (release gate)	2026-10-04T07:52:40.0951799Z pass: 7, fail: 0, warn: 0, error: 0, skip: 0
release	shift-left offline proof (release gate)	2026-10-04T07:52:40.0952103Z --- kyverno apply @ v6.0.0 ---
release	shift-left offline proof (release gate)	2026-10-04T07:52:40.0952405Z Applying 5 policy rule(s) to 1 resource(s)...
release	shift-left offline proof (release gate)	2026-10-04T07:52:40.0952620Z 
release	shift-left offline proof (release gate)	2026-10-04T07:52:40.0952812Z policy cage-tier-6-0-0 applied to default/Pod/checkout-svc:
release	shift-left offline proof (release gate)	2026-10-04T07:52:40.0953145Z apiVersion: v1
release	shift-left offline proof (release gate)	2026-10-04T07:52:40.0953340Z kind: Pod
release	shift-left offline proof (release gate)	2026-10-04T07:52:40.0953518Z metadata:
release	shift-left offline proof (release gate)	2026-10-04T07:52:40.0953696Z   labels:
release	shift-left offline proof (release gate)	2026-10-04T07:52:40.0953944Z     policy-as-versioned.dev/policy-version: 6.0.0
release	shift-left offline proof (release gate)	2026-10-04T07:52:40.0954277Z     posture.acme.io/caged: "true"
release	shift-left offline proof (release gate)	2026-10-04T07:52:40.0954553Z     posture.acme.io/tier: isolated
release	shift-left offline proof (release gate)	2026-10-04T07:52:40.0954826Z     posture.acme.io/version: 6.0.0
release	shift-left offline proof (release gate)	2026-10-04T07:52:40.0955081Z   name: checkout-svc
release	shift-left offline proof (release gate)	2026-10-04T07:52:40.0955299Z   namespace: default
release	shift-left offline proof (release gate)	2026-10-04T07:52:40.0955505Z spec:
release	shift-left offline proof (release gate)	2026-10-04T07:52:40.0955689Z   containers:
release	shift-left offline proof (release gate)	2026-10-04T07:52:40.0955886Z   - image: nginx
release	shift-left offline proof (release gate)	2026-10-04T07:52:40.0956085Z     name: c
release	shift-left offline proof (release gate)	2026-10-04T07:52:40.0956272Z     resources:
release	shift-left offline proof (release gate)	2026-10-04T07:52:40.0956460Z       limits:
release	shift-left offline proof (release gate)	2026-10-04T07:52:40.0956644Z         cpu: 100m
release	shift-left offline proof (release gate)	2026-10-04T07:52:40.0956845Z         memory: 64Mi
release	shift-left offline proof (release gate)	2026-10-04T07:52:40.0957060Z     securityContext:
release	shift-left offline proof (release gate)	2026-10-04T07:52:40.0957298Z       allowPrivilegeEscalation: false
release	shift-left offline proof (release gate)	2026-10-04T07:52:40.0957565Z       capabilities:
release	shift-left offline proof (release gate)	2026-10-04T07:52:40.0957774Z         drop:
release	shift-left offline proof (release gate)	2026-10-04T07:52:40.0957968Z         - ALL
release	shift-left offline proof (release gate)	2026-10-04T07:52:40.0958323Z       privileged: false
release	shift-left offline proof (release gate)	2026-10-04T07:52:40.0958579Z       readOnlyRootFilesystem: true
release	shift-left offline proof (release gate)	2026-10-04T07:52:40.0958857Z       runAsNonRoot: true
release	shift-left offline proof (release gate)	2026-10-04T07:52:40.0959127Z   - image: ghcr.io/acme/coraza-waf:cage
release	shift-left offline proof (release gate)	2026-10-04T07:52:40.0959406Z     name: waf-sidecar
release	shift-left offline proof (release gate)	2026-10-04T07:52:40.0959620Z     resources:
release	shift-left offline proof (release gate)	2026-10-04T07:52:40.0959814Z       limits:
release	shift-left offline proof (release gate)	2026-10-04T07:52:40.0960003Z         cpu: 250m
release	shift-left offline proof (release gate)	2026-10-04T07:52:40.0960209Z         memory: 256Mi
release	shift-left offline proof (release gate)	2026-10-04T07:52:40.0960427Z     securityContext:
release	shift-left offline proof (release gate)	2026-10-04T07:52:40.0960681Z       allowPrivilegeEscalation: false
release	shift-left offline proof (release gate)	2026-10-04T07:52:40.0960966Z       capabilities:
release	shift-left offline proof (release gate)	2026-10-04T07:52:40.0961167Z         drop:
release	shift-left offline proof (release gate)	2026-10-04T07:52:40.0961356Z         - ALL
release	shift-left offline proof (release gate)	2026-10-04T07:52:40.0961556Z       privileged: false
release	shift-left offline proof (release gate)	2026-10-04T07:52:40.0961957Z       readOnlyRootFilesystem: true
release	shift-left offline proof (release gate)	2026-10-04T07:52:40.0962228Z       runAsNonRoot: true
release	shift-left offline proof (release gate)	2026-10-04T07:52:40.0962536Z   hostIPC: false
release	shift-left offline proof (release gate)	2026-10-04T07:52:40.0962743Z   hostNetwork: false
release	shift-left offline proof (release gate)	2026-10-04T07:52:40.0962950Z   hostPID: false
release	shift-left offline proof (release gate)	2026-10-04T07:52:40.0963174Z   preemptionPolicy: Never
release	shift-left offline proof (release gate)	2026-10-04T07:52:40.0963413Z   priority: -10000
release	shift-left offline proof (release gate)	2026-10-04T07:52:40.0963664Z   priorityClassName: cage-isolated-6-0-0
release	shift-left offline proof (release gate)	2026-10-04T07:52:40.0963950Z   securityContext:
release	shift-left offline proof (release gate)	2026-10-04T07:52:40.0964160Z     runAsNonRoot: true
release	shift-left offline proof (release gate)	2026-10-04T07:52:40.0964291Z 
release	shift-left offline proof (release gate)	2026-10-04T07:52:40.0964371Z ---
release	shift-left offline proof (release gate)	2026-10-04T07:52:40.0964469Z 
release	shift-left offline proof (release gate)	2026-10-04T07:52:40.0964477Z 
release	shift-left offline proof (release gate)	2026-10-04T07:52:40.0964565Z Mutation:
release	shift-left offline proof (release gate)	2026-10-04T07:52:40.0964793Z Mutation has been applied successfully.
release	shift-left offline proof (release gate)	2026-10-04T07:52:40.0965164Z policy cage-tier-6-0-0 applied to default/Pod/checkout-svc:
release	shift-left offline proof (release gate)	2026-10-04T07:52:40.0965643Z apiVersion: v1
release	shift-left offline proof (release gate)	2026-10-04T07:52:40.0965843Z kind: Pod
release	shift-left offline proof (release gate)	2026-10-04T07:52:40.0966024Z metadata:
release	shift-left offline proof (release gate)	2026-10-04T07:52:40.0966201Z   labels:
release	shift-left offline proof (release gate)	2026-10-04T07:52:40.0966456Z     policy-as-versioned.dev/policy-version: 6.0.0
release	shift-left offline proof (release gate)	2026-10-04T07:52:40.0966783Z     posture.acme.io/caged: "true"
release	shift-left offline proof (release gate)	2026-10-04T07:52:40.0967060Z     posture.acme.io/tier: isolated
release	shift-left offline proof (release gate)	2026-10-04T07:52:40.0967328Z     posture.acme.io/version: 6.0.0
release	shift-left offline proof (release gate)	2026-10-04T07:52:40.0967579Z   name: checkout-svc
release	shift-left offline proof (release gate)	2026-10-04T07:52:40.0967794Z   namespace: default
release	shift-left offline proof (release gate)	2026-10-04T07:52:40.0968141Z spec:
release	shift-left offline proof (release gate)	2026-10-04T07:52:40.0968329Z   containers:
release	shift-left offline proof (release gate)	2026-10-04T07:52:40.0968524Z   - image: nginx
release	shift-left offline proof (release gate)	2026-10-04T07:52:40.0968718Z     name: c
release	shift-left offline proof (release gate)	2026-10-04T07:52:40.0968900Z     resources:
release	shift-left offline proof (release gate)	2026-10-04T07:52:40.0969088Z       limits:
release	shift-left offline proof (release gate)	2026-10-04T07:52:40.0969289Z         cpu: 100m
release	shift-left offline proof (release gate)	2026-10-04T07:52:40.0969489Z         memory: 64Mi
release	shift-left offline proof (release gate)	2026-10-04T07:52:40.0969697Z     securityContext:
release	shift-left offline proof (release gate)	2026-10-04T07:52:40.0969941Z       allowPrivilegeEscalation: false
release	shift-left offline proof (release gate)	2026-10-04T07:52:40.0970215Z       capabilities:
release	shift-left offline proof (release gate)	2026-10-04T07:52:40.0970415Z         drop:
release	shift-left offline proof (release gate)	2026-10-04T07:52:40.0970603Z         - ALL
release	shift-left offline proof (release gate)	2026-10-04T07:52:40.0970805Z       privileged: false
release	shift-left offline proof (release gate)	2026-10-04T07:52:40.0971060Z       readOnlyRootFilesystem: true
release	shift-left offline proof (release gate)	2026-10-04T07:52:40.0971323Z       runAsNonRoot: true
release	shift-left offline proof (release gate)	2026-10-04T07:52:40.0971578Z   - image: ghcr.io/acme/coraza-waf:cage
release	shift-left offline proof (release gate)	2026-10-04T07:52:40.0971852Z     name: waf-sidecar
release	shift-left offline proof (release gate)	2026-10-04T07:52:40.0972069Z     resources:
release	shift-left offline proof (release gate)	2026-10-04T07:52:40.0972258Z       limits:
release	shift-left offline proof (release gate)	2026-10-04T07:52:40.0972503Z         cpu: 250m
release	shift-left offline proof (release gate)	2026-10-04T07:52:40.0972715Z         memory: 256Mi
release	shift-left offline proof (release gate)	2026-10-04T07:52:40.0972932Z     securityContext:
release	shift-left offline proof (release gate)	2026-10-04T07:52:40.0973174Z       allowPrivilegeEscalation: false
release	shift-left offline proof (release gate)	2026-10-04T07:52:40.0973444Z       capabilities:
release	shift-left offline proof (release gate)	2026-10-04T07:52:40.0973643Z         drop:
release	shift-left offline proof (release gate)	2026-10-04T07:52:40.0973833Z         - ALL
release	shift-left offline proof (release gate)	2026-10-04T07:52:40.0974034Z       privileged: false
release	shift-left offline proof (release gate)	2026-10-04T07:52:40.0974283Z       readOnlyRootFilesystem: true
release	shift-left offline proof (release gate)	2026-10-04T07:52:40.0974559Z       runAsNonRoot: true
release	shift-left offline proof (release gate)	2026-10-04T07:52:40.0974791Z   hostIPC: false
release	shift-left offline proof (release gate)	2026-10-04T07:52:40.0974997Z   hostNetwork: false
release	shift-left offline proof (release gate)	2026-10-04T07:52:40.0975209Z   hostPID: false
release	shift-left offline proof (release gate)	2026-10-04T07:52:40.0975431Z   preemptionPolicy: Never
release	shift-left offline proof (release gate)	2026-10-04T07:52:40.0975782Z   priority: -10000
release	shift-left offline proof (release gate)	2026-10-04T07:52:40.0976185Z   priorityClassName: cage-isolated-6-0-0
release	shift-left offline proof (release gate)	2026-10-04T07:52:40.0976683Z   securityContext:
release	shift-left offline proof (release gate)	2026-10-04T07:52:40.0977148Z     runAsNonRoot: true
release	shift-left offline proof (release gate)	2026-10-04T07:52:40.0977475Z 
release	shift-left offline proof (release gate)	2026-10-04T07:52:40.0977647Z ---
release	shift-left offline proof (release gate)	2026-10-04T07:52:40.0977915Z 
release	shift-left offline proof (release gate)	2026-10-04T07:52:40.0977923Z 
release	shift-left offline proof (release gate)	2026-10-04T07:52:40.0978377Z Mutation:
release	shift-left offline proof (release gate)	2026-10-04T07:52:40.0978626Z Mutation has been applied successfully.
release	shift-left offline proof (release gate)	2026-10-04T07:52:40.0979019Z policy stamp-posture-6-0-0 applied to default/Pod/checkout-svc:
release	shift-left offline proof (release gate)	2026-10-04T07:52:40.0979374Z apiVersion: v1
release	shift-left offline proof (release gate)	2026-10-04T07:52:40.0979570Z kind: Pod
release	shift-left offline proof (release gate)	2026-10-04T07:52:40.0979755Z metadata:
release	shift-left offline proof (release gate)	2026-10-04T07:52:40.0979931Z   labels:
release	shift-left offline proof (release gate)	2026-10-04T07:52:40.0980170Z     policy-as-versioned.dev/policy-version: 6.0.0
release	shift-left offline proof (release gate)	2026-10-04T07:52:40.0980497Z     posture.acme.io/caged: "true"
release	shift-left offline proof (release gate)	2026-10-04T07:52:40.0980778Z     posture.acme.io/tier: isolated
release	shift-left offline proof (release gate)	2026-10-04T07:52:40.0981053Z     posture.acme.io/version: 6.0.0
release	shift-left offline proof (release gate)	2026-10-04T07:52:40.0981561Z   name: checkout-svc
release	shift-left offline proof (release gate)	2026-10-04T07:52:40.0981785Z   namespace: default
release	shift-left offline proof (release gate)	2026-10-04T07:52:40.0981985Z spec:
release	shift-left offline proof (release gate)	2026-10-04T07:52:40.0982166Z   containers:
release	shift-left offline proof (release gate)	2026-10-04T07:52:40.0982364Z   - image: nginx
release	shift-left offline proof (release gate)	2026-10-04T07:52:40.0982569Z     name: c
release	shift-left offline proof (release gate)	2026-10-04T07:52:40.0982753Z     resources:
release	shift-left offline proof (release gate)	2026-10-04T07:52:40.0982940Z       limits:
release	shift-left offline proof (release gate)	2026-10-04T07:52:40.0983130Z         cpu: 100m
release	shift-left offline proof (release gate)	2026-10-04T07:52:40.0983336Z         memory: 64Mi
release	shift-left offline proof (release gate)	2026-10-04T07:52:40.0983547Z     securityContext:
release	shift-left offline proof (release gate)	2026-10-04T07:52:40.0983792Z       allowPrivilegeEscalation: false
release	shift-left offline proof (release gate)	2026-10-04T07:52:40.0984066Z       capabilities:
release	shift-left offline proof (release gate)	2026-10-04T07:52:40.0984279Z         drop:
release	shift-left offline proof (release gate)	2026-10-04T07:52:40.0984466Z         - ALL
release	shift-left offline proof (release gate)	2026-10-04T07:52:40.0984681Z       privileged: false
release	shift-left offline proof (release gate)	2026-10-04T07:52:40.0984925Z       readOnlyRootFilesystem: true
release	shift-left offline proof (release gate)	2026-10-04T07:52:40.0985193Z       runAsNonRoot: true
release	shift-left offline proof (release gate)	2026-10-04T07:52:40.0985582Z   - image: ghcr.io/acme/coraza-waf:cage
release	shift-left offline proof (release gate)	2026-10-04T07:52:40.0985854Z     name: waf-sidecar
release	shift-left offline proof (release gate)	2026-10-04T07:52:40.0986074Z     resources:
release	shift-left offline proof (release gate)	2026-10-04T07:52:40.0986272Z       limits:
release	shift-left offline proof (release gate)	2026-10-04T07:52:40.0986457Z         cpu: 250m
release	shift-left offline proof (release gate)	2026-10-04T07:52:40.0986656Z         memory: 256Mi
release	shift-left offline proof (release gate)	2026-10-04T07:52:40.0986874Z     securityContext:
release	shift-left offline proof (release gate)	2026-10-04T07:52:40.0987128Z       allowPrivilegeEscalation: false
release	shift-left offline proof (release gate)	2026-10-04T07:52:40.0987394Z       capabilities:
release	shift-left offline proof (release gate)	2026-10-04T07:52:40.0987591Z         drop:
release	shift-left offline proof (release gate)	2026-10-04T07:52:40.0987780Z         - ALL
release	shift-left offline proof (release gate)	2026-10-04T07:52:40.0987977Z       privileged: false
release	shift-left offline proof (release gate)	2026-10-04T07:52:40.0988582Z       readOnlyRootFilesystem: true
release	shift-left offline proof (release gate)	2026-10-04T07:52:40.0988853Z       runAsNonRoot: true
release	shift-left offline proof (release gate)	2026-10-04T07:52:40.0989075Z   hostIPC: false
release	shift-left offline proof (release gate)	2026-10-04T07:52:40.0989284Z   hostNetwork: false
release	shift-left offline proof (release gate)	2026-10-04T07:52:40.0989493Z   hostPID: false
release	shift-left offline proof (release gate)	2026-10-04T07:52:40.0989709Z   preemptionPolicy: Never
release	shift-left offline proof (release gate)	2026-10-04T07:52:40.0989947Z   priority: -10000
release	shift-left offline proof (release gate)	2026-10-04T07:52:40.0990207Z   priorityClassName: cage-isolated-6-0-0
release	shift-left offline proof (release gate)	2026-10-04T07:52:40.0990495Z   securityContext:
release	shift-left offline proof (release gate)	2026-10-04T07:52:40.0990712Z     runAsNonRoot: true
release	shift-left offline proof (release gate)	2026-10-04T07:52:40.0990845Z 
release	shift-left offline proof (release gate)	2026-10-04T07:52:40.0990934Z ---
release	shift-left offline proof (release gate)	2026-10-04T07:52:40.0991038Z 
release	shift-left offline proof (release gate)	2026-10-04T07:52:40.0991046Z 
release	shift-left offline proof (release gate)	2026-10-04T07:52:40.0991141Z Mutation:
release	shift-left offline proof (release gate)	2026-10-04T07:52:40.0991404Z Mutation has been applied successfully.
release	shift-left offline proof (release gate)	2026-10-04T07:52:40.0991787Z policy stamp-posture-6-0-0 applied to default/Pod/checkout-svc:
release	shift-left offline proof (release gate)	2026-10-04T07:52:40.0992142Z apiVersion: v1
release	shift-left offline proof (release gate)	2026-10-04T07:52:40.0992337Z kind: Pod
release	shift-left offline proof (release gate)	2026-10-04T07:52:40.0992519Z metadata:
release	shift-left offline proof (release gate)	2026-10-04T07:52:40.0992698Z   labels:
release	shift-left offline proof (release gate)	2026-10-04T07:52:40.0992944Z     policy-as-versioned.dev/policy-version: 6.0.0
release	shift-left offline proof (release gate)	2026-10-04T07:52:40.0993271Z     posture.acme.io/caged: "true"
release	shift-left offline proof (release gate)	2026-10-04T07:52:40.0993542Z     posture.acme.io/tier: isolated
release	shift-left offline proof (release gate)	2026-10-04T07:52:40.0993813Z     posture.acme.io/version: 6.0.0
release	shift-left offline proof (release gate)	2026-10-04T07:52:40.0994068Z   name: checkout-svc
release	shift-left offline proof (release gate)	2026-10-04T07:52:40.0994280Z   namespace: default
release	shift-left offline proof (release gate)	2026-10-04T07:52:40.0994484Z spec:
release	shift-left offline proof (release gate)	2026-10-04T07:52:40.0994672Z   containers:
release	shift-left offline proof (release gate)	2026-10-04T07:52:40.0994873Z   - image: nginx
release	shift-left offline proof (release gate)	2026-10-04T07:52:40.0995071Z     name: c
release	shift-left offline proof (release gate)	2026-10-04T07:52:40.0995260Z     resources:
release	shift-left offline proof (release gate)	2026-10-04T07:52:40.0995465Z       limits:
release	shift-left offline proof (release gate)	2026-10-04T07:52:40.0995652Z         cpu: 100m
release	shift-left offline proof (release gate)	2026-10-04T07:52:40.0995852Z         memory: 64Mi
release	shift-left offline proof (release gate)	2026-10-04T07:52:40.0996061Z     securityContext:
release	shift-left offline proof (release gate)	2026-10-04T07:52:40.0996306Z       allowPrivilegeEscalation: false
release	shift-left offline proof (release gate)	2026-10-04T07:52:40.0996573Z       capabilities:
release	shift-left offline proof (release gate)	2026-10-04T07:52:40.0996779Z         drop:
release	shift-left offline proof (release gate)	2026-10-04T07:52:40.0996975Z         - ALL
release	shift-left offline proof (release gate)	2026-10-04T07:52:40.0997176Z       privileged: false
release	shift-left offline proof (release gate)	2026-10-04T07:52:40.0997424Z       readOnlyRootFilesystem: true
release	shift-left offline proof (release gate)	2026-10-04T07:52:40.0997684Z       runAsNonRoot: true
release	shift-left offline proof (release gate)	2026-10-04T07:52:40.0997938Z   - image: ghcr.io/acme/coraza-waf:cage
release	shift-left offline proof (release gate)	2026-10-04T07:52:40.0998364Z     name: waf-sidecar
release	shift-left offline proof (release gate)	2026-10-04T07:52:40.0998577Z     resources:
release	shift-left offline proof (release gate)	2026-10-04T07:52:40.0998764Z       limits:
release	shift-left offline proof (release gate)	2026-10-04T07:52:40.0998950Z         cpu: 250m
release	shift-left offline proof (release gate)	2026-10-04T07:52:40.0999146Z         memory: 256Mi
release	shift-left offline proof (release gate)	2026-10-04T07:52:40.0999361Z     securityContext:
release	shift-left offline proof (release gate)	2026-10-04T07:52:40.0999599Z       allowPrivilegeEscalation: false
release	shift-left offline proof (release gate)	2026-10-04T07:52:40.0999863Z       capabilities:
release	shift-left offline proof (release gate)	2026-10-04T07:52:40.1000214Z         drop:
release	shift-left offline proof (release gate)	2026-10-04T07:52:40.1000401Z         - ALL
release	shift-left offline proof (release gate)	2026-10-04T07:52:40.1000600Z       privileged: false
release	shift-left offline proof (release gate)	2026-10-04T07:52:40.1000844Z       readOnlyRootFilesystem: true
release	shift-left offline proof (release gate)	2026-10-04T07:52:40.1001102Z       runAsNonRoot: true
release	shift-left offline proof (release gate)	2026-10-04T07:52:40.1001325Z   hostIPC: false
release	shift-left offline proof (release gate)	2026-10-04T07:52:40.1001530Z   hostNetwork: false
release	shift-left offline proof (release gate)	2026-10-04T07:52:40.1001735Z   hostPID: false
release	shift-left offline proof (release gate)	2026-10-04T07:52:40.1001951Z   preemptionPolicy: Never
release	shift-left offline proof (release gate)	2026-10-04T07:52:40.1002186Z   priority: -10000
release	shift-left offline proof (release gate)	2026-10-04T07:52:40.1002431Z   priorityClassName: cage-isolated-6-0-0
release	shift-left offline proof (release gate)	2026-10-04T07:52:40.1002710Z   securityContext:
release	shift-left offline proof (release gate)	2026-10-04T07:52:40.1002920Z     runAsNonRoot: true
release	shift-left offline proof (release gate)	2026-10-04T07:52:40.1003059Z 
release	shift-left offline proof (release gate)	2026-10-04T07:52:40.1003135Z ---
release	shift-left offline proof (release gate)	2026-10-04T07:52:40.1003238Z 
release	shift-left offline proof (release gate)	2026-10-04T07:52:40.1003244Z 
release	shift-left offline proof (release gate)	2026-10-04T07:52:40.1003332Z Mutation:
release	shift-left offline proof (release gate)	2026-10-04T07:52:40.1003677Z Mutation has been applied successfully.
release	shift-left offline proof (release gate)	2026-10-04T07:52:40.1004046Z policy cage-netpol-6-0-0 applied to default/Pod/checkout-svc:
release	shift-left offline proof (release gate)	2026-10-04T07:52:40.1004423Z apiVersion: networking.k8s.io/v1
release	shift-left offline proof (release gate)	2026-10-04T07:52:40.1004685Z kind: NetworkPolicy
release	shift-left offline proof (release gate)	2026-10-04T07:52:40.1004890Z metadata:
release	shift-left offline proof (release gate)	2026-10-04T07:52:40.1005074Z   labels:
release	shift-left offline proof (release gate)	2026-10-04T07:52:40.1005292Z     app.kubernetes.io/managed-by: kyverno
release	shift-left offline proof (release gate)	2026-10-04T07:52:40.1005594Z     posture.acme.io/cage: reach
release	shift-left offline proof (release gate)	2026-10-04T07:52:40.1005865Z     posture.acme.io/tier: restricted
release	shift-left offline proof (release gate)	2026-10-04T07:52:40.1006155Z   name: cage-reach-restricted
release	shift-left offline proof (release gate)	2026-10-04T07:52:40.1006410Z   namespace: default
release	shift-left offline proof (release gate)	2026-10-04T07:52:40.1006614Z spec:
release	shift-left offline proof (release gate)	2026-10-04T07:52:40.1006794Z   egress:
release	shift-left offline proof (release gate)	2026-10-04T07:52:40.1006976Z   - ports:
release	shift-left offline proof (release gate)	2026-10-04T07:52:40.1007171Z     - port: 53
release	shift-left offline proof (release gate)	2026-10-04T07:52:40.1007370Z       protocol: UDP
release	shift-left offline proof (release gate)	2026-10-04T07:52:40.1007563Z     to:
release	shift-left offline proof (release gate)	2026-10-04T07:52:40.1007760Z     - namespaceSelector:
release	shift-left offline proof (release gate)	2026-10-04T07:52:40.1008320Z         matchLabels:
release	shift-left offline proof (release gate)	2026-10-04T07:52:40.1008586Z           kubernetes.io/metadata.name: kube-system
release	shift-left offline proof (release gate)	2026-10-04T07:52:40.1008877Z   ingress:
release	shift-left offline proof (release gate)	2026-10-04T07:52:40.1009059Z   - from:
release	shift-left offline proof (release gate)	2026-10-04T07:52:40.1009251Z     - podSelector: {}
release	shift-left offline proof (release gate)	2026-10-04T07:52:40.1009470Z   podSelector:
release	shift-left offline proof (release gate)	2026-10-04T07:52:40.1009666Z     matchLabels:
release	shift-left offline proof (release gate)	2026-10-04T07:52:40.1009893Z       posture.acme.io/caged: "true"
release	shift-left offline proof (release gate)	2026-10-04T07:52:40.1010176Z       posture.acme.io/tier: restricted
release	shift-left offline proof (release gate)	2026-10-04T07:52:40.1010439Z   policyTypes:
release	shift-left offline proof (release gate)	2026-10-04T07:52:40.1010632Z   - Ingress
release	shift-left offline proof (release gate)	2026-10-04T07:52:40.1010813Z   - Egress
release	shift-left offline proof (release gate)	2026-10-04T07:52:40.1010922Z 
release	shift-left offline proof (release gate)	2026-10-04T07:52:40.1010999Z ---
release	shift-left offline proof (release gate)	2026-10-04T07:52:40.1011105Z 
release	shift-left offline proof (release gate)	2026-10-04T07:52:40.1011111Z 
release	shift-left offline proof (release gate)	2026-10-04T07:52:40.1011189Z Generate:
release	shift-left offline proof (release gate)	2026-10-04T07:52:40.1011406Z Generation completed successfully.
release	shift-left offline proof (release gate)	2026-10-04T07:52:40.1011783Z policy cage-netpol-6-0-0 applied to default/Pod/checkout-svc:
release	shift-left offline proof (release gate)	2026-10-04T07:52:40.1012155Z apiVersion: networking.k8s.io/v1
release	shift-left offline proof (release gate)	2026-10-04T07:52:40.1012407Z kind: NetworkPolicy
release	shift-left offline proof (release gate)	2026-10-04T07:52:40.1012617Z metadata:
release	shift-left offline proof (release gate)	2026-10-04T07:52:40.1012795Z   labels:
release	shift-left offline proof (release gate)	2026-10-04T07:52:40.1013010Z     app.kubernetes.io/managed-by: kyverno
release	shift-left offline proof (release gate)	2026-10-04T07:52:40.1013300Z     posture.acme.io/cage: reach
release	shift-left offline proof (release gate)	2026-10-04T07:52:40.1013569Z     posture.acme.io/tier: quarantine
release	shift-left offline proof (release gate)	2026-10-04T07:52:40.1013854Z   name: cage-reach-quarantine
release	shift-left offline proof (release gate)	2026-10-04T07:52:40.1014105Z   namespace: default
release	shift-left offline proof (release gate)	2026-10-04T07:52:40.1014309Z spec:
release	shift-left offline proof (release gate)	2026-10-04T07:52:40.1014493Z   egress:
release	shift-left offline proof (release gate)	2026-10-04T07:52:40.1014678Z   - ports:
release	shift-left offline proof (release gate)	2026-10-04T07:52:40.1014869Z     - port: 53
release	shift-left offline proof (release gate)	2026-10-04T07:52:40.1015073Z       protocol: UDP
release	shift-left offline proof (release gate)	2026-10-04T07:52:40.1015272Z     to:
release	shift-left offline proof (release gate)	2026-10-04T07:52:40.1015478Z     - namespaceSelector:
release	shift-left offline proof (release gate)	2026-10-04T07:52:40.1015708Z         matchLabels:
release	shift-left offline proof (release gate)	2026-10-04T07:52:40.1015965Z           kubernetes.io/metadata.name: kube-system
release	shift-left offline proof (release gate)	2026-10-04T07:52:40.1016254Z   ingress:
release	shift-left offline proof (release gate)	2026-10-04T07:52:40.1016436Z   - from:
release	shift-left offline proof (release gate)	2026-10-04T07:52:40.1016631Z     - podSelector: {}
release	shift-left offline proof (release gate)	2026-10-04T07:52:40.1016843Z   podSelector:
release	shift-left offline proof (release gate)	2026-10-04T07:52:40.1017042Z     matchLabels:
release	shift-left offline proof (release gate)	2026-10-04T07:52:40.1017260Z       posture.acme.io/caged: "true"
release	shift-left offline proof (release gate)	2026-10-04T07:52:40.1017545Z       posture.acme.io/tier: quarantine
release	shift-left offline proof (release gate)	2026-10-04T07:52:40.1017804Z   policyTypes:
release	shift-left offline proof (release gate)	2026-10-04T07:52:40.1017992Z   - Ingress
release	shift-left offline proof (release gate)	2026-10-04T07:52:40.1018735Z   - Egress
release	shift-left offline proof (release gate)	2026-10-04T07:52:40.1018854Z 
release	shift-left offline proof (release gate)	2026-10-04T07:52:40.1018928Z ---
release	shift-left offline proof (release gate)	2026-10-04T07:52:40.1019034Z 
release	shift-left offline proof (release gate)	2026-10-04T07:52:40.1019042Z 
release	shift-left offline proof (release gate)	2026-10-04T07:52:40.1019125Z Generate:
release	shift-left offline proof (release gate)	2026-10-04T07:52:40.1019346Z Generation completed successfully.
release	shift-left offline proof (release gate)	2026-10-04T07:52:40.1019721Z policy cage-netpol-6-0-0 applied to default/Pod/checkout-svc:
release	shift-left offline proof (release gate)	2026-10-04T07:52:40.1020110Z apiVersion: networking.k8s.io/v1
release	shift-left offline proof (release gate)	2026-10-04T07:52:40.1020365Z kind: NetworkPolicy
release	shift-left offline proof (release gate)	2026-10-04T07:52:40.1020565Z metadata:
release	shift-left offline proof (release gate)	2026-10-04T07:52:40.1020742Z   labels:
release	shift-left offline proof (release gate)	2026-10-04T07:52:40.1020957Z     app.kubernetes.io/managed-by: kyverno
release	shift-left offline proof (release gate)	2026-10-04T07:52:40.1021252Z     posture.acme.io/cage: reach
release	shift-left offline proof (release gate)	2026-10-04T07:52:40.1021520Z     posture.acme.io/tier: isolated
release	shift-left offline proof (release gate)	2026-10-04T07:52:40.1021790Z   name: cage-reach-isolated
release	shift-left offline proof (release gate)	2026-10-04T07:52:40.1022033Z   namespace: default
release	shift-left offline proof (release gate)	2026-10-04T07:52:40.1022370Z spec:
release	shift-left offline proof (release gate)	2026-10-04T07:52:40.1022550Z   egress: []
release	shift-left offline proof (release gate)	2026-10-04T07:52:40.1022743Z   ingress: []
release	shift-left offline proof (release gate)	2026-10-04T07:52:40.1022947Z   podSelector:
release	shift-left offline proof (release gate)	2026-10-04T07:52:40.1023146Z     matchLabels:
release	shift-left offline proof (release gate)	2026-10-04T07:52:40.1023373Z       posture.acme.io/caged: "true"
release	shift-left offline proof (release gate)	2026-10-04T07:52:40.1023657Z       posture.acme.io/tier: isolated
release	shift-left offline proof (release gate)	2026-10-04T07:52:40.1023919Z   policyTypes:
release	shift-left offline proof (release gate)	2026-10-04T07:52:40.1024117Z   - Ingress
release	shift-left offline proof (release gate)	2026-10-04T07:52:40.1024307Z   - Egress
release	shift-left offline proof (release gate)	2026-10-04T07:52:40.1024417Z 
release	shift-left offline proof (release gate)	2026-10-04T07:52:40.1024491Z ---
release	shift-left offline proof (release gate)	2026-10-04T07:52:40.1024594Z 
release	shift-left offline proof (release gate)	2026-10-04T07:52:40.1024601Z 
release	shift-left offline proof (release gate)	2026-10-04T07:52:40.1044273Z Generate:
release	shift-left offline proof (release gate)	2026-10-04T07:52:40.1044622Z Generation completed successfully.
release	shift-left offline proof (release gate)	2026-10-04T07:52:40.1044966Z pass: 7, fail: 0, warn: 0, error: 0, skip: 0
release	shift-left offline proof (release gate)	2026-10-04T07:52:40.1045187Z 
release	shift-left offline proof (release gate)	2026-10-04T07:52:40.1045694Z shift-left: fixtures/workload-compliant.yaml is compliant on kyverno 1.18.2 across the line(s) of its window that support it ['5.0.0', '6.0.0']
release	shift-left offline proof (release gate)	2026-10-04T07:52:40.1046383Z 
release	shift-left offline proof (release gate)	2026-10-04T07:52:40.1046584Z == an unversioned workload is out of scope, passes trivially ==
release	shift-left offline proof (release gate)	2026-10-04T07:52:40.1754432Z fixtures/workload-unversioned.yaml: unversioned (no policy-as-versioned.dev/policy-version label) -- out of scope, pass
release	shift-left offline proof (release gate)	2026-10-04T07:52:40.1858545Z 
release	shift-left offline proof (release gate)	2026-10-04T07:52:40.1859331Z == a version the array doesn't declare is refused, not silently skipped ==
release	shift-left offline proof (release gate)	2026-10-04T07:52:40.2725378Z 
release	shift-left offline proof (release gate)	2026-10-04T07:52:40.2726123Z == an Audit->Deny flip is caught pre-merge (must fail CI) ==
release	shift-left offline proof (release gate)	2026-10-04T07:52:41.5453830Z NOTHING-TO-FLIP: the historical flip fixture was observed compliant across distribution/versions.yaml (5.0.0 6.0.0 7.0.0). The cage changes need not narrow that fixture's validation verdict. The flip proof runs against shift-left/fixtures/flip-window.yaml, which is not served.
release	shift-left offline proof (release gate)	2026-10-04T07:52:41.5524867Z window read from: shift-left/fixtures/flip-window.yaml
release	shift-left offline proof (release gate)	2026-10-04T07:52:42.7619302Z fixtures/workload-flip.yaml: targets 5.0.0, checking supported window ['4.0.0', '5.0.0']
release	shift-left offline proof (release gate)	2026-10-04T07:52:42.7620781Z declared engine: kyverno 1.18.2 (read from fixtures/engine/kyverno.yaml, --engine-declaration fixtures/engine/kyverno.yaml)
release	shift-left offline proof (release gate)	2026-10-04T07:52:42.7621888Z --- kyverno apply @ v4.0.0 ---
release	shift-left offline proof (release gate)	2026-10-04T07:52:42.7622393Z Applying 5 policy rule(s) to 1 resource(s)...
release	shift-left offline proof (release gate)	2026-10-04T07:52:42.7622813Z 
release	shift-left offline proof (release gate)	2026-10-04T07:52:42.7623107Z policy cage-tier-4-0-0 applied to default/Pod/checkout-svc:
release	shift-left offline proof (release gate)	2026-10-04T07:52:42.7623537Z apiVersion: v1
release	shift-left offline proof (release gate)	2026-10-04T07:52:42.7623788Z kind: Pod
release	shift-left offline proof (release gate)	2026-10-04T07:52:42.7624013Z metadata:
release	shift-left offline proof (release gate)	2026-10-04T07:52:42.7624240Z   labels:
release	shift-left offline proof (release gate)	2026-10-04T07:52:42.7624536Z     policy-as-versioned.dev/policy-version: 4.0.0
release	shift-left offline proof (release gate)	2026-10-04T07:52:42.7624945Z     posture.acme.io/caged: "true"
release	shift-left offline proof (release gate)	2026-10-04T07:52:42.7625266Z     posture.acme.io/tier: baseline
release	shift-left offline proof (release gate)	2026-10-04T07:52:42.7625641Z     posture.acme.io/version: 4.0.0
release	shift-left offline proof (release gate)	2026-10-04T07:52:42.7625945Z   name: checkout-svc
release	shift-left offline proof (release gate)	2026-10-04T07:52:42.7626200Z   namespace: default
release	shift-left offline proof (release gate)	2026-10-04T07:52:42.7626444Z spec:
release	shift-left offline proof (release gate)	2026-10-04T07:52:42.7626658Z   containers:
release	shift-left offline proof (release gate)	2026-10-04T07:52:42.7626888Z   - image: nginx
release	shift-left offline proof (release gate)	2026-10-04T07:52:42.7627122Z     name: c
release	shift-left offline proof (release gate)	2026-10-04T07:52:42.7627350Z     resources:
release	shift-left offline proof (release gate)	2026-10-04T07:52:42.7627571Z       limits:
release	shift-left offline proof (release gate)	2026-10-04T07:52:42.7627796Z         cpu: 500m
release	shift-left offline proof (release gate)	2026-10-04T07:52:42.7628327Z         memory: 256Mi
release	shift-left offline proof (release gate)	2026-10-04T07:52:42.7629031Z     securityContext:
release	shift-left offline proof (release gate)	2026-10-04T07:52:42.7629325Z       allowPrivilegeEscalation: false
release	shift-left offline proof (release gate)	2026-10-04T07:52:42.7629675Z       privileged: false
release	shift-left offline proof (release gate)	2026-10-04T07:52:42.7629967Z       readOnlyRootFilesystem: false
release	shift-left offline proof (release gate)	2026-10-04T07:52:42.7630286Z       runAsNonRoot: false
release	shift-left offline proof (release gate)	2026-10-04T07:52:42.7630554Z   hostIPC: false
release	shift-left offline proof (release gate)	2026-10-04T07:52:42.7630800Z   hostNetwork: false
release	shift-left offline proof (release gate)	2026-10-04T07:52:42.7631048Z   hostPID: false
release	shift-left offline proof (release gate)	2026-10-04T07:52:42.7631298Z   preemptionPolicy: Never
release	shift-left offline proof (release gate)	2026-10-04T07:52:42.7631579Z   priority: -10
release	shift-left offline proof (release gate)	2026-10-04T07:52:42.7631865Z   priorityClassName: cage-baseline-4-0-0
release	shift-left offline proof (release gate)	2026-10-04T07:52:42.7632210Z   securityContext:
release	shift-left offline proof (release gate)	2026-10-04T07:52:42.7632458Z     runAsNonRoot: true
release	shift-left offline proof (release gate)	2026-10-04T07:52:42.7632616Z 
release	shift-left offline proof (release gate)	2026-10-04T07:52:42.7632708Z ---
release	shift-left offline proof (release gate)	2026-10-04T07:52:42.7632829Z 
release	shift-left offline proof (release gate)	2026-10-04T07:52:42.7632834Z 
release	shift-left offline proof (release gate)	2026-10-04T07:52:42.7633079Z Mutation:
release	shift-left offline proof (release gate)	2026-10-04T07:52:42.7633328Z Mutation has been applied successfully.
release	shift-left offline proof (release gate)	2026-10-04T07:52:42.7633700Z policy cage-tier-4-0-0 applied to default/Pod/checkout-svc:
release	shift-left offline proof (release gate)	2026-10-04T07:52:42.7634051Z apiVersion: v1
release	shift-left offline proof (release gate)	2026-10-04T07:52:42.7634480Z kind: Pod
release	shift-left offline proof (release gate)	2026-10-04T07:52:42.7634663Z metadata:
release	shift-left offline proof (release gate)	2026-10-04T07:52:42.7634840Z   labels:
release	shift-left offline proof (release gate)	2026-10-04T07:52:42.7635073Z     policy-as-versioned.dev/policy-version: 4.0.0
release	shift-left offline proof (release gate)	2026-10-04T07:52:42.7635412Z     posture.acme.io/caged: "true"
release	shift-left offline proof (release gate)	2026-10-04T07:52:42.7635681Z     posture.acme.io/tier: baseline
release	shift-left offline proof (release gate)	2026-10-04T07:52:42.7635941Z     posture.acme.io/version: 4.0.0
release	shift-left offline proof (release gate)	2026-10-04T07:52:42.7636184Z   name: checkout-svc
release	shift-left offline proof (release gate)	2026-10-04T07:52:42.7636390Z   namespace: default
release	shift-left offline proof (release gate)	2026-10-04T07:52:42.7636581Z spec:
release	shift-left offline proof (release gate)	2026-10-04T07:52:42.7636752Z   containers:
release	shift-left offline proof (release gate)	2026-10-04T07:52:42.7636941Z   - image: nginx
release	shift-left offline proof (release gate)	2026-10-04T07:52:42.7637130Z     name: c
release	shift-left offline proof (release gate)	2026-10-04T07:52:42.7637311Z     resources:
release	shift-left offline proof (release gate)	2026-10-04T07:52:42.7637500Z       limits:
release	shift-left offline proof (release gate)	2026-10-04T07:52:42.7637683Z         cpu: 500m
release	shift-left offline proof (release gate)	2026-10-04T07:52:42.7637879Z         memory: 256Mi
release	shift-left offline proof (release gate)	2026-10-04T07:52:42.7638368Z     securityContext:
release	shift-left offline proof (release gate)	2026-10-04T07:52:42.7638674Z       allowPrivilegeEscalation: false
release	shift-left offline proof (release gate)	2026-10-04T07:52:42.7638953Z       privileged: false
release	shift-left offline proof (release gate)	2026-10-04T07:52:42.7639188Z       readOnlyRootFilesystem: false
release	shift-left offline proof (release gate)	2026-10-04T07:52:42.7639449Z       runAsNonRoot: false
release	shift-left offline proof (release gate)	2026-10-04T07:52:42.7639802Z   hostIPC: false
release	shift-left offline proof (release gate)	2026-10-04T07:52:42.7640089Z   hostNetwork: false
release	shift-left offline proof (release gate)	2026-10-04T07:52:42.7640294Z   hostPID: false
release	shift-left offline proof (release gate)	2026-10-04T07:52:42.7640508Z   preemptionPolicy: Never
release	shift-left offline proof (release gate)	2026-10-04T07:52:42.7640733Z   priority: -10
release	shift-left offline proof (release gate)	2026-10-04T07:52:42.7640958Z   priorityClassName: cage-baseline-4-0-0
release	shift-left offline proof (release gate)	2026-10-04T07:52:42.7641398Z   securityContext:
release	shift-left offline proof (release gate)	2026-10-04T07:52:42.7641748Z     runAsNonRoot: true
release	shift-left offline proof (release gate)	2026-10-04T07:52:42.7641978Z 
release	shift-left offline proof (release gate)	2026-10-04T07:52:42.7642102Z ---
release	shift-left offline proof (release gate)	2026-10-04T07:52:42.7642273Z 
release	shift-left offline proof (release gate)	2026-10-04T07:52:42.7642280Z 
release	shift-left offline proof (release gate)	2026-10-04T07:52:42.7642399Z Mutation:
release	shift-left offline proof (release gate)	2026-10-04T07:52:42.7642756Z Mutation has been applied successfully.
release	shift-left offline proof (release gate)	2026-10-04T07:52:42.7643401Z policy stamp-posture-4-0-0 applied to default/Pod/checkout-svc:
release	shift-left offline proof (release gate)	2026-10-04T07:52:42.7644078Z apiVersion: v1
release	shift-left offline proof (release gate)	2026-10-04T07:52:42.7644394Z kind: Pod
release	shift-left offline proof (release gate)	2026-10-04T07:52:42.7644578Z metadata:
release	shift-left offline proof (release gate)	2026-10-04T07:52:42.7644752Z   labels:
release	shift-left offline proof (release gate)	2026-10-04T07:52:42.7644976Z     policy-as-versioned.dev/policy-version: 4.0.0
release	shift-left offline proof (release gate)	2026-10-04T07:52:42.7645300Z     posture.acme.io/caged: "true"
release	shift-left offline proof (release gate)	2026-10-04T07:52:42.7645567Z     posture.acme.io/tier: baseline
release	shift-left offline proof (release gate)	2026-10-04T07:52:42.7645824Z     posture.acme.io/version: 4.0.0
release	shift-left offline proof (release gate)	2026-10-04T07:52:42.7646068Z   name: checkout-svc
release	shift-left offline proof (release gate)	2026-10-04T07:52:42.7646281Z   namespace: default
release	shift-left offline proof (release gate)	2026-10-04T07:52:42.7646474Z spec:
release	shift-left offline proof (release gate)	2026-10-04T07:52:42.7646653Z   containers:
release	shift-left offline proof (release gate)	2026-10-04T07:52:42.7646844Z   - image: nginx
release	shift-left offline proof (release gate)	2026-10-04T07:52:42.7647044Z     name: c
release	shift-left offline proof (release gate)	2026-10-04T07:52:42.7647222Z     resources:
release	shift-left offline proof (release gate)	2026-10-04T07:52:42.7647399Z       limits:
release	shift-left offline proof (release gate)	2026-10-04T07:52:42.7647576Z         cpu: 500m
release	shift-left offline proof (release gate)	2026-10-04T07:52:42.7647768Z         memory: 256Mi
release	shift-left offline proof (release gate)	2026-10-04T07:52:42.7647967Z     securityContext:
release	shift-left offline proof (release gate)	2026-10-04T07:52:42.7648615Z       allowPrivilegeEscalation: false
release	shift-left offline proof (release gate)	2026-10-04T07:52:42.7648897Z       privileged: false
release	shift-left offline proof (release gate)	2026-10-04T07:52:42.7649129Z       readOnlyRootFilesystem: false
release	shift-left offline proof (release gate)	2026-10-04T07:52:42.7649389Z       runAsNonRoot: false
release	shift-left offline proof (release gate)	2026-10-04T07:52:42.7649818Z   hostIPC: false
release	shift-left offline proof (release gate)	2026-10-04T07:52:42.7650020Z   hostNetwork: false
release	shift-left offline proof (release gate)	2026-10-04T07:52:42.7650227Z   hostPID: false
release	shift-left offline proof (release gate)	2026-10-04T07:52:42.7650428Z   preemptionPolicy: Never
release	shift-left offline proof (release gate)	2026-10-04T07:52:42.7650648Z   priority: -10
release	shift-left offline proof (release gate)	2026-10-04T07:52:42.7650878Z   priorityClassName: cage-baseline-4-0-0
release	shift-left offline proof (release gate)	2026-10-04T07:52:42.7651152Z   securityContext:
release	shift-left offline proof (release gate)	2026-10-04T07:52:42.7651359Z     runAsNonRoot: true
release	shift-left offline proof (release gate)	2026-10-04T07:52:42.7651496Z 
release	shift-left offline proof (release gate)	2026-10-04T07:52:42.7651565Z ---
release	shift-left offline proof (release gate)	2026-10-04T07:52:42.7651663Z 
release	shift-left offline proof (release gate)	2026-10-04T07:52:42.7651666Z 
release	shift-left offline proof (release gate)	2026-10-04T07:52:42.7651737Z Mutation:
release	shift-left offline proof (release gate)	2026-10-04T07:52:42.7651936Z Mutation has been applied successfully.
release	shift-left offline proof (release gate)	2026-10-04T07:52:42.7652296Z policy stamp-posture-4-0-0 applied to default/Pod/checkout-svc:
release	shift-left offline proof (release gate)	2026-10-04T07:52:42.7652668Z apiVersion: v1
release	shift-left offline proof (release gate)	2026-10-04T07:52:42.7652873Z kind: Pod
release	shift-left offline proof (release gate)	2026-10-04T07:52:42.7653233Z metadata:
release	shift-left offline proof (release gate)	2026-10-04T07:52:42.7653403Z   labels:
release	shift-left offline proof (release gate)	2026-10-04T07:52:42.7653629Z     policy-as-versioned.dev/policy-version: 4.0.0
release	shift-left offline proof (release gate)	2026-10-04T07:52:42.7653951Z     posture.acme.io/caged: "true"
release	shift-left offline proof (release gate)	2026-10-04T07:52:42.7654214Z     posture.acme.io/tier: baseline
release	shift-left offline proof (release gate)	2026-10-04T07:52:42.7654467Z     posture.acme.io/version: 4.0.0
release	shift-left offline proof (release gate)	2026-10-04T07:52:42.7654706Z   name: checkout-svc
release	shift-left offline proof (release gate)	2026-10-04T07:52:42.7654911Z   namespace: default
release	shift-left offline proof (release gate)	2026-10-04T07:52:42.7655104Z spec:
release	shift-left offline proof (release gate)	2026-10-04T07:52:42.7655276Z   containers:
release	shift-left offline proof (release gate)	2026-10-04T07:52:42.7655478Z   - image: nginx
release	shift-left offline proof (release gate)	2026-10-04T07:52:42.7655669Z     name: c
release	shift-left offline proof (release gate)	2026-10-04T07:52:42.7655851Z     resources:
release	shift-left offline proof (release gate)	2026-10-04T07:52:42.7656031Z       limits:
release	shift-left offline proof (release gate)	2026-10-04T07:52:42.7656228Z         cpu: 500m
release	shift-left offline proof (release gate)	2026-10-04T07:52:42.7656601Z         memory: 256Mi
release	shift-left offline proof (release gate)	2026-10-04T07:52:42.7656978Z     securityContext:
release	shift-left offline proof (release gate)	2026-10-04T07:52:42.7657395Z       allowPrivilegeEscalation: false
release	shift-left offline proof (release gate)	2026-10-04T07:52:42.7657884Z       privileged: false
release	shift-left offline proof (release gate)	2026-10-04T07:52:42.7658554Z       readOnlyRootFilesystem: false
release	shift-left offline proof (release gate)	2026-10-04T07:52:42.7659068Z       runAsNonRoot: false
release	shift-left offline proof (release gate)	2026-10-04T07:52:42.7659435Z   hostIPC: false
release	shift-left offline proof (release gate)	2026-10-04T07:52:42.7659647Z   hostNetwork: false
release	shift-left offline proof (release gate)	2026-10-04T07:52:42.7659860Z   hostPID: false
release	shift-left offline proof (release gate)	2026-10-04T07:52:42.7660068Z   preemptionPolicy: Never
release	shift-left offline proof (release gate)	2026-10-04T07:52:42.7660296Z   priority: -10
release	shift-left offline proof (release gate)	2026-10-04T07:52:42.7660522Z   priorityClassName: cage-baseline-4-0-0
release	shift-left offline proof (release gate)	2026-10-04T07:52:42.7660817Z   securityContext:
release	shift-left offline proof (release gate)	2026-10-04T07:52:42.7661026Z     runAsNonRoot: true
release	shift-left offline proof (release gate)	2026-10-04T07:52:42.7661164Z 
release	shift-left offline proof (release gate)	2026-10-04T07:52:42.7661235Z ---
release	shift-left offline proof (release gate)	2026-10-04T07:52:42.7661342Z 
release	shift-left offline proof (release gate)	2026-10-04T07:52:42.7661347Z 
release	shift-left offline proof (release gate)	2026-10-04T07:52:42.7661425Z Mutation:
release	shift-left offline proof (release gate)	2026-10-04T07:52:42.7661880Z Mutation has been applied successfully.policy require-nonroot-4-0-0 -> resource default/Pod/checkout-svc failed:
release	shift-left offline proof (release gate)	2026-10-04T07:52:42.7662588Z 1 -  pods on policy-version 4.0.0 must set readOnlyRootFilesystem=true on every container
release	shift-left offline proof (release gate)	2026-10-04T07:52:42.7662939Z 
release	shift-left offline proof (release gate)	2026-10-04T07:52:42.7663062Z pass: 6, fail: 1, warn: 0, error: 0, skip: 0
release	shift-left offline proof (release gate)	2026-10-04T07:52:42.7663473Z FAIL @ v4.0.0 (Audit->Deny flip: passes today's Audit, would be denied on promotion)
release	shift-left offline proof (release gate)	2026-10-04T07:52:42.7663886Z --- kyverno apply @ v5.0.0 ---
release	shift-left offline proof (release gate)	2026-10-04T07:52:42.7664163Z Applying 5 policy rule(s) to 1 resource(s)...
release	shift-left offline proof (release gate)	2026-10-04T07:52:42.7664373Z 
release	shift-left offline proof (release gate)	2026-10-04T07:52:42.7664533Z policy cage-tier-5-0-0 applied to default/Pod/checkout-svc:
release	shift-left offline proof (release gate)	2026-10-04T07:52:42.7664871Z apiVersion: v1
release	shift-left offline proof (release gate)	2026-10-04T07:52:42.7665061Z kind: Pod
release	shift-left offline proof (release gate)	2026-10-04T07:52:42.7665235Z metadata:
release	shift-left offline proof (release gate)	2026-10-04T07:52:42.7665408Z   labels:
release	shift-left offline proof (release gate)	2026-10-04T07:52:42.7665636Z     policy-as-versioned.dev/policy-version: 5.0.0
release	shift-left offline proof (release gate)	2026-10-04T07:52:42.7665950Z     posture.acme.io/caged: "true"
release	shift-left offline proof (release gate)	2026-10-04T07:52:42.7666207Z     posture.acme.io/tier: isolated
release	shift-left offline proof (release gate)	2026-10-04T07:52:42.7666463Z     posture.acme.io/version: 5.0.0
release	shift-left offline proof (release gate)	2026-10-04T07:52:42.7666706Z   name: checkout-svc
release	shift-left offline proof (release gate)	2026-10-04T07:52:42.7666915Z   namespace: default
release	shift-left offline proof (release gate)	2026-10-04T07:52:42.7667109Z spec:
release	shift-left offline proof (release gate)	2026-10-04T07:52:42.7667292Z   containers:
release	shift-left offline proof (release gate)	2026-10-04T07:52:42.7667480Z   - image: nginx
release	shift-left offline proof (release gate)	2026-10-04T07:52:42.7667674Z     name: c
release	shift-left offline proof (release gate)	2026-10-04T07:52:42.7667858Z     resources:
release	shift-left offline proof (release gate)	2026-10-04T07:52:42.7668416Z       limits:
release	shift-left offline proof (release gate)	2026-10-04T07:52:42.7668816Z         cpu: 100m
release	shift-left offline proof (release gate)	2026-10-04T07:52:42.7669023Z         memory: 64Mi
release	shift-left offline proof (release gate)	2026-10-04T07:52:42.7669515Z     securityContext:
release	shift-left offline proof (release gate)	2026-10-04T07:52:42.7669745Z       allowPrivilegeEscalation: false
release	shift-left offline proof (release gate)	2026-10-04T07:52:42.7670013Z       capabilities:
release	shift-left offline proof (release gate)	2026-10-04T07:52:42.7670215Z         drop:
release	shift-left offline proof (release gate)	2026-10-04T07:52:42.7670396Z         - ALL
release	shift-left offline proof (release gate)	2026-10-04T07:52:42.7670583Z       privileged: false
release	shift-left offline proof (release gate)	2026-10-04T07:52:42.7670820Z       readOnlyRootFilesystem: true
release	shift-left offline proof (release gate)	2026-10-04T07:52:42.7671076Z       runAsNonRoot: true
release	shift-left offline proof (release gate)	2026-10-04T07:52:42.7671377Z   - image: ghcr.io/acme/coraza-waf:cage
release	shift-left offline proof (release gate)	2026-10-04T07:52:42.7671847Z     name: waf-sidecar
release	shift-left offline proof (release gate)	2026-10-04T07:52:42.7672217Z     resources:
release	shift-left offline proof (release gate)	2026-10-04T07:52:42.7672538Z       limits:
release	shift-left offline proof (release gate)	2026-10-04T07:52:42.7672850Z         cpu: 250m
release	shift-left offline proof (release gate)	2026-10-04T07:52:42.7673175Z         memory: 256Mi
release	shift-left offline proof (release gate)	2026-10-04T07:52:42.7673525Z     securityContext:
release	shift-left offline proof (release gate)	2026-10-04T07:52:42.7673920Z       allowPrivilegeEscalation: false
release	shift-left offline proof (release gate)	2026-10-04T07:52:42.7674637Z       capabilities:
release	shift-left offline proof (release gate)	2026-10-04T07:52:42.7675019Z         drop:
release	shift-left offline proof (release gate)	2026-10-04T07:52:42.7675351Z         - ALL
release	shift-left offline proof (release gate)	2026-10-04T07:52:42.7675708Z       privileged: false
release	shift-left offline proof (release gate)	2026-10-04T07:52:42.7676087Z       readOnlyRootFilesystem: true
release	shift-left offline proof (release gate)	2026-10-04T07:52:42.7676361Z       runAsNonRoot: true
release	shift-left offline proof (release gate)	2026-10-04T07:52:42.7676586Z   hostIPC: false
release	shift-left offline proof (release gate)	2026-10-04T07:52:42.7676791Z   hostNetwork: false
release	shift-left offline proof (release gate)	2026-10-04T07:52:42.7676993Z   hostPID: false
release	shift-left offline proof (release gate)	2026-10-04T07:52:42.7677202Z   preemptionPolicy: Never
release	shift-left offline proof (release gate)	2026-10-04T07:52:42.7677433Z   priority: -10000
release	shift-left offline proof (release gate)	2026-10-04T07:52:42.7677666Z   priorityClassName: cage-isolated-5-0-0
release	shift-left offline proof (release gate)	2026-10-04T07:52:42.7677942Z   securityContext:
release	shift-left offline proof (release gate)	2026-10-04T07:52:42.7678491Z     runAsNonRoot: true
release	shift-left offline proof (release gate)	2026-10-04T07:52:42.7678628Z 
release	shift-left offline proof (release gate)	2026-10-04T07:52:42.7678707Z ---
release	shift-left offline proof (release gate)	2026-10-04T07:52:42.7678803Z 
release	shift-left offline proof (release gate)	2026-10-04T07:52:42.7678808Z 
release	shift-left offline proof (release gate)	2026-10-04T07:52:42.7678885Z Mutation:
release	shift-left offline proof (release gate)	2026-10-04T07:52:42.7679089Z Mutation has been applied successfully.
release	shift-left offline proof (release gate)	2026-10-04T07:52:42.7679432Z policy cage-tier-5-0-0 applied to default/Pod/checkout-svc:
release	shift-left offline proof (release gate)	2026-10-04T07:52:42.7679769Z apiVersion: v1
release	shift-left offline proof (release gate)	2026-10-04T07:52:42.7679957Z kind: Pod
release	shift-left offline proof (release gate)	2026-10-04T07:52:42.7680133Z metadata:
release	shift-left offline proof (release gate)	2026-10-04T07:52:42.7680307Z   labels:
release	shift-left offline proof (release gate)	2026-10-04T07:52:42.7680532Z     policy-as-versioned.dev/policy-version: 5.0.0
release	shift-left offline proof (release gate)	2026-10-04T07:52:42.7680853Z     posture.acme.io/caged: "true"
release	shift-left offline proof (release gate)	2026-10-04T07:52:42.7681115Z     posture.acme.io/tier: isolated
release	shift-left offline proof (release gate)	2026-10-04T07:52:42.7681374Z     posture.acme.io/version: 5.0.0
release	shift-left offline proof (release gate)	2026-10-04T07:52:42.7681612Z   name: checkout-svc
release	shift-left offline proof (release gate)	2026-10-04T07:52:42.7681815Z   namespace: default
release	shift-left offline proof (release gate)	2026-10-04T07:52:42.7682009Z spec:
release	shift-left offline proof (release gate)	2026-10-04T07:52:42.7682183Z   containers:
release	shift-left offline proof (release gate)	2026-10-04T07:52:42.7682371Z   - image: nginx
release	shift-left offline proof (release gate)	2026-10-04T07:52:42.7682563Z     name: c
release	shift-left offline proof (release gate)	2026-10-04T07:52:42.7682738Z     resources:
release	shift-left offline proof (release gate)	2026-10-04T07:52:42.7682922Z       limits:
release	shift-left offline proof (release gate)	2026-10-04T07:52:42.7683106Z         cpu: 100m
release	shift-left offline proof (release gate)	2026-10-04T07:52:42.7683304Z         memory: 64Mi
release	shift-left offline proof (release gate)	2026-10-04T07:52:42.7683501Z     securityContext:
release	shift-left offline proof (release gate)	2026-10-04T07:52:42.7683727Z       allowPrivilegeEscalation: false
release	shift-left offline proof (release gate)	2026-10-04T07:52:42.7683997Z       capabilities:
release	shift-left offline proof (release gate)	2026-10-04T07:52:42.7684192Z         drop:
release	shift-left offline proof (release gate)	2026-10-04T07:52:42.7684374Z         - ALL
release	shift-left offline proof (release gate)	2026-10-04T07:52:42.7684566Z       privileged: false
release	shift-left offline proof (release gate)	2026-10-04T07:52:42.7684800Z       readOnlyRootFilesystem: true
release	shift-left offline proof (release gate)	2026-10-04T07:52:42.7685054Z       runAsNonRoot: true
release	shift-left offline proof (release gate)	2026-10-04T07:52:42.7685290Z   - image: ghcr.io/acme/coraza-waf:cage
release	shift-left offline proof (release gate)	2026-10-04T07:52:42.7685555Z     name: waf-sidecar
release	shift-left offline proof (release gate)	2026-10-04T07:52:42.7685756Z     resources:
release	shift-left offline proof (release gate)	2026-10-04T07:52:42.7685945Z       limits:
release	shift-left offline proof (release gate)	2026-10-04T07:52:42.7686128Z         cpu: 250m
release	shift-left offline proof (release gate)	2026-10-04T07:52:42.7686319Z         memory: 256Mi
release	shift-left offline proof (release gate)	2026-10-04T07:52:42.7686524Z     securityContext:
release	shift-left offline proof (release gate)	2026-10-04T07:52:42.7686749Z       allowPrivilegeEscalation: false
release	shift-left offline proof (release gate)	2026-10-04T07:52:42.7687003Z       capabilities:
release	shift-left offline proof (release gate)	2026-10-04T07:52:42.7687193Z         drop:
release	shift-left offline proof (release gate)	2026-10-04T07:52:42.7687371Z         - ALL
release	shift-left offline proof (release gate)	2026-10-04T07:52:42.7687560Z       privileged: false
release	shift-left offline proof (release gate)	2026-10-04T07:52:42.7687786Z       readOnlyRootFilesystem: true
release	shift-left offline proof (release gate)	2026-10-04T07:52:42.7688281Z       runAsNonRoot: true
release	shift-left offline proof (release gate)	2026-10-04T07:52:42.7688530Z   hostIPC: false
release	shift-left offline proof (release gate)	2026-10-04T07:52:42.7688732Z   hostNetwork: false
release	shift-left offline proof (release gate)	2026-10-04T07:52:42.7688940Z   hostPID: false
release	shift-left offline proof (release gate)	2026-10-04T07:52:42.7689403Z   preemptionPolicy: Never
release	shift-left offline proof (release gate)	2026-10-04T07:52:42.7689645Z   priority: -10000
release	shift-left offline proof (release gate)	2026-10-04T07:52:42.7689879Z   priorityClassName: cage-isolated-5-0-0
release	shift-left offline proof (release gate)	2026-10-04T07:52:42.7690156Z   securityContext:
release	shift-left offline proof (release gate)	2026-10-04T07:52:42.7690367Z     runAsNonRoot: true
release	shift-left offline proof (release gate)	2026-10-04T07:52:42.7690506Z 
release	shift-left offline proof (release gate)	2026-10-04T07:52:42.7690581Z ---
release	shift-left offline proof (release gate)	2026-10-04T07:52:42.7690679Z 
release	shift-left offline proof (release gate)	2026-10-04T07:52:42.7690683Z 
release	shift-left offline proof (release gate)	2026-10-04T07:52:42.7690756Z Mutation:
release	shift-left offline proof (release gate)	2026-10-04T07:52:42.7690972Z Mutation has been applied successfully.
release	shift-left offline proof (release gate)	2026-10-04T07:52:42.7691351Z policy stamp-posture-5-0-0 applied to default/Pod/checkout-svc:
release	shift-left offline proof (release gate)	2026-10-04T07:52:42.7691715Z apiVersion: v1
release	shift-left offline proof (release gate)	2026-10-04T07:52:42.7691905Z kind: Pod
release	shift-left offline proof (release gate)	2026-10-04T07:52:42.7692081Z metadata:
release	shift-left offline proof (release gate)	2026-10-04T07:52:42.7692252Z   labels:
release	shift-left offline proof (release gate)	2026-10-04T07:52:42.7692477Z     policy-as-versioned.dev/policy-version: 5.0.0
release	shift-left offline proof (release gate)	2026-10-04T07:52:42.7692791Z     posture.acme.io/caged: "true"
release	shift-left offline proof (release gate)	2026-10-04T07:52:42.7693199Z     posture.acme.io/tier: isolated
release	shift-left offline proof (release gate)	2026-10-04T07:52:42.7693462Z     posture.acme.io/version: 5.0.0
release	shift-left offline proof (release gate)	2026-10-04T07:52:42.7693712Z   name: checkout-svc
release	shift-left offline proof (release gate)	2026-10-04T07:52:42.7693919Z   namespace: default
release	shift-left offline proof (release gate)	2026-10-04T07:52:42.7694120Z spec:
release	shift-left offline proof (release gate)	2026-10-04T07:52:42.7694300Z   containers:
release	shift-left offline proof (release gate)	2026-10-04T07:52:42.7694485Z   - image: nginx
release	shift-left offline proof (release gate)	2026-10-04T07:52:42.7694679Z     name: c
release	shift-left offline proof (release gate)	2026-10-04T07:52:42.7694859Z     resources:
release	shift-left offline proof (release gate)	2026-10-04T07:52:42.7695045Z       limits:
release	shift-left offline proof (release gate)	2026-10-04T07:52:42.7695226Z         cpu: 100m
release	shift-left offline proof (release gate)	2026-10-04T07:52:42.7695420Z         memory: 64Mi
release	shift-left offline proof (release gate)	2026-10-04T07:52:42.7695625Z     securityContext:
release	shift-left offline proof (release gate)	2026-10-04T07:52:42.7695853Z       allowPrivilegeEscalation: false
release	shift-left offline proof (release gate)	2026-10-04T07:52:42.7696108Z       capabilities:
release	shift-left offline proof (release gate)	2026-10-04T07:52:42.7696295Z         drop:
release	shift-left offline proof (release gate)	2026-10-04T07:52:42.7696469Z         - ALL
release	shift-left offline proof (release gate)	2026-10-04T07:52:42.7696662Z       privileged: false
release	shift-left offline proof (release gate)	2026-10-04T07:52:42.7696891Z       readOnlyRootFilesystem: true
release	shift-left offline proof (release gate)	2026-10-04T07:52:42.7697135Z       runAsNonRoot: true
release	shift-left offline proof (release gate)	2026-10-04T07:52:42.7697372Z   - image: ghcr.io/acme/coraza-waf:cage
release	shift-left offline proof (release gate)	2026-10-04T07:52:42.7697636Z     name: waf-sidecar
release	shift-left offline proof (release gate)	2026-10-04T07:52:42.7697835Z     resources:
release	shift-left offline proof (release gate)	2026-10-04T07:52:42.7698317Z       limits:
release	shift-left offline proof (release gate)	2026-10-04T07:52:42.7698508Z         cpu: 250m
release	shift-left offline proof (release gate)	2026-10-04T07:52:42.7698702Z         memory: 256Mi
release	shift-left offline proof (release gate)	2026-10-04T07:52:42.7698908Z     securityContext:
release	shift-left offline proof (release gate)	2026-10-04T07:52:42.7699136Z       allowPrivilegeEscalation: false
release	shift-left offline proof (release gate)	2026-10-04T07:52:42.7699403Z       capabilities:
release	shift-left offline proof (release gate)	2026-10-04T07:52:42.7699593Z         drop:
release	shift-left offline proof (release gate)	2026-10-04T07:52:42.7699778Z         - ALL
release	shift-left offline proof (release gate)	2026-10-04T07:52:42.7699971Z       privileged: false
release	shift-left offline proof (release gate)	2026-10-04T07:52:42.7700214Z       readOnlyRootFilesystem: true
release	shift-left offline proof (release gate)	2026-10-04T07:52:42.7700477Z       runAsNonRoot: true
release	shift-left offline proof (release gate)	2026-10-04T07:52:42.7700703Z   hostIPC: false
release	shift-left offline proof (release gate)	2026-10-04T07:52:42.7700902Z   hostNetwork: false
release	shift-left offline proof (release gate)	2026-10-04T07:52:42.7701105Z   hostPID: false
release	shift-left offline proof (release gate)	2026-10-04T07:52:42.7701315Z   preemptionPolicy: Never
release	shift-left offline proof (release gate)	2026-10-04T07:52:42.7701548Z   priority: -10000
release	shift-left offline proof (release gate)	2026-10-04T07:52:42.7701779Z   priorityClassName: cage-isolated-5-0-0
release	shift-left offline proof (release gate)	2026-10-04T07:52:42.7702068Z   securityContext:
release	shift-left offline proof (release gate)	2026-10-04T07:52:42.7702273Z     runAsNonRoot: true
release	shift-left offline proof (release gate)	2026-10-04T07:52:42.7702402Z 
release	shift-left offline proof (release gate)	2026-10-04T07:52:42.7702483Z ---
release	shift-left offline proof (release gate)	2026-10-04T07:52:42.7702577Z 
release	shift-left offline proof (release gate)	2026-10-04T07:52:42.7702581Z 
release	shift-left offline proof (release gate)	2026-10-04T07:52:42.7702661Z Mutation:
release	shift-left offline proof (release gate)	2026-10-04T07:52:42.7702887Z Mutation has been applied successfully.
release	shift-left offline proof (release gate)	2026-10-04T07:52:42.7703249Z policy stamp-posture-5-0-0 applied to default/Pod/checkout-svc:
release	shift-left offline proof (release gate)	2026-10-04T07:52:42.7703600Z apiVersion: v1
release	shift-left offline proof (release gate)	2026-10-04T07:52:42.7703793Z kind: Pod
release	shift-left offline proof (release gate)	2026-10-04T07:52:42.7703966Z metadata:
release	shift-left offline proof (release gate)	2026-10-04T07:52:42.7704135Z   labels:
release	shift-left offline proof (release gate)	2026-10-04T07:52:42.7704364Z     policy-as-versioned.dev/policy-version: 5.0.0
release	shift-left offline proof (release gate)	2026-10-04T07:52:42.7704680Z     posture.acme.io/caged: "true"
release	shift-left offline proof (release gate)	2026-10-04T07:52:42.7704936Z     posture.acme.io/tier: isolated
release	shift-left offline proof (release gate)	2026-10-04T07:52:42.7705189Z     posture.acme.io/version: 5.0.0
release	shift-left offline proof (release gate)	2026-10-04T07:52:42.7705432Z   name: checkout-svc
release	shift-left offline proof (release gate)	2026-10-04T07:52:42.7705633Z   namespace: default
release	shift-left offline proof (release gate)	2026-10-04T07:52:42.7705824Z spec:
release	shift-left offline proof (release gate)	2026-10-04T07:52:42.7706000Z   containers:
release	shift-left offline proof (release gate)	2026-10-04T07:52:42.7706185Z   - image: nginx
release	shift-left offline proof (release gate)	2026-10-04T07:52:42.7706370Z     name: c
release	shift-left offline proof (release gate)	2026-10-04T07:52:42.7706544Z     resources:
release	shift-left offline proof (release gate)	2026-10-04T07:52:42.7706877Z       limits:
release	shift-left offline proof (release gate)	2026-10-04T07:52:42.7707059Z         cpu: 100m
release	shift-left offline proof (release gate)	2026-10-04T07:52:42.7707249Z         memory: 64Mi
release	shift-left offline proof (release gate)	2026-10-04T07:52:42.7707450Z     securityContext:
release	shift-left offline proof (release gate)	2026-10-04T07:52:42.7707674Z       allowPrivilegeEscalation: false
release	shift-left offline proof (release gate)	2026-10-04T07:52:42.7707933Z       capabilities:
release	shift-left offline proof (release gate)	2026-10-04T07:52:42.7708451Z         drop:
release	shift-left offline proof (release gate)	2026-10-04T07:52:42.7708645Z         - ALL
release	shift-left offline proof (release gate)	2026-10-04T07:52:42.7708839Z       privileged: false
release	shift-left offline proof (release gate)	2026-10-04T07:52:42.7709071Z       readOnlyRootFilesystem: true
release	shift-left offline proof (release gate)	2026-10-04T07:52:42.7709328Z       runAsNonRoot: true
release	shift-left offline proof (release gate)	2026-10-04T07:52:42.7709570Z   - image: ghcr.io/acme/coraza-waf:cage
release	shift-left offline proof (release gate)	2026-10-04T07:52:42.7709841Z     name: waf-sidecar
release	shift-left offline proof (release gate)	2026-10-04T07:52:42.7710051Z     resources:
release	shift-left offline proof (release gate)	2026-10-04T07:52:42.7710229Z       limits:
release	shift-left offline proof (release gate)	2026-10-04T07:52:42.7710410Z         cpu: 250m
release	shift-left offline proof (release gate)	2026-10-04T07:52:42.7710603Z         memory: 256Mi
release	shift-left offline proof (release gate)	2026-10-04T07:52:42.7710961Z     securityContext:
release	shift-left offline proof (release gate)	2026-10-04T07:52:42.7711204Z       allowPrivilegeEscalation: false
release	shift-left offline proof (release gate)	2026-10-04T07:52:42.7711468Z       capabilities:
release	shift-left offline proof (release gate)	2026-10-04T07:52:42.7711669Z         drop:
release	shift-left offline proof (release gate)	2026-10-04T07:52:42.7711854Z         - ALL
release	shift-left offline proof (release gate)	2026-10-04T07:52:42.7712045Z       privileged: false
release	shift-left offline proof (release gate)	2026-10-04T07:52:42.7712282Z       readOnlyRootFilesystem: true
release	shift-left offline proof (release gate)	2026-10-04T07:52:42.7712538Z       runAsNonRoot: true
release	shift-left offline proof (release gate)	2026-10-04T07:52:42.7712769Z   hostIPC: false
release	shift-left offline proof (release gate)	2026-10-04T07:52:42.7712966Z   hostNetwork: false
release	shift-left offline proof (release gate)	2026-10-04T07:52:42.7713166Z   hostPID: false
release	shift-left offline proof (release gate)	2026-10-04T07:52:42.7713372Z   preemptionPolicy: Never
release	shift-left offline proof (release gate)	2026-10-04T07:52:42.7713600Z   priority: -10000
release	shift-left offline proof (release gate)	2026-10-04T07:52:42.7713831Z   priorityClassName: cage-isolated-5-0-0
release	shift-left offline proof (release gate)	2026-10-04T07:52:42.7714107Z   securityContext:
release	shift-left offline proof (release gate)	2026-10-04T07:52:42.7714310Z     runAsNonRoot: true
release	shift-left offline proof (release gate)	2026-10-04T07:52:42.7714443Z 
release	shift-left offline proof (release gate)	2026-10-04T07:52:42.7714512Z ---
release	shift-left offline proof (release gate)	2026-10-04T07:52:42.7714617Z 
release	shift-left offline proof (release gate)	2026-10-04T07:52:42.7714621Z 
release	shift-left offline proof (release gate)	2026-10-04T07:52:42.7714694Z Mutation:
release	shift-left offline proof (release gate)	2026-10-04T07:52:42.7714918Z Mutation has been applied successfully.
release	shift-left offline proof (release gate)	2026-10-04T07:52:42.7715273Z policy cage-netpol-5-0-0 applied to default/Pod/checkout-svc:
release	shift-left offline proof (release gate)	2026-10-04T07:52:42.7715639Z apiVersion: networking.k8s.io/v1
release	shift-left offline proof (release gate)	2026-10-04T07:52:42.7715886Z kind: NetworkPolicy
release	shift-left offline proof (release gate)	2026-10-04T07:52:42.7716080Z metadata:
release	shift-left offline proof (release gate)	2026-10-04T07:52:42.7716251Z   labels:
release	shift-left offline proof (release gate)	2026-10-04T07:52:42.7716453Z     app.kubernetes.io/managed-by: kyverno
release	shift-left offline proof (release gate)	2026-10-04T07:52:42.7716737Z     posture.acme.io/cage: reach
release	shift-left offline proof (release gate)	2026-10-04T07:52:42.7716988Z     posture.acme.io/tier: restricted
release	shift-left offline proof (release gate)	2026-10-04T07:52:42.7717254Z   name: cage-reach-restricted
release	shift-left offline proof (release gate)	2026-10-04T07:52:42.7717491Z   namespace: default
release	shift-left offline proof (release gate)	2026-10-04T07:52:42.7717693Z spec:
release	shift-left offline proof (release gate)	2026-10-04T07:52:42.7717863Z   egress:
release	shift-left offline proof (release gate)	2026-10-04T07:52:42.7718266Z   - ports:
release	shift-left offline proof (release gate)	2026-10-04T07:52:42.7718580Z     - port: 53
release	shift-left offline proof (release gate)	2026-10-04T07:52:42.7718779Z       protocol: UDP
release	shift-left offline proof (release gate)	2026-10-04T07:52:42.7718974Z     to:
release	shift-left offline proof (release gate)	2026-10-04T07:52:42.7719163Z     - namespaceSelector:
release	shift-left offline proof (release gate)	2026-10-04T07:52:42.7719384Z         matchLabels:
release	shift-left offline proof (release gate)	2026-10-04T07:52:42.7719622Z           kubernetes.io/metadata.name: kube-system
release	shift-left offline proof (release gate)	2026-10-04T07:52:42.7719910Z   ingress:
release	shift-left offline proof (release gate)	2026-10-04T07:52:42.7720086Z   - from:
release	shift-left offline proof (release gate)	2026-10-04T07:52:42.7720271Z     - podSelector: {}
release	shift-left offline proof (release gate)	2026-10-04T07:52:42.7720489Z   podSelector:
release	shift-left offline proof (release gate)	2026-10-04T07:52:42.7720679Z     matchLabels:
release	shift-left offline proof (release gate)	2026-10-04T07:52:42.7720892Z       posture.acme.io/caged: "true"
release	shift-left offline proof (release gate)	2026-10-04T07:52:42.7721161Z       posture.acme.io/tier: restricted
release	shift-left offline proof (release gate)	2026-10-04T07:52:42.7721416Z   policyTypes:
release	shift-left offline proof (release gate)	2026-10-04T07:52:42.7721603Z   - Ingress
release	shift-left offline proof (release gate)	2026-10-04T07:52:42.7721779Z   - Egress
release	shift-left offline proof (release gate)	2026-10-04T07:52:42.7721883Z 
release	shift-left offline proof (release gate)	2026-10-04T07:52:42.7721955Z ---
release	shift-left offline proof (release gate)	2026-10-04T07:52:42.7722054Z 
release	shift-left offline proof (release gate)	2026-10-04T07:52:42.7722059Z 
release	shift-left offline proof (release gate)	2026-10-04T07:52:42.7722131Z Generate:
release	shift-left offline proof (release gate)	2026-10-04T07:52:42.7722324Z Generation completed successfully.
release	shift-left offline proof (release gate)	2026-10-04T07:52:42.7722659Z policy cage-netpol-5-0-0 applied to default/Pod/checkout-svc:
release	shift-left offline proof (release gate)	2026-10-04T07:52:42.7723022Z apiVersion: networking.k8s.io/v1
release	shift-left offline proof (release gate)	2026-10-04T07:52:42.7723265Z kind: NetworkPolicy
release	shift-left offline proof (release gate)	2026-10-04T07:52:42.7723462Z metadata:
release	shift-left offline proof (release gate)	2026-10-04T07:52:42.7723632Z   labels:
release	shift-left offline proof (release gate)	2026-10-04T07:52:42.7723834Z     app.kubernetes.io/managed-by: kyverno
release	shift-left offline proof (release gate)	2026-10-04T07:52:42.7724113Z     posture.acme.io/cage: reach
release	shift-left offline proof (release gate)	2026-10-04T07:52:42.7724371Z     posture.acme.io/tier: quarantine
release	shift-left offline proof (release gate)	2026-10-04T07:52:42.7724813Z   name: cage-reach-quarantine
release	shift-left offline proof (release gate)	2026-10-04T07:52:42.7725056Z   namespace: default
release	shift-left offline proof (release gate)	2026-10-04T07:52:42.7725255Z spec:
release	shift-left offline proof (release gate)	2026-10-04T07:52:42.7725463Z   egress:
release	shift-left offline proof (release gate)	2026-10-04T07:52:42.7725651Z   - ports:
release	shift-left offline proof (release gate)	2026-10-04T07:52:42.7725832Z     - port: 53
release	shift-left offline proof (release gate)	2026-10-04T07:52:42.7726026Z       protocol: UDP
release	shift-left offline proof (release gate)	2026-10-04T07:52:42.7726220Z     to:
release	shift-left offline proof (release gate)	2026-10-04T07:52:42.7726409Z     - namespaceSelector:
release	shift-left offline proof (release gate)	2026-10-04T07:52:42.7726629Z         matchLabels:
release	shift-left offline proof (release gate)	2026-10-04T07:52:42.7726868Z           kubernetes.io/metadata.name: kube-system
release	shift-left offline proof (release gate)	2026-10-04T07:52:42.7727147Z   ingress:
release	shift-left offline proof (release gate)	2026-10-04T07:52:42.7727320Z   - from:
release	shift-left offline proof (release gate)	2026-10-04T07:52:42.7727506Z     - podSelector: {}
release	shift-left offline proof (release gate)	2026-10-04T07:52:42.7727716Z   podSelector:
release	shift-left offline proof (release gate)	2026-10-04T07:52:42.7727902Z     matchLabels:
release	shift-left offline proof (release gate)	2026-10-04T07:52:42.7728434Z       posture.acme.io/caged: "true"
release	shift-left offline proof (release gate)	2026-10-04T07:52:42.7728876Z       posture.acme.io/tier: quarantine
release	shift-left offline proof (release gate)	2026-10-04T07:52:42.7729136Z   policyTypes:
release	shift-left offline proof (release gate)	2026-10-04T07:52:42.7729325Z   - Ingress
release	shift-left offline proof (release gate)	2026-10-04T07:52:42.7729511Z   - Egress
release	shift-left offline proof (release gate)	2026-10-04T07:52:42.7729613Z 
release	shift-left offline proof (release gate)	2026-10-04T07:52:42.7729688Z ---
release	shift-left offline proof (release gate)	2026-10-04T07:52:42.7729785Z 
release	shift-left offline proof (release gate)	2026-10-04T07:52:42.7729789Z 
release	shift-left offline proof (release gate)	2026-10-04T07:52:42.7729862Z Generate:
release	shift-left offline proof (release gate)	2026-10-04T07:52:42.7730065Z Generation completed successfully.
release	shift-left offline proof (release gate)	2026-10-04T07:52:42.7730411Z policy cage-netpol-5-0-0 applied to default/Pod/checkout-svc:
release	shift-left offline proof (release gate)	2026-10-04T07:52:42.7730767Z apiVersion: networking.k8s.io/v1
release	shift-left offline proof (release gate)	2026-10-04T07:52:42.7731016Z kind: NetworkPolicy
release	shift-left offline proof (release gate)	2026-10-04T07:52:42.7731219Z metadata:
release	shift-left offline proof (release gate)	2026-10-04T07:52:42.7731391Z   labels:
release	shift-left offline proof (release gate)	2026-10-04T07:52:42.7731587Z     app.kubernetes.io/managed-by: kyverno
release	shift-left offline proof (release gate)	2026-10-04T07:52:42.7731867Z     posture.acme.io/cage: reach
release	shift-left offline proof (release gate)	2026-10-04T07:52:42.7732120Z     posture.acme.io/tier: isolated
release	shift-left offline proof (release gate)	2026-10-04T07:52:42.7732377Z   name: cage-reach-isolated
release	shift-left offline proof (release gate)	2026-10-04T07:52:42.7732608Z   namespace: default
release	shift-left offline proof (release gate)	2026-10-04T07:52:42.7732812Z spec:
release	shift-left offline proof (release gate)	2026-10-04T07:52:42.7732986Z   egress: []
release	shift-left offline proof (release gate)	2026-10-04T07:52:42.7733168Z   ingress: []
release	shift-left offline proof (release gate)	2026-10-04T07:52:42.7733354Z   podSelector:
release	shift-left offline proof (release gate)	2026-10-04T07:52:42.7733550Z     matchLabels:
release	shift-left offline proof (release gate)	2026-10-04T07:52:42.7733765Z       posture.acme.io/caged: "true"
release	shift-left offline proof (release gate)	2026-10-04T07:52:42.7734026Z       posture.acme.io/tier: isolated
release	shift-left offline proof (release gate)	2026-10-04T07:52:42.7734272Z   policyTypes:
release	shift-left offline proof (release gate)	2026-10-04T07:52:42.7734457Z   - Ingress
release	shift-left offline proof (release gate)	2026-10-04T07:52:42.7734635Z   - Egress
release	shift-left offline proof (release gate)	2026-10-04T07:52:42.7734738Z 
release	shift-left offline proof (release gate)	2026-10-04T07:52:42.7734813Z ---
release	shift-left offline proof (release gate)	2026-10-04T07:52:42.7734910Z 
release	shift-left offline proof (release gate)	2026-10-04T07:52:42.7734914Z 
release	shift-left offline proof (release gate)	2026-10-04T07:52:42.7734984Z Generate:
release	shift-left offline proof (release gate)	2026-10-04T07:52:42.7735177Z Generation completed successfully.
release	shift-left offline proof (release gate)	2026-10-04T07:52:42.7735454Z pass: 7, fail: 0, warn: 0, error: 0, skip: 0
release	shift-left offline proof (release gate)	2026-10-04T07:52:42.7735649Z 
release	shift-left offline proof (release gate)	2026-10-04T07:52:42.7736039Z shift-left: fixtures/workload-flip.yaml would be denied somewhere in its supported window ['4.0.0', '5.0.0'] on kyverno 1.18.2
release	shift-left offline proof (release gate)	2026-10-04T07:52:42.7736839Z (non-zero above is expected -- the flip was caught at a neighbour of 5.0.0)
release	shift-left offline proof (release gate)	2026-10-04T07:52:42.8215431Z 
release	shift-left offline proof (release gate)	2026-10-04T07:52:42.8216378Z == no declared engine: every line is an unsupported pairing, and the check could not look ==
release	shift-left offline proof (release gate)	2026-10-04T07:52:42.9152732Z fixtures/workload-compliant.yaml: targets 5.0.0, checking supported window ['5.0.0', '6.0.0']
release	shift-left offline proof (release gate)	2026-10-04T07:52:42.9154763Z UNSUPPORTED PAIRING @ v5.0.0: no engine is declared (--engine-declaration /tmp/tmp.SAXcpsqoLM/absent.yaml carries no gitops/engine/kyverno.yaml); not run, so neither a compile error nor a pass
release	shift-left offline proof (release gate)	2026-10-04T07:52:42.9157617Z UNSUPPORTED PAIRING @ v6.0.0: no engine is declared (--engine-declaration /tmp/tmp.SAXcpsqoLM/absent.yaml carries no gitops/engine/kyverno.yaml); not run, so neither a compile error nor a pass
release	shift-left offline proof (release gate)	2026-10-04T07:52:42.9159237Z 
release	shift-left offline proof (release gate)	2026-10-04T07:52:42.9160229Z shift-left: COULD NOT LOOK -- fixtures/workload-compliant.yaml belongs to no declared engine, so no line in its window ['5.0.0', '6.0.0'] was run (hub ADR-0033 point 7)
release	shift-left offline proof (release gate)	2026-10-04T07:52:42.9187314Z ok  no declaration (exit 3)
release	shift-left offline proof (release gate)	2026-10-04T07:52:42.9187673Z 
release	shift-left offline proof (release gate)	2026-10-04T07:52:42.9187933Z == a declaration that does not read refuses by name ==
release	shift-left offline proof (release gate)	2026-10-04T07:52:43.0135814Z fixtures/workload-compliant.yaml: targets 5.0.0, checking supported window ['5.0.0', '6.0.0']
release	shift-left offline proof (release gate)	2026-10-04T07:52:43.0137874Z COULD NOT LOOK: gitops/engine/kyverno.yaml must carry exactly the keys ['cli', 'engine', 'install', 'schema', 'version'], not ['engine', 'schema', 'version'] (--engine-declaration /tmp/tmp.SAXcpsqoLM/bad.yaml); no line runs on an engine nobody can read
release	shift-left offline proof (release gate)	2026-10-04T07:52:43.0168983Z ok  a malformed declaration (exit 3)
release	shift-left offline proof (release gate)	2026-10-04T07:52:43.0169418Z 
release	shift-left offline proof (release gate)	2026-10-04T07:52:43.0170147Z == the served target does not support the declared engine (1.19.1): named, not run, could not look ==
release	shift-left offline proof (release gate)	2026-10-04T07:52:43.1288600Z fixtures/workload-compliant.yaml: targets 5.0.0, checking supported window ['5.0.0', '6.0.0']
release	shift-left offline proof (release gate)	2026-10-04T07:52:43.1289847Z declared engine: kyverno 1.19.1 (read from /tmp/tmp.SAXcpsqoLM/decl-1.19.1.yaml, --engine-declaration /tmp/tmp.SAXcpsqoLM/decl-1.19.1.yaml)
release	shift-left offline proof (release gate)	2026-10-04T07:52:43.1291793Z UNSUPPORTED PAIRING @ v5.0.0: kyverno 1.19.1 is not a supported engine of v5.0.0 (tested_engines ['1.18.2']); not run, so neither a compile error nor a pass
release	shift-left offline proof (release gate)	2026-10-04T07:52:43.1293082Z UNSUPPORTED PAIRING @ v6.0.0: kyverno 1.19.1 is not a supported engine of v6.0.0 (tested_engines ['1.18.2']); not run, so neither a compile error nor a pass
release	shift-left offline proof (release gate)	2026-10-04T07:52:43.1293746Z 
release	shift-left offline proof (release gate)	2026-10-04T07:52:43.1294613Z shift-left: COULD NOT LOOK -- fixtures/workload-compliant.yaml targets v5.0.0, which does not support the declared kyverno 1.19.1, so its own line was not run; unsupported pairing(s), not run and not passed: v5.0.0, v6.0.0
release	shift-left offline proof (release gate)	2026-10-04T07:52:43.1327987Z ok  an engine the target does not support (exit 3)
release	shift-left offline proof (release gate)	2026-10-04T07:52:43.1328866Z 
release	shift-left offline proof (release gate)	2026-10-04T07:52:43.1329392Z == a neighbour whose tested_engines supports no engine is named and not run; the target still runs ==
release	shift-left offline proof (release gate)	2026-10-04T07:52:43.8326270Z fixtures/workload-compliant.yaml: targets 5.0.0, checking supported window ['4.0.0', '5.0.0']
release	shift-left offline proof (release gate)	2026-10-04T07:52:43.8328796Z declared engine: kyverno 1.18.2 (read from fixtures/engine/kyverno.yaml, --engine-declaration fixtures/engine/kyverno.yaml)
release	shift-left offline proof (release gate)	2026-10-04T07:52:43.8332184Z UNSUPPORTED PAIRING @ v4.0.0: kyverno 1.18.2 is not a supported engine of v4.0.0 (tested_engines is scoped published-cage-fixtures-v1, which graded the cage-tier and cage-netpol fixtures only (ticket 71, platform PR 26), not every body the line serves; a declaration under the narrower meaning cannot pass under every-served-body-v1); not run, so neither a compile error nor a pass
release	shift-left offline proof (release gate)	2026-10-04T07:52:43.8334189Z --- kyverno apply @ v5.0.0 ---
release	shift-left offline proof (release gate)	2026-10-04T07:52:43.8334581Z Applying 5 policy rule(s) to 1 resource(s)...
release	shift-left offline proof (release gate)	2026-10-04T07:52:43.8334855Z 
release	shift-left offline proof (release gate)	2026-10-04T07:52:43.8335074Z policy cage-tier-5-0-0 applied to default/Pod/checkout-svc:
release	shift-left offline proof (release gate)	2026-10-04T07:52:43.8335520Z apiVersion: v1
release	shift-left offline proof (release gate)	2026-10-04T07:52:43.8335776Z kind: Pod
release	shift-left offline proof (release gate)	2026-10-04T07:52:43.8336011Z metadata:
release	shift-left offline proof (release gate)	2026-10-04T07:52:43.8336242Z   labels:
release	shift-left offline proof (release gate)	2026-10-04T07:52:43.8336540Z     policy-as-versioned.dev/policy-version: 5.0.0
release	shift-left offline proof (release gate)	2026-10-04T07:52:43.8336962Z     posture.acme.io/caged: "true"
release	shift-left offline proof (release gate)	2026-10-04T07:52:43.8337353Z     posture.acme.io/tier: isolated
release	shift-left offline proof (release gate)	2026-10-04T07:52:43.8337702Z     posture.acme.io/version: 5.0.0
release	shift-left offline proof (release gate)	2026-10-04T07:52:43.8338277Z   name: checkout-svc
release	shift-left offline proof (release gate)	2026-10-04T07:52:43.8338579Z   namespace: default
release	shift-left offline proof (release gate)	2026-10-04T07:52:43.8338842Z spec:
release	shift-left offline proof (release gate)	2026-10-04T07:52:43.8339077Z   containers:
release	shift-left offline proof (release gate)	2026-10-04T07:52:43.8339328Z   - image: nginx
release	shift-left offline proof (release gate)	2026-10-04T07:52:43.8339576Z     name: c
release	shift-left offline proof (release gate)	2026-10-04T07:52:43.8339808Z     resources:
release	shift-left offline proof (release gate)	2026-10-04T07:52:43.8340047Z       limits:
release	shift-left offline proof (release gate)	2026-10-04T07:52:43.8340282Z         cpu: 100m
release	shift-left offline proof (release gate)	2026-10-04T07:52:43.8340534Z         memory: 64Mi
release	shift-left offline proof (release gate)	2026-10-04T07:52:43.8340799Z     securityContext:
release	shift-left offline proof (release gate)	2026-10-04T07:52:43.8341098Z       allowPrivilegeEscalation: false
release	shift-left offline proof (release gate)	2026-10-04T07:52:43.8341445Z       capabilities:
release	shift-left offline proof (release gate)	2026-10-04T07:52:43.8341707Z         drop:
release	shift-left offline proof (release gate)	2026-10-04T07:52:43.8341944Z         - ALL
release	shift-left offline proof (release gate)	2026-10-04T07:52:43.8342193Z       privileged: false
release	shift-left offline proof (release gate)	2026-10-04T07:52:43.8342498Z       readOnlyRootFilesystem: true
release	shift-left offline proof (release gate)	2026-10-04T07:52:43.8342847Z       runAsNonRoot: true
release	shift-left offline proof (release gate)	2026-10-04T07:52:43.8343161Z   - image: ghcr.io/acme/coraza-waf:cage
release	shift-left offline proof (release gate)	2026-10-04T07:52:43.8343769Z     name: waf-sidecar
release	shift-left offline proof (release gate)	2026-10-04T07:52:43.8343987Z     resources:
release	shift-left offline proof (release gate)	2026-10-04T07:52:43.8344179Z       limits:
release	shift-left offline proof (release gate)	2026-10-04T07:52:43.8344489Z         cpu: 250m
release	shift-left offline proof (release gate)	2026-10-04T07:52:43.8344685Z         memory: 256Mi
release	shift-left offline proof (release gate)	2026-10-04T07:52:43.8344900Z     securityContext:
release	shift-left offline proof (release gate)	2026-10-04T07:52:43.8345135Z       allowPrivilegeEscalation: false
release	shift-left offline proof (release gate)	2026-10-04T07:52:43.8345405Z       capabilities:
release	shift-left offline proof (release gate)	2026-10-04T07:52:43.8345614Z         drop:
release	shift-left offline proof (release gate)	2026-10-04T07:52:43.8345866Z         - ALL
release	shift-left offline proof (release gate)	2026-10-04T07:52:43.8346207Z       privileged: false
release	shift-left offline proof (release gate)	2026-10-04T07:52:43.8346612Z       readOnlyRootFilesystem: true
release	shift-left offline proof (release gate)	2026-10-04T07:52:43.8347057Z       runAsNonRoot: true
release	shift-left offline proof (release gate)	2026-10-04T07:52:43.8347432Z   hostIPC: false
release	shift-left offline proof (release gate)	2026-10-04T07:52:43.8347880Z   hostNetwork: false
release	shift-left offline proof (release gate)	2026-10-04T07:52:43.8348636Z   hostPID: false
release	shift-left offline proof (release gate)	2026-10-04T07:52:43.8349169Z   preemptionPolicy: Never
release	shift-left offline proof (release gate)	2026-10-04T07:52:43.8349726Z   priority: -10000
release	shift-left offline proof (release gate)	2026-10-04T07:52:43.8349972Z   priorityClassName: cage-isolated-5-0-0
release	shift-left offline proof (release gate)	2026-10-04T07:52:43.8350253Z   securityContext:
release	shift-left offline proof (release gate)	2026-10-04T07:52:43.8350460Z     runAsNonRoot: true
release	shift-left offline proof (release gate)	2026-10-04T07:52:43.8350600Z 
release	shift-left offline proof (release gate)	2026-10-04T07:52:43.8350678Z ---
release	shift-left offline proof (release gate)	2026-10-04T07:52:43.8350782Z 
release	shift-left offline proof (release gate)	2026-10-04T07:52:43.8350787Z 
release	shift-left offline proof (release gate)	2026-10-04T07:52:43.8350860Z Mutation:
release	shift-left offline proof (release gate)	2026-10-04T07:52:43.8351073Z Mutation has been applied successfully.
release	shift-left offline proof (release gate)	2026-10-04T07:52:43.8351431Z policy cage-tier-5-0-0 applied to default/Pod/checkout-svc:
release	shift-left offline proof (release gate)	2026-10-04T07:52:43.8351771Z apiVersion: v1
release	shift-left offline proof (release gate)	2026-10-04T07:52:43.8351966Z kind: Pod
release	shift-left offline proof (release gate)	2026-10-04T07:52:43.8352146Z metadata:
release	shift-left offline proof (release gate)	2026-10-04T07:52:43.8352313Z   labels:
release	shift-left offline proof (release gate)	2026-10-04T07:52:43.8352540Z     policy-as-versioned.dev/policy-version: 5.0.0
release	shift-left offline proof (release gate)	2026-10-04T07:52:43.8352855Z     posture.acme.io/caged: "true"
release	shift-left offline proof (release gate)	2026-10-04T07:52:43.8353116Z     posture.acme.io/tier: isolated
release	shift-left offline proof (release gate)	2026-10-04T07:52:43.8353374Z     posture.acme.io/version: 5.0.0
release	shift-left offline proof (release gate)	2026-10-04T07:52:43.8353615Z   name: checkout-svc
release	shift-left offline proof (release gate)	2026-10-04T07:52:43.8353829Z   namespace: default
release	shift-left offline proof (release gate)	2026-10-04T07:52:43.8354020Z spec:
release	shift-left offline proof (release gate)	2026-10-04T07:52:43.8354195Z   containers:
release	shift-left offline proof (release gate)	2026-10-04T07:52:43.8354387Z   - image: nginx
release	shift-left offline proof (release gate)	2026-10-04T07:52:43.8354583Z     name: c
release	shift-left offline proof (release gate)	2026-10-04T07:52:43.8354770Z     resources:
release	shift-left offline proof (release gate)	2026-10-04T07:52:43.8354952Z       limits:
release	shift-left offline proof (release gate)	2026-10-04T07:52:43.8355131Z         cpu: 100m
release	shift-left offline proof (release gate)	2026-10-04T07:52:43.8355323Z         memory: 64Mi
release	shift-left offline proof (release gate)	2026-10-04T07:52:43.8355525Z     securityContext:
release	shift-left offline proof (release gate)	2026-10-04T07:52:43.8355754Z       allowPrivilegeEscalation: false
release	shift-left offline proof (release gate)	2026-10-04T07:52:43.8356019Z       capabilities:
release	shift-left offline proof (release gate)	2026-10-04T07:52:43.8356214Z         drop:
release	shift-left offline proof (release gate)	2026-10-04T07:52:43.8356393Z         - ALL
release	shift-left offline proof (release gate)	2026-10-04T07:52:43.8356582Z       privileged: false
release	shift-left offline proof (release gate)	2026-10-04T07:52:43.8356811Z       readOnlyRootFilesystem: true
release	shift-left offline proof (release gate)	2026-10-04T07:52:43.8357064Z       runAsNonRoot: true
release	shift-left offline proof (release gate)	2026-10-04T07:52:43.8357306Z   - image: ghcr.io/acme/coraza-waf:cage
release	shift-left offline proof (release gate)	2026-10-04T07:52:43.8357570Z     name: waf-sidecar
release	shift-left offline proof (release gate)	2026-10-04T07:52:43.8357767Z     resources:
release	shift-left offline proof (release gate)	2026-10-04T07:52:43.8357946Z       limits:
release	shift-left offline proof (release gate)	2026-10-04T07:52:43.8358396Z         cpu: 250m
release	shift-left offline proof (release gate)	2026-10-04T07:52:43.8358601Z         memory: 256Mi
release	shift-left offline proof (release gate)	2026-10-04T07:52:43.8358812Z     securityContext:
release	shift-left offline proof (release gate)	2026-10-04T07:52:43.8359041Z       allowPrivilegeEscalation: false
release	shift-left offline proof (release gate)	2026-10-04T07:52:43.8359306Z       capabilities:
release	shift-left offline proof (release gate)	2026-10-04T07:52:43.8359499Z         drop:
release	shift-left offline proof (release gate)	2026-10-04T07:52:43.8359680Z         - ALL
release	shift-left offline proof (release gate)	2026-10-04T07:52:43.8359889Z       privileged: false
release	shift-left offline proof (release gate)	2026-10-04T07:52:43.8360220Z       readOnlyRootFilesystem: true
release	shift-left offline proof (release gate)	2026-10-04T07:52:43.8360684Z       runAsNonRoot: true
release	shift-left offline proof (release gate)	2026-10-04T07:52:43.8361041Z   hostIPC: false
release	shift-left offline proof (release gate)	2026-10-04T07:52:43.8361360Z   hostNetwork: false
release	shift-left offline proof (release gate)	2026-10-04T07:52:43.8361725Z   hostPID: false
release	shift-left offline proof (release gate)	2026-10-04T07:52:43.8362078Z   preemptionPolicy: Never
release	shift-left offline proof (release gate)	2026-10-04T07:52:43.8362519Z   priority: -10000
release	shift-left offline proof (release gate)	2026-10-04T07:52:43.8363073Z   priorityClassName: cage-isolated-5-0-0
release	shift-left offline proof (release gate)	2026-10-04T07:52:43.8363751Z   securityContext:
release	shift-left offline proof (release gate)	2026-10-04T07:52:43.8364080Z     runAsNonRoot: true
release	shift-left offline proof (release gate)	2026-10-04T07:52:43.8364221Z 
release	shift-left offline proof (release gate)	2026-10-04T07:52:43.8364291Z ---
release	shift-left offline proof (release gate)	2026-10-04T07:52:43.8364397Z 
release	shift-left offline proof (release gate)	2026-10-04T07:52:43.8364410Z 
release	shift-left offline proof (release gate)	2026-10-04T07:52:43.8364496Z Mutation:
release	shift-left offline proof (release gate)	2026-10-04T07:52:43.8364701Z Mutation has been applied successfully.
release	shift-left offline proof (release gate)	2026-10-04T07:52:43.8365063Z policy stamp-posture-5-0-0 applied to default/Pod/checkout-svc:
release	shift-left offline proof (release gate)	2026-10-04T07:52:43.8365616Z apiVersion: v1
release	shift-left offline proof (release gate)	2026-10-04T07:52:43.8365810Z kind: Pod
release	shift-left offline proof (release gate)	2026-10-04T07:52:43.8365984Z metadata:
release	shift-left offline proof (release gate)	2026-10-04T07:52:43.8366156Z   labels:
release	shift-left offline proof (release gate)	2026-10-04T07:52:43.8366379Z     policy-as-versioned.dev/policy-version: 5.0.0
release	shift-left offline proof (release gate)	2026-10-04T07:52:43.8366691Z     posture.acme.io/caged: "true"
release	shift-left offline proof (release gate)	2026-10-04T07:52:43.8366947Z     posture.acme.io/tier: isolated
release	shift-left offline proof (release gate)	2026-10-04T07:52:43.8367210Z     posture.acme.io/version: 5.0.0
release	shift-left offline proof (release gate)	2026-10-04T07:52:43.8367451Z   name: checkout-svc
release	shift-left offline proof (release gate)	2026-10-04T07:52:43.8367656Z   namespace: default
release	shift-left offline proof (release gate)	2026-10-04T07:52:43.8367854Z spec:
release	shift-left offline proof (release gate)	2026-10-04T07:52:43.8368379Z   containers:
release	shift-left offline proof (release gate)	2026-10-04T07:52:43.8368585Z   - image: nginx
release	shift-left offline proof (release gate)	2026-10-04T07:52:43.8368775Z     name: c
release	shift-left offline proof (release gate)	2026-10-04T07:52:43.8368949Z     resources:
release	shift-left offline proof (release gate)	2026-10-04T07:52:43.8369132Z       limits:
release	shift-left offline proof (release gate)	2026-10-04T07:52:43.8369508Z         cpu: 100m
release	shift-left offline proof (release gate)	2026-10-04T07:52:43.8369718Z         memory: 64Mi
release	shift-left offline proof (release gate)	2026-10-04T07:52:43.8369931Z     securityContext:
release	shift-left offline proof (release gate)	2026-10-04T07:52:43.8370173Z       allowPrivilegeEscalation: false
release	shift-left offline proof (release gate)	2026-10-04T07:52:43.8370442Z       capabilities:
release	shift-left offline proof (release gate)	2026-10-04T07:52:43.8370636Z         drop:
release	shift-left offline proof (release gate)	2026-10-04T07:52:43.8370816Z         - ALL
release	shift-left offline proof (release gate)	2026-10-04T07:52:43.8371009Z       privileged: false
release	shift-left offline proof (release gate)	2026-10-04T07:52:43.8371253Z       readOnlyRootFilesystem: true
release	shift-left offline proof (release gate)	2026-10-04T07:52:43.8371516Z       runAsNonRoot: true
release	shift-left offline proof (release gate)	2026-10-04T07:52:43.8371756Z   - image: ghcr.io/acme/coraza-waf:cage
release	shift-left offline proof (release gate)	2026-10-04T07:52:43.8372034Z     name: waf-sidecar
release	shift-left offline proof (release gate)	2026-10-04T07:52:43.8372237Z     resources:
release	shift-left offline proof (release gate)	2026-10-04T07:52:43.8372418Z       limits:
release	shift-left offline proof (release gate)	2026-10-04T07:52:43.8372603Z         cpu: 250m
release	shift-left offline proof (release gate)	2026-10-04T07:52:43.8372804Z         memory: 256Mi
release	shift-left offline proof (release gate)	2026-10-04T07:52:43.8373008Z     securityContext:
release	shift-left offline proof (release gate)	2026-10-04T07:52:43.8373251Z       allowPrivilegeEscalation: false
release	shift-left offline proof (release gate)	2026-10-04T07:52:43.8373519Z       capabilities:
release	shift-left offline proof (release gate)	2026-10-04T07:52:43.8373718Z         drop:
release	shift-left offline proof (release gate)	2026-10-04T07:52:43.8373902Z         - ALL
release	shift-left offline proof (release gate)	2026-10-04T07:52:43.8374091Z       privileged: false
release	shift-left offline proof (release gate)	2026-10-04T07:52:43.8374320Z       readOnlyRootFilesystem: true
release	shift-left offline proof (release gate)	2026-10-04T07:52:43.8374574Z       runAsNonRoot: true
release	shift-left offline proof (release gate)	2026-10-04T07:52:43.8374798Z   hostIPC: false
release	shift-left offline proof (release gate)	2026-10-04T07:52:43.8374994Z   hostNetwork: false
release	shift-left offline proof (release gate)	2026-10-04T07:52:43.8375194Z   hostPID: false
release	shift-left offline proof (release gate)	2026-10-04T07:52:43.8375404Z   preemptionPolicy: Never
release	shift-left offline proof (release gate)	2026-10-04T07:52:43.8375630Z   priority: -10000
release	shift-left offline proof (release gate)	2026-10-04T07:52:43.8375865Z   priorityClassName: cage-isolated-5-0-0
release	shift-left offline proof (release gate)	2026-10-04T07:52:43.8376204Z   securityContext:
release	shift-left offline proof (release gate)	2026-10-04T07:52:43.8376551Z     runAsNonRoot: true
release	shift-left offline proof (release gate)	2026-10-04T07:52:43.8376775Z 
release	shift-left offline proof (release gate)	2026-10-04T07:52:43.8376903Z ---
release	shift-left offline proof (release gate)	2026-10-04T07:52:43.8377320Z 
release	shift-left offline proof (release gate)	2026-10-04T07:52:43.8377328Z 
release	shift-left offline proof (release gate)	2026-10-04T07:52:43.8386172Z Mutation:
release	shift-left offline proof (release gate)	2026-10-04T07:52:43.8386531Z Mutation has been applied successfully.
release	shift-left offline proof (release gate)	2026-10-04T07:52:43.8386947Z policy stamp-posture-5-0-0 applied to default/Pod/checkout-svc:
release	shift-left offline proof (release gate)	2026-10-04T07:52:43.8387327Z apiVersion: v1
release	shift-left offline proof (release gate)	2026-10-04T07:52:43.8387541Z kind: Pod
release	shift-left offline proof (release gate)	2026-10-04T07:52:43.8387745Z metadata:
release	shift-left offline proof (release gate)	2026-10-04T07:52:43.8387935Z   labels:
release	shift-left offline proof (release gate)	2026-10-04T07:52:43.8388457Z     policy-as-versioned.dev/policy-version: 5.0.0
release	shift-left offline proof (release gate)	2026-10-04T07:52:43.8388803Z     posture.acme.io/caged: "true"
release	shift-left offline proof (release gate)	2026-10-04T07:52:43.8389081Z     posture.acme.io/tier: isolated
release	shift-left offline proof (release gate)	2026-10-04T07:52:43.8389359Z     posture.acme.io/version: 5.0.0
release	shift-left offline proof (release gate)	2026-10-04T07:52:43.8389628Z   name: checkout-svc
release	shift-left offline proof (release gate)	2026-10-04T07:52:43.8389854Z   namespace: default
release	shift-left offline proof (release gate)	2026-10-04T07:52:43.8390055Z spec:
release	shift-left offline proof (release gate)	2026-10-04T07:52:43.8390239Z   containers:
release	shift-left offline proof (release gate)	2026-10-04T07:52:43.8390438Z   - image: nginx
release	shift-left offline proof (release gate)	2026-10-04T07:52:43.8390636Z     name: c
release	shift-left offline proof (release gate)	2026-10-04T07:52:43.8390820Z     resources:
release	shift-left offline proof (release gate)	2026-10-04T07:52:43.8391005Z       limits:
release	shift-left offline proof (release gate)	2026-10-04T07:52:43.8391192Z         cpu: 100m
release	shift-left offline proof (release gate)	2026-10-04T07:52:43.8391388Z         memory: 64Mi
release	shift-left offline proof (release gate)	2026-10-04T07:52:43.8391594Z     securityContext:
release	shift-left offline proof (release gate)	2026-10-04T07:52:43.8391831Z       allowPrivilegeEscalation: false
release	shift-left offline proof (release gate)	2026-10-04T07:52:43.8392106Z       capabilities:
release	shift-left offline proof (release gate)	2026-10-04T07:52:43.8392321Z         drop:
release	shift-left offline proof (release gate)	2026-10-04T07:52:43.8392520Z         - ALL
release	shift-left offline proof (release gate)	2026-10-04T07:52:43.8392719Z       privileged: false
release	shift-left offline proof (release gate)	2026-10-04T07:52:43.8392962Z       readOnlyRootFilesystem: true
release	shift-left offline proof (release gate)	2026-10-04T07:52:43.8393227Z       runAsNonRoot: true
release	shift-left offline proof (release gate)	2026-10-04T07:52:43.8393770Z   - image: ghcr.io/acme/coraza-waf:cage
release	shift-left offline proof (release gate)	2026-10-04T07:52:43.8394060Z     name: waf-sidecar
release	shift-left offline proof (release gate)	2026-10-04T07:52:43.8394278Z     resources:
release	shift-left offline proof (release gate)	2026-10-04T07:52:43.8394469Z       limits:
release	shift-left offline proof (release gate)	2026-10-04T07:52:43.8394652Z         cpu: 250m
release	shift-left offline proof (release gate)	2026-10-04T07:52:43.8394860Z         memory: 256Mi
release	shift-left offline proof (release gate)	2026-10-04T07:52:43.8395067Z     securityContext:
release	shift-left offline proof (release gate)	2026-10-04T07:52:43.8395299Z       allowPrivilegeEscalation: false
release	shift-left offline proof (release gate)	2026-10-04T07:52:43.8395562Z       capabilities:
release	shift-left offline proof (release gate)	2026-10-04T07:52:43.8395755Z         drop:
release	shift-left offline proof (release gate)	2026-10-04T07:52:43.8395940Z         - ALL
release	shift-left offline proof (release gate)	2026-10-04T07:52:43.8396128Z       privileged: false
release	shift-left offline proof (release gate)	2026-10-04T07:52:43.8396363Z       readOnlyRootFilesystem: true
release	shift-left offline proof (release gate)	2026-10-04T07:52:43.8396617Z       runAsNonRoot: true
release	shift-left offline proof (release gate)	2026-10-04T07:52:43.8396841Z   hostIPC: false
release	shift-left offline proof (release gate)	2026-10-04T07:52:43.8397041Z   hostNetwork: false
release	shift-left offline proof (release gate)	2026-10-04T07:52:43.8397429Z   hostPID: false
release	shift-left offline proof (release gate)	2026-10-04T07:52:43.8397636Z   preemptionPolicy: Never
release	shift-left offline proof (release gate)	2026-10-04T07:52:43.8397865Z   priority: -10000
release	shift-left offline proof (release gate)	2026-10-04T07:52:43.8398342Z   priorityClassName: cage-isolated-5-0-0
release	shift-left offline proof (release gate)	2026-10-04T07:52:43.8398629Z   securityContext:
release	shift-left offline proof (release gate)	2026-10-04T07:52:43.8398830Z     runAsNonRoot: true
release	shift-left offline proof (release gate)	2026-10-04T07:52:43.8398965Z 
release	shift-left offline proof (release gate)	2026-10-04T07:52:43.8399037Z ---
release	shift-left offline proof (release gate)	2026-10-04T07:52:43.8399138Z 
release	shift-left offline proof (release gate)	2026-10-04T07:52:43.8399143Z 
release	shift-left offline proof (release gate)	2026-10-04T07:52:43.8399217Z Mutation:
release	shift-left offline proof (release gate)	2026-10-04T07:52:43.8399425Z Mutation has been applied successfully.
release	shift-left offline proof (release gate)	2026-10-04T07:52:43.8399788Z policy cage-netpol-5-0-0 applied to default/Pod/checkout-svc:
release	shift-left offline proof (release gate)	2026-10-04T07:52:43.8400151Z apiVersion: networking.k8s.io/v1
release	shift-left offline proof (release gate)	2026-10-04T07:52:43.8400398Z kind: NetworkPolicy
release	shift-left offline proof (release gate)	2026-10-04T07:52:43.8400597Z metadata:
release	shift-left offline proof (release gate)	2026-10-04T07:52:43.8400773Z   labels:
release	shift-left offline proof (release gate)	2026-10-04T07:52:43.8400972Z     app.kubernetes.io/managed-by: kyverno
release	shift-left offline proof (release gate)	2026-10-04T07:52:43.8401255Z     posture.acme.io/cage: reach
release	shift-left offline proof (release gate)	2026-10-04T07:52:43.8401509Z     posture.acme.io/tier: restricted
release	shift-left offline proof (release gate)	2026-10-04T07:52:43.8401781Z   name: cage-reach-restricted
release	shift-left offline proof (release gate)	2026-10-04T07:52:43.8402023Z   namespace: default
release	shift-left offline proof (release gate)	2026-10-04T07:52:43.8402223Z spec:
release	shift-left offline proof (release gate)	2026-10-04T07:52:43.8402404Z   egress:
release	shift-left offline proof (release gate)	2026-10-04T07:52:43.8402588Z   - ports:
release	shift-left offline proof (release gate)	2026-10-04T07:52:43.8402771Z     - port: 53
release	shift-left offline proof (release gate)	2026-10-04T07:52:43.8402965Z       protocol: UDP
release	shift-left offline proof (release gate)	2026-10-04T07:52:43.8403161Z     to:
release	shift-left offline proof (release gate)	2026-10-04T07:52:43.8403353Z     - namespaceSelector:
release	shift-left offline proof (release gate)	2026-10-04T07:52:43.8403579Z         matchLabels:
release	shift-left offline proof (release gate)	2026-10-04T07:52:43.8403813Z           kubernetes.io/metadata.name: kube-system
release	shift-left offline proof (release gate)	2026-10-04T07:52:43.8404096Z   ingress:
release	shift-left offline proof (release gate)	2026-10-04T07:52:43.8404277Z   - from:
release	shift-left offline proof (release gate)	2026-10-04T07:52:43.8404462Z     - podSelector: {}
release	shift-left offline proof (release gate)	2026-10-04T07:52:43.8404668Z   podSelector:
release	shift-left offline proof (release gate)	2026-10-04T07:52:43.8404866Z     matchLabels:
release	shift-left offline proof (release gate)	2026-10-04T07:52:43.8405078Z       posture.acme.io/caged: "true"
release	shift-left offline proof (release gate)	2026-10-04T07:52:43.8405349Z       posture.acme.io/tier: restricted
release	shift-left offline proof (release gate)	2026-10-04T07:52:43.8405604Z   policyTypes:
release	shift-left offline proof (release gate)	2026-10-04T07:52:43.8405793Z   - Ingress
release	shift-left offline proof (release gate)	2026-10-04T07:52:43.8405976Z   - Egress
release	shift-left offline proof (release gate)	2026-10-04T07:52:43.8406088Z 
release	shift-left offline proof (release gate)	2026-10-04T07:52:43.8406158Z ---
release	shift-left offline proof (release gate)	2026-10-04T07:52:43.8406259Z 
release	shift-left offline proof (release gate)	2026-10-04T07:52:43.8406263Z 
release	shift-left offline proof (release gate)	2026-10-04T07:52:43.8406337Z Generate:
release	shift-left offline proof (release gate)	2026-10-04T07:52:43.8406542Z Generation completed successfully.
release	shift-left offline proof (release gate)	2026-10-04T07:52:43.8406878Z policy cage-netpol-5-0-0 applied to default/Pod/checkout-svc:
release	shift-left offline proof (release gate)	2026-10-04T07:52:43.8407238Z apiVersion: networking.k8s.io/v1
release	shift-left offline proof (release gate)	2026-10-04T07:52:43.8407485Z kind: NetworkPolicy
release	shift-left offline proof (release gate)	2026-10-04T07:52:43.8407685Z metadata:
release	shift-left offline proof (release gate)	2026-10-04T07:52:43.8407861Z   labels:
release	shift-left offline proof (release gate)	2026-10-04T07:52:43.8408256Z     app.kubernetes.io/managed-by: kyverno
release	shift-left offline proof (release gate)	2026-10-04T07:52:43.8408549Z     posture.acme.io/cage: reach
release	shift-left offline proof (release gate)	2026-10-04T07:52:43.8408805Z     posture.acme.io/tier: quarantine
release	shift-left offline proof (release gate)	2026-10-04T07:52:43.8409072Z   name: cage-reach-quarantine
release	shift-left offline proof (release gate)	2026-10-04T07:52:43.8409316Z   namespace: default
release	shift-left offline proof (release gate)	2026-10-04T07:52:43.8409515Z spec:
release	shift-left offline proof (release gate)	2026-10-04T07:52:43.8409688Z   egress:
release	shift-left offline proof (release gate)	2026-10-04T07:52:43.8409865Z   - ports:
release	shift-left offline proof (release gate)	2026-10-04T07:52:43.8410055Z     - port: 53
release	shift-left offline proof (release gate)	2026-10-04T07:52:43.8410247Z       protocol: UDP
release	shift-left offline proof (release gate)	2026-10-04T07:52:43.8410443Z     to:
release	shift-left offline proof (release gate)	2026-10-04T07:52:43.8410629Z     - namespaceSelector:
release	shift-left offline proof (release gate)	2026-10-04T07:52:43.8410847Z         matchLabels:
release	shift-left offline proof (release gate)	2026-10-04T07:52:43.8411086Z           kubernetes.io/metadata.name: kube-system
release	shift-left offline proof (release gate)	2026-10-04T07:52:43.8411530Z   ingress:
release	shift-left offline proof (release gate)	2026-10-04T07:52:43.8411711Z   - from:
release	shift-left offline proof (release gate)	2026-10-04T07:52:43.8411901Z     - podSelector: {}
release	shift-left offline proof (release gate)	2026-10-04T07:52:43.8412110Z   podSelector:
release	shift-left offline proof (release gate)	2026-10-04T07:52:43.8412303Z     matchLabels:
release	shift-left offline proof (release gate)	2026-10-04T07:52:43.8412517Z       posture.acme.io/caged: "true"
release	shift-left offline proof (release gate)	2026-10-04T07:52:43.8412797Z       posture.acme.io/tier: quarantine
release	shift-left offline proof (release gate)	2026-10-04T07:52:43.8413053Z   policyTypes:
release	shift-left offline proof (release gate)	2026-10-04T07:52:43.8413244Z   - Ingress
release	shift-left offline proof (release gate)	2026-10-04T07:52:43.8413422Z   - Egress
release	shift-left offline proof (release gate)	2026-10-04T07:52:43.8413522Z 
release	shift-left offline proof (release gate)	2026-10-04T07:52:43.8413600Z ---
release	shift-left offline proof (release gate)	2026-10-04T07:52:43.8413694Z 
release	shift-left offline proof (release gate)	2026-10-04T07:52:43.8413705Z 
release	shift-left offline proof (release gate)	2026-10-04T07:52:43.8413777Z Generate:
release	shift-left offline proof (release gate)	2026-10-04T07:52:43.8413974Z Generation completed successfully.
release	shift-left offline proof (release gate)	2026-10-04T07:52:43.8414307Z policy cage-netpol-5-0-0 applied to default/Pod/checkout-svc:
release	shift-left offline proof (release gate)	2026-10-04T07:52:43.8414803Z apiVersion: networking.k8s.io/v1
release	shift-left offline proof (release gate)	2026-10-04T07:52:43.8415050Z kind: NetworkPolicy
release	shift-left offline proof (release gate)	2026-10-04T07:52:43.8415253Z metadata:
release	shift-left offline proof (release gate)	2026-10-04T07:52:43.8415423Z   labels:
release	shift-left offline proof (release gate)	2026-10-04T07:52:43.8415625Z     app.kubernetes.io/managed-by: kyverno
release	shift-left offline proof (release gate)	2026-10-04T07:52:43.8415903Z     posture.acme.io/cage: reach
release	shift-left offline proof (release gate)	2026-10-04T07:52:43.8416150Z     posture.acme.io/tier: isolated
release	shift-left offline proof (release gate)	2026-10-04T07:52:43.8416408Z   name: cage-reach-isolated
release	shift-left offline proof (release gate)	2026-10-04T07:52:43.8416644Z   namespace: default
release	shift-left offline proof (release gate)	2026-10-04T07:52:43.8416845Z spec:
release	shift-left offline proof (release gate)	2026-10-04T07:52:43.8417020Z   egress: []
release	shift-left offline proof (release gate)	2026-10-04T07:52:43.8417201Z   ingress: []
release	shift-left offline proof (release gate)	2026-10-04T07:52:43.8417398Z   podSelector:
release	shift-left offline proof (release gate)	2026-10-04T07:52:43.8417596Z     matchLabels:
release	shift-left offline proof (release gate)	2026-10-04T07:52:43.8417828Z       posture.acme.io/caged: "true"
release	shift-left offline proof (release gate)	2026-10-04T07:52:43.8418450Z       posture.acme.io/tier: isolated
release	shift-left offline proof (release gate)	2026-10-04T07:52:43.8418728Z   policyTypes:
release	shift-left offline proof (release gate)	2026-10-04T07:52:43.8418924Z   - Ingress
release	shift-left offline proof (release gate)	2026-10-04T07:52:43.8419112Z   - Egress
release	shift-left offline proof (release gate)	2026-10-04T07:52:43.8419213Z 
release	shift-left offline proof (release gate)	2026-10-04T07:52:43.8419290Z ---
release	shift-left offline proof (release gate)	2026-10-04T07:52:43.8419390Z 
release	shift-left offline proof (release gate)	2026-10-04T07:52:43.8419400Z 
release	shift-left offline proof (release gate)	2026-10-04T07:52:43.8419474Z Generate:
release	shift-left offline proof (release gate)	2026-10-04T07:52:43.8419676Z Generation completed successfully.
release	shift-left offline proof (release gate)	2026-10-04T07:52:43.8419954Z pass: 7, fail: 0, warn: 0, error: 0, skip: 0
release	shift-left offline proof (release gate)	2026-10-04T07:52:43.8420161Z 
release	shift-left offline proof (release gate)	2026-10-04T07:52:43.8420743Z shift-left: fixtures/workload-compliant.yaml is compliant on kyverno 1.18.2 across the line(s) of its window that support it ['5.0.0']; unsupported pairing(s), not run and not passed: v4.0.0
release	shift-left offline proof (release gate)	2026-10-04T07:52:43.8421601Z ok  an unsupported neighbour (exit 0)
release	shift-left offline proof (release gate)	2026-10-04T07:52:44.5374255Z fixtures/workload-flip.yaml: targets 5.0.0, checking supported window ['4.0.0', '5.0.0']
release	shift-left offline proof (release gate)	2026-10-04T07:52:44.5375966Z declared engine: kyverno 1.18.2 (read from fixtures/engine/kyverno.yaml, --engine-declaration fixtures/engine/kyverno.yaml)
release	shift-left offline proof (release gate)	2026-10-04T07:52:44.5378646Z UNSUPPORTED PAIRING @ v4.0.0: kyverno 1.18.2 is not a supported engine of v4.0.0 (declares no tested_engines, so it supports no engine (ADR-0033 point 3) and there is no cell to grade); not run, so neither a compile error nor a pass
release	shift-left offline proof (release gate)	2026-10-04T07:52:44.5381335Z --- kyverno apply @ v5.0.0 ---
release	shift-left offline proof (release gate)	2026-10-04T07:52:44.5382051Z Applying 5 policy rule(s) to 1 resource(s)...
release	shift-left offline proof (release gate)	2026-10-04T07:52:44.5382580Z 
release	shift-left offline proof (release gate)	2026-10-04T07:52:44.5383009Z policy cage-tier-5-0-0 applied to default/Pod/checkout-svc:
release	shift-left offline proof (release gate)	2026-10-04T07:52:44.5383848Z apiVersion: v1
release	shift-left offline proof (release gate)	2026-10-04T07:52:44.5384288Z kind: Pod
release	shift-left offline proof (release gate)	2026-10-04T07:52:44.5384714Z metadata:
release	shift-left offline proof (release gate)	2026-10-04T07:52:44.5385425Z   labels:
release	shift-left offline proof (release gate)	2026-10-04T07:52:44.5385942Z     policy-as-versioned.dev/policy-version: 5.0.0
release	shift-left offline proof (release gate)	2026-10-04T07:52:44.5386650Z     posture.acme.io/caged: "true"
release	shift-left offline proof (release gate)	2026-10-04T07:52:44.5387043Z     posture.acme.io/tier: isolated
release	shift-left offline proof (release gate)	2026-10-04T07:52:44.5387317Z     posture.acme.io/version: 5.0.0
release	shift-left offline proof (release gate)	2026-10-04T07:52:44.5387564Z   name: checkout-svc
release	shift-left offline proof (release gate)	2026-10-04T07:52:44.5387778Z   namespace: default
release	shift-left offline proof (release gate)	2026-10-04T07:52:44.5387974Z spec:
release	shift-left offline proof (release gate)	2026-10-04T07:52:44.5388617Z   containers:
release	shift-left offline proof (release gate)	2026-10-04T07:52:44.5388943Z   - image: nginx
release	shift-left offline proof (release gate)	2026-10-04T07:52:44.5389264Z     name: c
release	shift-left offline proof (release gate)	2026-10-04T07:52:44.5389515Z     resources:
release	shift-left offline proof (release gate)	2026-10-04T07:52:44.5389721Z       limits:
release	shift-left offline proof (release gate)	2026-10-04T07:52:44.5389902Z         cpu: 100m
release	shift-left offline proof (release gate)	2026-10-04T07:52:44.5390103Z         memory: 64Mi
release	shift-left offline proof (release gate)	2026-10-04T07:52:44.5390307Z     securityContext:
release	shift-left offline proof (release gate)	2026-10-04T07:52:44.5391144Z       allowPrivilegeEscalation: false
release	shift-left offline proof (release gate)	2026-10-04T07:52:44.5391433Z       capabilities:
release	shift-left offline proof (release gate)	2026-10-04T07:52:44.5391637Z         drop:
release	shift-left offline proof (release gate)	2026-10-04T07:52:44.5391829Z         - ALL
release	shift-left offline proof (release gate)	2026-10-04T07:52:44.5392021Z       privileged: false
release	shift-left offline proof (release gate)	2026-10-04T07:52:44.5392259Z       readOnlyRootFilesystem: true
release	shift-left offline proof (release gate)	2026-10-04T07:52:44.5392516Z       runAsNonRoot: true
release	shift-left offline proof (release gate)	2026-10-04T07:52:44.5392754Z   - image: ghcr.io/acme/coraza-waf:cage
release	shift-left offline proof (release gate)	2026-10-04T07:52:44.5393032Z     name: waf-sidecar
release	shift-left offline proof (release gate)	2026-10-04T07:52:44.5393238Z     resources:
release	shift-left offline proof (release gate)	2026-10-04T07:52:44.5393427Z       limits:
release	shift-left offline proof (release gate)	2026-10-04T07:52:44.5393609Z         cpu: 250m
release	shift-left offline proof (release gate)	2026-10-04T07:52:44.5393808Z         memory: 256Mi
release	shift-left offline proof (release gate)	2026-10-04T07:52:44.5394014Z     securityContext:
release	shift-left offline proof (release gate)	2026-10-04T07:52:44.5394245Z       allowPrivilegeEscalation: false
release	shift-left offline proof (release gate)	2026-10-04T07:52:44.5394512Z       capabilities:
release	shift-left offline proof (release gate)	2026-10-04T07:52:44.5394866Z         drop:
release	shift-left offline proof (release gate)	2026-10-04T07:52:44.5395054Z         - ALL
release	shift-left offline proof (release gate)	2026-10-04T07:52:44.5395249Z       privileged: false
release	shift-left offline proof (release gate)	2026-10-04T07:52:44.5395493Z       readOnlyRootFilesystem: true
release	shift-left offline proof (release gate)	2026-10-04T07:52:44.5395753Z       runAsNonRoot: true
release	shift-left offline proof (release gate)	2026-10-04T07:52:44.5395972Z   hostIPC: false
release	shift-left offline proof (release gate)	2026-10-04T07:52:44.5396187Z   hostNetwork: false
release	shift-left offline proof (release gate)	2026-10-04T07:52:44.5396388Z   hostPID: false
release	shift-left offline proof (release gate)	2026-10-04T07:52:44.5396590Z   preemptionPolicy: Never
release	shift-left offline proof (release gate)	2026-10-04T07:52:44.5396861Z   priority: -10000
release	shift-left offline proof (release gate)	2026-10-04T07:52:44.5397133Z   priorityClassName: cage-isolated-5-0-0
release	shift-left offline proof (release gate)	2026-10-04T07:52:44.5397489Z   securityContext:
release	shift-left offline proof (release gate)	2026-10-04T07:52:44.5397754Z     runAsNonRoot: true
release	shift-left offline proof (release gate)	2026-10-04T07:52:44.5397945Z 
release	shift-left offline proof (release gate)	2026-10-04T07:52:44.5398250Z ---
release	shift-left offline proof (release gate)	2026-10-04T07:52:44.5398541Z 
release	shift-left offline proof (release gate)	2026-10-04T07:52:44.5398552Z 
release	shift-left offline proof (release gate)	2026-10-04T07:52:44.5398632Z Mutation:
release	shift-left offline proof (release gate)	2026-10-04T07:52:44.5398852Z Mutation has been applied successfully.
release	shift-left offline proof (release gate)	2026-10-04T07:52:44.5399222Z policy cage-tier-5-0-0 applied to default/Pod/checkout-svc:
release	shift-left offline proof (release gate)	2026-10-04T07:52:44.5399574Z apiVersion: v1
release	shift-left offline proof (release gate)	2026-10-04T07:52:44.5399767Z kind: Pod
release	shift-left offline proof (release gate)	2026-10-04T07:52:44.5399948Z metadata:
release	shift-left offline proof (release gate)	2026-10-04T07:52:44.5400121Z   labels:
release	shift-left offline proof (release gate)	2026-10-04T07:52:44.5400345Z     policy-as-versioned.dev/policy-version: 5.0.0
release	shift-left offline proof (release gate)	2026-10-04T07:52:44.5400669Z     posture.acme.io/caged: "true"
release	shift-left offline proof (release gate)	2026-10-04T07:52:44.5400929Z     posture.acme.io/tier: isolated
release	shift-left offline proof (release gate)	2026-10-04T07:52:44.5401182Z     posture.acme.io/version: 5.0.0
release	shift-left offline proof (release gate)	2026-10-04T07:52:44.5401422Z   name: checkout-svc
release	shift-left offline proof (release gate)	2026-10-04T07:52:44.5401628Z   namespace: default
release	shift-left offline proof (release gate)	2026-10-04T07:52:44.5401825Z spec:
release	shift-left offline proof (release gate)	2026-10-04T07:52:44.5401997Z   containers:
release	shift-left offline proof (release gate)	2026-10-04T07:52:44.5402185Z   - image: nginx
release	shift-left offline proof (release gate)	2026-10-04T07:52:44.5402373Z     name: c
release	shift-left offline proof (release gate)	2026-10-04T07:52:44.5402549Z     resources:
release	shift-left offline proof (release gate)	2026-10-04T07:52:44.5402727Z       limits:
release	shift-left offline proof (release gate)	2026-10-04T07:52:44.5402907Z         cpu: 100m
release	shift-left offline proof (release gate)	2026-10-04T07:52:44.5403099Z         memory: 64Mi
release	shift-left offline proof (release gate)	2026-10-04T07:52:44.5403299Z     securityContext:
release	shift-left offline proof (release gate)	2026-10-04T07:52:44.5403522Z       allowPrivilegeEscalation: false
release	shift-left offline proof (release gate)	2026-10-04T07:52:44.5403784Z       capabilities:
release	shift-left offline proof (release gate)	2026-10-04T07:52:44.5403982Z         drop:
release	shift-left offline proof (release gate)	2026-10-04T07:52:44.5404161Z         - ALL
release	shift-left offline proof (release gate)	2026-10-04T07:52:44.5404357Z       privileged: false
release	shift-left offline proof (release gate)	2026-10-04T07:52:44.5404586Z       readOnlyRootFilesystem: true
release	shift-left offline proof (release gate)	2026-10-04T07:52:44.5404843Z       runAsNonRoot: true
release	shift-left offline proof (release gate)	2026-10-04T07:52:44.5405073Z   - image: ghcr.io/acme/coraza-waf:cage
release	shift-left offline proof (release gate)	2026-10-04T07:52:44.5405337Z     name: waf-sidecar
release	shift-left offline proof (release gate)	2026-10-04T07:52:44.5405537Z     resources:
release	shift-left offline proof (release gate)	2026-10-04T07:52:44.5405717Z       limits:
release	shift-left offline proof (release gate)	2026-10-04T07:52:44.5406021Z         cpu: 250m
release	shift-left offline proof (release gate)	2026-10-04T07:52:44.5406213Z         memory: 256Mi
release	shift-left offline proof (release gate)	2026-10-04T07:52:44.5406415Z     securityContext:
release	shift-left offline proof (release gate)	2026-10-04T07:52:44.5406637Z       allowPrivilegeEscalation: false
release	shift-left offline proof (release gate)	2026-10-04T07:52:44.5406892Z       capabilities:
release	shift-left offline proof (release gate)	2026-10-04T07:52:44.5407078Z         drop:
release	shift-left offline proof (release gate)	2026-10-04T07:52:44.5407253Z         - ALL
release	shift-left offline proof (release gate)	2026-10-04T07:52:44.5407440Z       privileged: false
release	shift-left offline proof (release gate)	2026-10-04T07:52:44.5407662Z       readOnlyRootFilesystem: true
release	shift-left offline proof (release gate)	2026-10-04T07:52:44.5407909Z       runAsNonRoot: true
release	shift-left offline proof (release gate)	2026-10-04T07:52:44.5408447Z   hostIPC: false
release	shift-left offline proof (release gate)	2026-10-04T07:52:44.5408656Z   hostNetwork: false
release	shift-left offline proof (release gate)	2026-10-04T07:52:44.5408859Z   hostPID: false
release	shift-left offline proof (release gate)	2026-10-04T07:52:44.5409061Z   preemptionPolicy: Never
release	shift-left offline proof (release gate)	2026-10-04T07:52:44.5409465Z   priority: -10000
release	shift-left offline proof (release gate)	2026-10-04T07:52:44.5409701Z   priorityClassName: cage-isolated-5-0-0
release	shift-left offline proof (release gate)	2026-10-04T07:52:44.5409971Z   securityContext:
release	shift-left offline proof (release gate)	2026-10-04T07:52:44.5410167Z     runAsNonRoot: true
release	shift-left offline proof (release gate)	2026-10-04T07:52:44.5410300Z 
release	shift-left offline proof (release gate)	2026-10-04T07:52:44.5410372Z ---
release	shift-left offline proof (release gate)	2026-10-04T07:52:44.5410471Z 
release	shift-left offline proof (release gate)	2026-10-04T07:52:44.5410475Z 
release	shift-left offline proof (release gate)	2026-10-04T07:52:44.5410549Z Mutation:
release	shift-left offline proof (release gate)	2026-10-04T07:52:44.5410897Z Mutation has been applied successfully.
release	shift-left offline proof (release gate)	2026-10-04T07:52:44.5411566Z policy stamp-posture-5-0-0 applied to default/Pod/checkout-svc:
release	shift-left offline proof (release gate)	2026-10-04T07:52:44.5412015Z apiVersion: v1
release	shift-left offline proof (release gate)	2026-10-04T07:52:44.5412215Z kind: Pod
release	shift-left offline proof (release gate)	2026-10-04T07:52:44.5412387Z metadata:
release	shift-left offline proof (release gate)	2026-10-04T07:52:44.5412566Z   labels:
release	shift-left offline proof (release gate)	2026-10-04T07:52:44.5412805Z     policy-as-versioned.dev/policy-version: 5.0.0
release	shift-left offline proof (release gate)	2026-10-04T07:52:44.5413191Z     posture.acme.io/caged: "true"
release	shift-left offline proof (release gate)	2026-10-04T07:52:44.5413749Z     posture.acme.io/tier: isolated
release	shift-left offline proof (release gate)	2026-10-04T07:52:44.5414099Z     posture.acme.io/version: 5.0.0
release	shift-left offline proof (release gate)	2026-10-04T07:52:44.5414385Z   name: checkout-svc
release	shift-left offline proof (release gate)	2026-10-04T07:52:44.5414620Z   namespace: default
release	shift-left offline proof (release gate)	2026-10-04T07:52:44.5414820Z spec:
release	shift-left offline proof (release gate)	2026-10-04T07:52:44.5414999Z   containers:
release	shift-left offline proof (release gate)	2026-10-04T07:52:44.5415189Z   - image: nginx
release	shift-left offline proof (release gate)	2026-10-04T07:52:44.5415377Z     name: c
release	shift-left offline proof (release gate)	2026-10-04T07:52:44.5415553Z     resources:
release	shift-left offline proof (release gate)	2026-10-04T07:52:44.5415730Z       limits:
release	shift-left offline proof (release gate)	2026-10-04T07:52:44.5415907Z         cpu: 100m
release	shift-left offline proof (release gate)	2026-10-04T07:52:44.5416098Z         memory: 64Mi
release	shift-left offline proof (release gate)	2026-10-04T07:52:44.5416304Z     securityContext:
release	shift-left offline proof (release gate)	2026-10-04T07:52:44.5416527Z       allowPrivilegeEscalation: false
release	shift-left offline proof (release gate)	2026-10-04T07:52:44.5416788Z       capabilities:
release	shift-left offline proof (release gate)	2026-10-04T07:52:44.5416981Z         drop:
release	shift-left offline proof (release gate)	2026-10-04T07:52:44.5417169Z         - ALL
release	shift-left offline proof (release gate)	2026-10-04T07:52:44.5417355Z       privileged: false
release	shift-left offline proof (release gate)	2026-10-04T07:52:44.5417581Z       readOnlyRootFilesystem: true
release	shift-left offline proof (release gate)	2026-10-04T07:52:44.5417829Z       runAsNonRoot: true
release	shift-left offline proof (release gate)	2026-10-04T07:52:44.5418327Z   - image: ghcr.io/acme/coraza-waf:cage
release	shift-left offline proof (release gate)	2026-10-04T07:52:44.5418608Z     name: waf-sidecar
release	shift-left offline proof (release gate)	2026-10-04T07:52:44.5418810Z     resources:
release	shift-left offline proof (release gate)	2026-10-04T07:52:44.5418992Z       limits:
release	shift-left offline proof (release gate)	2026-10-04T07:52:44.5419173Z         cpu: 250m
release	shift-left offline proof (release gate)	2026-10-04T07:52:44.5419362Z         memory: 256Mi
release	shift-left offline proof (release gate)	2026-10-04T07:52:44.5419562Z     securityContext:
release	shift-left offline proof (release gate)	2026-10-04T07:52:44.5419790Z       allowPrivilegeEscalation: false
release	shift-left offline proof (release gate)	2026-10-04T07:52:44.5420045Z       capabilities:
release	shift-left offline proof (release gate)	2026-10-04T07:52:44.5420234Z         drop:
release	shift-left offline proof (release gate)	2026-10-04T07:52:44.5420413Z         - ALL
release	shift-left offline proof (release gate)	2026-10-04T07:52:44.5420599Z       privileged: false
release	shift-left offline proof (release gate)	2026-10-04T07:52:44.5420823Z       readOnlyRootFilesystem: true
release	shift-left offline proof (release gate)	2026-10-04T07:52:44.5421068Z       runAsNonRoot: true
release	shift-left offline proof (release gate)	2026-10-04T07:52:44.5421276Z   hostIPC: false
release	shift-left offline proof (release gate)	2026-10-04T07:52:44.5421467Z   hostNetwork: false
release	shift-left offline proof (release gate)	2026-10-04T07:52:44.5421664Z   hostPID: false
release	shift-left offline proof (release gate)	2026-10-04T07:52:44.5421859Z   preemptionPolicy: Never
release	shift-left offline proof (release gate)	2026-10-04T07:52:44.5422081Z   priority: -10000
release	shift-left offline proof (release gate)	2026-10-04T07:52:44.5422310Z   priorityClassName: cage-isolated-5-0-0
release	shift-left offline proof (release gate)	2026-10-04T07:52:44.5422581Z   securityContext:
release	shift-left offline proof (release gate)	2026-10-04T07:52:44.5422777Z     runAsNonRoot: true
release	shift-left offline proof (release gate)	2026-10-04T07:52:44.5422904Z 
release	shift-left offline proof (release gate)	2026-10-04T07:52:44.5422981Z ---
release	shift-left offline proof (release gate)	2026-10-04T07:52:44.5423076Z 
release	shift-left offline proof (release gate)	2026-10-04T07:52:44.5423084Z 
release	shift-left offline proof (release gate)	2026-10-04T07:52:44.5423160Z Mutation:
release	shift-left offline proof (release gate)	2026-10-04T07:52:44.5423357Z Mutation has been applied successfully.
release	shift-left offline proof (release gate)	2026-10-04T07:52:44.5423713Z policy stamp-posture-5-0-0 applied to default/Pod/checkout-svc:
release	shift-left offline proof (release gate)	2026-10-04T07:52:44.5424060Z apiVersion: v1
release	shift-left offline proof (release gate)	2026-10-04T07:52:44.5424248Z kind: Pod
release	shift-left offline proof (release gate)	2026-10-04T07:52:44.5424421Z metadata:
release	shift-left offline proof (release gate)	2026-10-04T07:52:44.5424594Z   labels:
release	shift-left offline proof (release gate)	2026-10-04T07:52:44.5424813Z     policy-as-versioned.dev/policy-version: 5.0.0
release	shift-left offline proof (release gate)	2026-10-04T07:52:44.5425128Z     posture.acme.io/caged: "true"
release	shift-left offline proof (release gate)	2026-10-04T07:52:44.5425382Z     posture.acme.io/tier: isolated
release	shift-left offline proof (release gate)	2026-10-04T07:52:44.5425638Z     posture.acme.io/version: 5.0.0
release	shift-left offline proof (release gate)	2026-10-04T07:52:44.5425877Z   name: checkout-svc
release	shift-left offline proof (release gate)	2026-10-04T07:52:44.5426080Z   namespace: default
release	shift-left offline proof (release gate)	2026-10-04T07:52:44.5426271Z spec:
release	shift-left offline proof (release gate)	2026-10-04T07:52:44.5426440Z   containers:
release	shift-left offline proof (release gate)	2026-10-04T07:52:44.5426626Z   - image: nginx
release	shift-left offline proof (release gate)	2026-10-04T07:52:44.5426809Z     name: c
release	shift-left offline proof (release gate)	2026-10-04T07:52:44.5426985Z     resources:
release	shift-left offline proof (release gate)	2026-10-04T07:52:44.5427182Z       limits:
release	shift-left offline proof (release gate)	2026-10-04T07:52:44.5427551Z         cpu: 100m
release	shift-left offline proof (release gate)	2026-10-04T07:52:44.5427742Z         memory: 64Mi
release	shift-left offline proof (release gate)	2026-10-04T07:52:44.5427940Z     securityContext:
release	shift-left offline proof (release gate)	2026-10-04T07:52:44.5428416Z       allowPrivilegeEscalation: false
release	shift-left offline proof (release gate)	2026-10-04T07:52:44.5428680Z       capabilities:
release	shift-left offline proof (release gate)	2026-10-04T07:52:44.5428866Z         drop:
release	shift-left offline proof (release gate)	2026-10-04T07:52:44.5429045Z         - ALL
release	shift-left offline proof (release gate)	2026-10-04T07:52:44.5429229Z       privileged: false
release	shift-left offline proof (release gate)	2026-10-04T07:52:44.5429454Z       readOnlyRootFilesystem: true
release	shift-left offline proof (release gate)	2026-10-04T07:52:44.5429713Z       runAsNonRoot: true
release	shift-left offline proof (release gate)	2026-10-04T07:52:44.5429945Z   - image: ghcr.io/acme/coraza-waf:cage
release	shift-left offline proof (release gate)	2026-10-04T07:52:44.5430209Z     name: waf-sidecar
release	shift-left offline proof (release gate)	2026-10-04T07:52:44.5430410Z     resources:
release	shift-left offline proof (release gate)	2026-10-04T07:52:44.5430588Z       limits:
release	shift-left offline proof (release gate)	2026-10-04T07:52:44.5430761Z         cpu: 250m
release	shift-left offline proof (release gate)	2026-10-04T07:52:44.5430950Z         memory: 256Mi
release	shift-left offline proof (release gate)	2026-10-04T07:52:44.5431147Z     securityContext:
release	shift-left offline proof (release gate)	2026-10-04T07:52:44.5431534Z       allowPrivilegeEscalation: false
release	shift-left offline proof (release gate)	2026-10-04T07:52:44.5431801Z       capabilities:
release	shift-left offline proof (release gate)	2026-10-04T07:52:44.5431997Z         drop:
release	shift-left offline proof (release gate)	2026-10-04T07:52:44.5432182Z         - ALL
release	shift-left offline proof (release gate)	2026-10-04T07:52:44.5432373Z       privileged: false
release	shift-left offline proof (release gate)	2026-10-04T07:52:44.5432602Z       readOnlyRootFilesystem: true
release	shift-left offline proof (release gate)	2026-10-04T07:52:44.5432860Z       runAsNonRoot: true
release	shift-left offline proof (release gate)	2026-10-04T07:52:44.5433073Z   hostIPC: false
release	shift-left offline proof (release gate)	2026-10-04T07:52:44.5433263Z   hostNetwork: false
release	shift-left offline proof (release gate)	2026-10-04T07:52:44.5433460Z   hostPID: false
release	shift-left offline proof (release gate)	2026-10-04T07:52:44.5433659Z   preemptionPolicy: Never
release	shift-left offline proof (release gate)	2026-10-04T07:52:44.5433883Z   priority: -10000
release	shift-left offline proof (release gate)	2026-10-04T07:52:44.5434109Z   priorityClassName: cage-isolated-5-0-0
release	shift-left offline proof (release gate)	2026-10-04T07:52:44.5434381Z   securityContext:
release	shift-left offline proof (release gate)	2026-10-04T07:52:44.5434577Z     runAsNonRoot: true
release	shift-left offline proof (release gate)	2026-10-04T07:52:44.5434709Z 
release	shift-left offline proof (release gate)	2026-10-04T07:52:44.5434781Z ---
release	shift-left offline proof (release gate)	2026-10-04T07:52:44.5434883Z 
release	shift-left offline proof (release gate)	2026-10-04T07:52:44.5434886Z 
release	shift-left offline proof (release gate)	2026-10-04T07:52:44.5434965Z Mutation:
release	shift-left offline proof (release gate)	2026-10-04T07:52:44.5435164Z Mutation has been applied successfully.
release	shift-left offline proof (release gate)	2026-10-04T07:52:44.5435518Z policy cage-netpol-5-0-0 applied to default/Pod/checkout-svc:
release	shift-left offline proof (release gate)	2026-10-04T07:52:44.5435873Z apiVersion: networking.k8s.io/v1
release	shift-left offline proof (release gate)	2026-10-04T07:52:44.5436124Z kind: NetworkPolicy
release	shift-left offline proof (release gate)	2026-10-04T07:52:44.5436315Z metadata:
release	shift-left offline proof (release gate)	2026-10-04T07:52:44.5436487Z   labels:
release	shift-left offline proof (release gate)	2026-10-04T07:52:44.5436681Z     app.kubernetes.io/managed-by: kyverno
release	shift-left offline proof (release gate)	2026-10-04T07:52:44.5436963Z     posture.acme.io/cage: reach
release	shift-left offline proof (release gate)	2026-10-04T07:52:44.5437222Z     posture.acme.io/tier: restricted
release	shift-left offline proof (release gate)	2026-10-04T07:52:44.5437486Z   name: cage-reach-restricted
release	shift-left offline proof (release gate)	2026-10-04T07:52:44.5437731Z   namespace: default
release	shift-left offline proof (release gate)	2026-10-04T07:52:44.5437924Z spec:
release	shift-left offline proof (release gate)	2026-10-04T07:52:44.5438342Z   egress:
release	shift-left offline proof (release gate)	2026-10-04T07:52:44.5438531Z   - ports:
release	shift-left offline proof (release gate)	2026-10-04T07:52:44.5438714Z     - port: 53
release	shift-left offline proof (release gate)	2026-10-04T07:52:44.5438906Z       protocol: UDP
release	shift-left offline proof (release gate)	2026-10-04T07:52:44.5439096Z     to:
release	shift-left offline proof (release gate)	2026-10-04T07:52:44.5439280Z     - namespaceSelector:
release	shift-left offline proof (release gate)	2026-10-04T07:52:44.5439500Z         matchLabels:
release	shift-left offline proof (release gate)	2026-10-04T07:52:44.5439734Z           kubernetes.io/metadata.name: kube-system
release	shift-left offline proof (release gate)	2026-10-04T07:52:44.5440015Z   ingress:
release	shift-left offline proof (release gate)	2026-10-04T07:52:44.5440186Z   - from:
release	shift-left offline proof (release gate)	2026-10-04T07:52:44.5440364Z     - podSelector: {}
release	shift-left offline proof (release gate)	2026-10-04T07:52:44.5440573Z   podSelector:
release	shift-left offline proof (release gate)	2026-10-04T07:52:44.5440763Z     matchLabels:
release	shift-left offline proof (release gate)	2026-10-04T07:52:44.5440966Z       posture.acme.io/caged: "true"
release	shift-left offline proof (release gate)	2026-10-04T07:52:44.5441233Z       posture.acme.io/tier: restricted
release	shift-left offline proof (release gate)	2026-10-04T07:52:44.5441485Z   policyTypes:
release	shift-left offline proof (release gate)	2026-10-04T07:52:44.5441666Z   - Ingress
release	shift-left offline proof (release gate)	2026-10-04T07:52:44.5441842Z   - Egress
release	shift-left offline proof (release gate)	2026-10-04T07:52:44.5441949Z 
release	shift-left offline proof (release gate)	2026-10-04T07:52:44.5442018Z ---
release	shift-left offline proof (release gate)	2026-10-04T07:52:44.5442116Z 
release	shift-left offline proof (release gate)	2026-10-04T07:52:44.5442120Z 
release	shift-left offline proof (release gate)	2026-10-04T07:52:44.5442190Z Generate:
release	shift-left offline proof (release gate)	2026-10-04T07:52:44.5442384Z Generation completed successfully.
release	shift-left offline proof (release gate)	2026-10-04T07:52:44.5442721Z policy cage-netpol-5-0-0 applied to default/Pod/checkout-svc:
release	shift-left offline proof (release gate)	2026-10-04T07:52:44.5443079Z apiVersion: networking.k8s.io/v1
release	shift-left offline proof (release gate)	2026-10-04T07:52:44.5443321Z kind: NetworkPolicy
release	shift-left offline proof (release gate)	2026-10-04T07:52:44.5443514Z metadata:
release	shift-left offline proof (release gate)	2026-10-04T07:52:44.5443686Z   labels:
release	shift-left offline proof (release gate)	2026-10-04T07:52:44.5443889Z     app.kubernetes.io/managed-by: kyverno
release	shift-left offline proof (release gate)	2026-10-04T07:52:44.5444175Z     posture.acme.io/cage: reach
release	shift-left offline proof (release gate)	2026-10-04T07:52:44.5444431Z     posture.acme.io/tier: quarantine
release	shift-left offline proof (release gate)	2026-10-04T07:52:44.5444939Z   name: cage-reach-quarantine
release	shift-left offline proof (release gate)	2026-10-04T07:52:44.5445180Z   namespace: default
release	shift-left offline proof (release gate)	2026-10-04T07:52:44.5445380Z spec:
release	shift-left offline proof (release gate)	2026-10-04T07:52:44.5445557Z   egress:
release	shift-left offline proof (release gate)	2026-10-04T07:52:44.5445734Z   - ports:
release	shift-left offline proof (release gate)	2026-10-04T07:52:44.5445914Z     - port: 53
release	shift-left offline proof (release gate)	2026-10-04T07:52:44.5446104Z       protocol: UDP
release	shift-left offline proof (release gate)	2026-10-04T07:52:44.5446306Z     to:
release	shift-left offline proof (release gate)	2026-10-04T07:52:44.5446494Z     - namespaceSelector:
release	shift-left offline proof (release gate)	2026-10-04T07:52:44.5446712Z         matchLabels:
release	shift-left offline proof (release gate)	2026-10-04T07:52:44.5446950Z           kubernetes.io/metadata.name: kube-system
release	shift-left offline proof (release gate)	2026-10-04T07:52:44.5447232Z   ingress:
release	shift-left offline proof (release gate)	2026-10-04T07:52:44.5447408Z   - from:
release	shift-left offline proof (release gate)	2026-10-04T07:52:44.5447591Z     - podSelector: {}
release	shift-left offline proof (release gate)	2026-10-04T07:52:44.5447797Z   podSelector:
release	shift-left offline proof (release gate)	2026-10-04T07:52:44.5448221Z     matchLabels:
release	shift-left offline proof (release gate)	2026-10-04T07:52:44.5448553Z       posture.acme.io/caged: "true"
release	shift-left offline proof (release gate)	2026-10-04T07:52:44.5448829Z       posture.acme.io/tier: quarantine
release	shift-left offline proof (release gate)	2026-10-04T07:52:44.5449240Z   policyTypes:
release	shift-left offline proof (release gate)	2026-10-04T07:52:44.5449427Z   - Ingress
release	shift-left offline proof (release gate)	2026-10-04T07:52:44.5449603Z   - Egress
release	shift-left offline proof (release gate)	2026-10-04T07:52:44.5449713Z 
release	shift-left offline proof (release gate)	2026-10-04T07:52:44.5449788Z ---
release	shift-left offline proof (release gate)	2026-10-04T07:52:44.5449883Z 
release	shift-left offline proof (release gate)	2026-10-04T07:52:44.5449888Z 
release	shift-left offline proof (release gate)	2026-10-04T07:52:44.5449958Z Generate:
release	shift-left offline proof (release gate)	2026-10-04T07:52:44.5450152Z Generation completed successfully.
release	shift-left offline proof (release gate)	2026-10-04T07:52:44.5450493Z policy cage-netpol-5-0-0 applied to default/Pod/checkout-svc:
release	shift-left offline proof (release gate)	2026-10-04T07:52:44.5450847Z apiVersion: networking.k8s.io/v1
release	shift-left offline proof (release gate)	2026-10-04T07:52:44.5451096Z kind: NetworkPolicy
release	shift-left offline proof (release gate)	2026-10-04T07:52:44.5451290Z metadata:
release	shift-left offline proof (release gate)	2026-10-04T07:52:44.5451459Z   labels:
release	shift-left offline proof (release gate)	2026-10-04T07:52:44.5451657Z     app.kubernetes.io/managed-by: kyverno
release	shift-left offline proof (release gate)	2026-10-04T07:52:44.5451936Z     posture.acme.io/cage: reach
release	shift-left offline proof (release gate)	2026-10-04T07:52:44.5452188Z     posture.acme.io/tier: isolated
release	shift-left offline proof (release gate)	2026-10-04T07:52:44.5452444Z   name: cage-reach-isolated
release	shift-left offline proof (release gate)	2026-10-04T07:52:44.5452673Z   namespace: default
release	shift-left offline proof (release gate)	2026-10-04T07:52:44.5452867Z spec:
release	shift-left offline proof (release gate)	2026-10-04T07:52:44.5453039Z   egress: []
release	shift-left offline proof (release gate)	2026-10-04T07:52:44.5453225Z   ingress: []
release	shift-left offline proof (release gate)	2026-10-04T07:52:44.5453408Z   podSelector:
release	shift-left offline proof (release gate)	2026-10-04T07:52:44.5453603Z     matchLabels:
release	shift-left offline proof (release gate)	2026-10-04T07:52:44.5453814Z       posture.acme.io/caged: "true"
release	shift-left offline proof (release gate)	2026-10-04T07:52:44.5454080Z       posture.acme.io/tier: isolated
release	shift-left offline proof (release gate)	2026-10-04T07:52:44.5454327Z   policyTypes:
release	shift-left offline proof (release gate)	2026-10-04T07:52:44.5454513Z   - Ingress
release	shift-left offline proof (release gate)	2026-10-04T07:52:44.5454691Z   - Egress
release	shift-left offline proof (release gate)	2026-10-04T07:52:44.5454797Z 
release	shift-left offline proof (release gate)	2026-10-04T07:52:44.5454866Z ---
release	shift-left offline proof (release gate)	2026-10-04T07:52:44.5454964Z 
release	shift-left offline proof (release gate)	2026-10-04T07:52:44.5454967Z 
release	shift-left offline proof (release gate)	2026-10-04T07:52:44.5455039Z Generate:
release	shift-left offline proof (release gate)	2026-10-04T07:52:44.5455237Z Generation completed successfully.
release	shift-left offline proof (release gate)	2026-10-04T07:52:44.5455517Z pass: 7, fail: 0, warn: 0, error: 0, skip: 0
release	shift-left offline proof (release gate)	2026-10-04T07:52:44.5455713Z 
release	shift-left offline proof (release gate)	2026-10-04T07:52:44.5456284Z shift-left: fixtures/workload-flip.yaml is compliant on kyverno 1.18.2 across the line(s) of its window that support it ['5.0.0']; unsupported pairing(s), not run and not passed: v4.0.0
release	shift-left offline proof (release gate)	2026-10-04T07:52:44.5457115Z ok  a neighbour with no tested_engines (exit 0)
release	shift-left offline proof (release gate)	2026-10-04T07:52:44.5457327Z 
release	shift-left offline proof (release gate)	2026-10-04T07:52:44.5457536Z == a CLI that reports another version than the declared engine could not look ==
release	shift-left offline proof (release gate)	2026-10-04T07:52:44.7084577Z fixtures/workload-compliant.yaml: targets 5.0.0, checking supported window ['4.0.0', '5.0.0']
release	shift-left offline proof (release gate)	2026-10-04T07:52:44.7085838Z declared engine: kyverno 1.19.1 (read from /tmp/tmp.SAXcpsqoLM/decl-1.19.1.yaml, --engine-declaration /tmp/tmp.SAXcpsqoLM/decl-1.19.1.yaml)
release	shift-left offline proof (release gate)	2026-10-04T07:52:44.7087202Z UNSUPPORTED PAIRING @ v4.0.0: kyverno 1.19.1 is not a supported engine of v4.0.0 (tested_engines ['1.18.2']); not run, so neither a compile error nor a pass
release	shift-left offline proof (release gate)	2026-10-04T07:52:44.7088715Z COULD NOT LOOK: the kyverno CLI on PATH reports 1.18.2, and the declared engine is 1.19.1; a line run on another engine would measure a pairing nobody declared
release	shift-left offline proof (release gate)	2026-10-04T07:52:44.7118650Z ok  a CLI of another version (exit 3)
release	shift-left offline proof (release gate)	2026-10-04T07:52:46.0363137Z 
release	shift-left offline proof (release gate)	2026-10-04T07:52:46.0364072Z == an adopter's own repository declares the engine, and the check finds it with no flag ==
release	shift-left offline proof (release gate)	2026-10-04T07:52:46.0365431Z /tmp/tmp.SAXcpsqoLM/adopter/deploy/pod.yaml: targets 5.0.0, checking supported window ['5.0.0', '6.0.0']
release	shift-left offline proof (release gate)	2026-10-04T07:52:46.0367262Z declared engine: kyverno 1.18.2 (read from /tmp/tmp.SAXcpsqoLM/adopter/gitops/engine/kyverno.yaml, the top of adopter, the repository /tmp/tmp.SAXcpsqoLM/adopter/deploy/pod.yaml belongs to)
release	shift-left offline proof (release gate)	2026-10-04T07:52:46.0369020Z --- kyverno apply @ v5.0.0 ---
release	shift-left offline proof (release gate)	2026-10-04T07:52:46.0369452Z Applying 5 policy rule(s) to 1 resource(s)...
release	shift-left offline proof (release gate)	2026-10-04T07:52:46.0369788Z 
release	shift-left offline proof (release gate)	2026-10-04T07:52:46.0369979Z policy cage-tier-5-0-0 applied to default/Pod/checkout-svc:
release	shift-left offline proof (release gate)	2026-10-04T07:52:46.0370373Z apiVersion: v1
release	shift-left offline proof (release gate)	2026-10-04T07:52:46.0370605Z kind: Pod
release	shift-left offline proof (release gate)	2026-10-04T07:52:46.0370827Z metadata:
release	shift-left offline proof (release gate)	2026-10-04T07:52:46.0371023Z   labels:
release	shift-left offline proof (release gate)	2026-10-04T07:52:46.0371284Z     policy-as-versioned.dev/policy-version: 5.0.0
release	shift-left offline proof (release gate)	2026-10-04T07:52:46.0371658Z     posture.acme.io/caged: "true"
release	shift-left offline proof (release gate)	2026-10-04T07:52:46.0371956Z     posture.acme.io/tier: isolated
release	shift-left offline proof (release gate)	2026-10-04T07:52:46.0372258Z     posture.acme.io/version: 5.0.0
release	shift-left offline proof (release gate)	2026-10-04T07:52:46.0372846Z   name: checkout-svc
release	shift-left offline proof (release gate)	2026-10-04T07:52:46.0373091Z   namespace: default
release	shift-left offline proof (release gate)	2026-10-04T07:52:46.0373312Z spec:
release	shift-left offline proof (release gate)	2026-10-04T07:52:46.0373513Z   containers:
release	shift-left offline proof (release gate)	2026-10-04T07:52:46.0373738Z   - image: nginx
release	shift-left offline proof (release gate)	2026-10-04T07:52:46.0373957Z     name: c
release	shift-left offline proof (release gate)	2026-10-04T07:52:46.0374163Z     resources:
release	shift-left offline proof (release gate)	2026-10-04T07:52:46.0374368Z       limits:
release	shift-left offline proof (release gate)	2026-10-04T07:52:46.0374569Z         cpu: 100m
release	shift-left offline proof (release gate)	2026-10-04T07:52:46.0374814Z         memory: 64Mi
release	shift-left offline proof (release gate)	2026-10-04T07:52:46.0375049Z     securityContext:
release	shift-left offline proof (release gate)	2026-10-04T07:52:46.0375301Z       allowPrivilegeEscalation: false
release	shift-left offline proof (release gate)	2026-10-04T07:52:46.0375578Z       capabilities:
release	shift-left offline proof (release gate)	2026-10-04T07:52:46.0375775Z         drop:
release	shift-left offline proof (release gate)	2026-10-04T07:52:46.0375956Z         - ALL
release	shift-left offline proof (release gate)	2026-10-04T07:52:46.0376157Z       privileged: false
release	shift-left offline proof (release gate)	2026-10-04T07:52:46.0376389Z       readOnlyRootFilesystem: true
release	shift-left offline proof (release gate)	2026-10-04T07:52:46.0376646Z       runAsNonRoot: true
release	shift-left offline proof (release gate)	2026-10-04T07:52:46.0376884Z   - image: ghcr.io/acme/coraza-waf:cage
release	shift-left offline proof (release gate)	2026-10-04T07:52:46.0377154Z     name: waf-sidecar
release	shift-left offline proof (release gate)	2026-10-04T07:52:46.0377359Z     resources:
release	shift-left offline proof (release gate)	2026-10-04T07:52:46.0377537Z       limits:
release	shift-left offline proof (release gate)	2026-10-04T07:52:46.0377718Z         cpu: 250m
release	shift-left offline proof (release gate)	2026-10-04T07:52:46.0377910Z         memory: 256Mi
release	shift-left offline proof (release gate)	2026-10-04T07:52:46.0378446Z     securityContext:
release	shift-left offline proof (release gate)	2026-10-04T07:52:46.0378682Z       allowPrivilegeEscalation: false
release	shift-left offline proof (release gate)	2026-10-04T07:52:46.0378951Z       capabilities:
release	shift-left offline proof (release gate)	2026-10-04T07:52:46.0379141Z         drop:
release	shift-left offline proof (release gate)	2026-10-04T07:52:46.0379318Z         - ALL
release	shift-left offline proof (release gate)	2026-10-04T07:52:46.0379509Z       privileged: false
release	shift-left offline proof (release gate)	2026-10-04T07:52:46.0379741Z       readOnlyRootFilesystem: true
release	shift-left offline proof (release gate)	2026-10-04T07:52:46.0379992Z       runAsNonRoot: true
release	shift-left offline proof (release gate)	2026-10-04T07:52:46.0380204Z   hostIPC: false
release	shift-left offline proof (release gate)	2026-10-04T07:52:46.0380400Z   hostNetwork: false
release	shift-left offline proof (release gate)	2026-10-04T07:52:46.0380602Z   hostPID: false
release	shift-left offline proof (release gate)	2026-10-04T07:52:46.0380806Z   preemptionPolicy: Never
release	shift-left offline proof (release gate)	2026-10-04T07:52:46.0381031Z   priority: -10000
release	shift-left offline proof (release gate)	2026-10-04T07:52:46.0381262Z   priorityClassName: cage-isolated-5-0-0
release	shift-left offline proof (release gate)	2026-10-04T07:52:46.0381541Z   securityContext:
release	shift-left offline proof (release gate)	2026-10-04T07:52:46.0381743Z     runAsNonRoot: true
release	shift-left offline proof (release gate)	2026-10-04T07:52:46.0381878Z 
release	shift-left offline proof (release gate)	2026-10-04T07:52:46.0381952Z ---
release	shift-left offline proof (release gate)	2026-10-04T07:52:46.0382048Z 
release	shift-left offline proof (release gate)	2026-10-04T07:52:46.0382052Z 
release	shift-left offline proof (release gate)	2026-10-04T07:52:46.0382131Z Mutation:
release	shift-left offline proof (release gate)	2026-10-04T07:52:46.0382335Z Mutation has been applied successfully.
release	shift-left offline proof (release gate)	2026-10-04T07:52:46.0382689Z policy cage-tier-5-0-0 applied to default/Pod/checkout-svc:
release	shift-left offline proof (release gate)	2026-10-04T07:52:46.0383029Z apiVersion: v1
release	shift-left offline proof (release gate)	2026-10-04T07:52:46.0383219Z kind: Pod
release	shift-left offline proof (release gate)	2026-10-04T07:52:46.0383396Z metadata:
release	shift-left offline proof (release gate)	2026-10-04T07:52:46.0383566Z   labels:
release	shift-left offline proof (release gate)	2026-10-04T07:52:46.0383837Z     policy-as-versioned.dev/policy-version: 5.0.0
release	shift-left offline proof (release gate)	2026-10-04T07:52:46.0384261Z     posture.acme.io/caged: "true"
release	shift-left offline proof (release gate)	2026-10-04T07:52:46.0384583Z     posture.acme.io/tier: isolated
release	shift-left offline proof (release gate)	2026-10-04T07:52:46.0384925Z     posture.acme.io/version: 5.0.0
release	shift-left offline proof (release gate)	2026-10-04T07:52:46.0385205Z   name: checkout-svc
release	shift-left offline proof (release gate)	2026-10-04T07:52:46.0385416Z   namespace: default
release	shift-left offline proof (release gate)	2026-10-04T07:52:46.0385614Z spec:
release	shift-left offline proof (release gate)	2026-10-04T07:52:46.0385788Z   containers:
release	shift-left offline proof (release gate)	2026-10-04T07:52:46.0385982Z   - image: nginx
release	shift-left offline proof (release gate)	2026-10-04T07:52:46.0386171Z     name: c
release	shift-left offline proof (release gate)	2026-10-04T07:52:46.0386347Z     resources:
release	shift-left offline proof (release gate)	2026-10-04T07:52:46.0386537Z       limits:
release	shift-left offline proof (release gate)	2026-10-04T07:52:46.0386722Z         cpu: 100m
release	shift-left offline proof (release gate)	2026-10-04T07:52:46.0386908Z         memory: 64Mi
release	shift-left offline proof (release gate)	2026-10-04T07:52:46.0387277Z     securityContext:
release	shift-left offline proof (release gate)	2026-10-04T07:52:46.0387504Z       allowPrivilegeEscalation: false
release	shift-left offline proof (release gate)	2026-10-04T07:52:46.0387768Z       capabilities:
release	shift-left offline proof (release gate)	2026-10-04T07:52:46.0387959Z         drop:
release	shift-left offline proof (release gate)	2026-10-04T07:52:46.0388407Z         - ALL
release	shift-left offline proof (release gate)	2026-10-04T07:52:46.0388599Z       privileged: false
release	shift-left offline proof (release gate)	2026-10-04T07:52:46.0388827Z       readOnlyRootFilesystem: true
release	shift-left offline proof (release gate)	2026-10-04T07:52:46.0389077Z       runAsNonRoot: true
release	shift-left offline proof (release gate)	2026-10-04T07:52:46.0389308Z   - image: ghcr.io/acme/coraza-waf:cage
release	shift-left offline proof (release gate)	2026-10-04T07:52:46.0389569Z     name: waf-sidecar
release	shift-left offline proof (release gate)	2026-10-04T07:52:46.0389775Z     resources:
release	shift-left offline proof (release gate)	2026-10-04T07:52:46.0389953Z       limits:
release	shift-left offline proof (release gate)	2026-10-04T07:52:46.0390132Z         cpu: 250m
release	shift-left offline proof (release gate)	2026-10-04T07:52:46.0390328Z         memory: 256Mi
release	shift-left offline proof (release gate)	2026-10-04T07:52:46.0390533Z     securityContext:
release	shift-left offline proof (release gate)	2026-10-04T07:52:46.0390762Z       allowPrivilegeEscalation: false
release	shift-left offline proof (release gate)	2026-10-04T07:52:46.0391273Z       capabilities:
release	shift-left offline proof (release gate)	2026-10-04T07:52:46.0391465Z         drop:
release	shift-left offline proof (release gate)	2026-10-04T07:52:46.0391638Z         - ALL
release	shift-left offline proof (release gate)	2026-10-04T07:52:46.0391827Z       privileged: false
release	shift-left offline proof (release gate)	2026-10-04T07:52:46.0392061Z       readOnlyRootFilesystem: true
release	shift-left offline proof (release gate)	2026-10-04T07:52:46.0392313Z       runAsNonRoot: true
release	shift-left offline proof (release gate)	2026-10-04T07:52:46.0392535Z   hostIPC: false
release	shift-left offline proof (release gate)	2026-10-04T07:52:46.0392732Z   hostNetwork: false
release	shift-left offline proof (release gate)	2026-10-04T07:52:46.0392935Z   hostPID: false
release	shift-left offline proof (release gate)	2026-10-04T07:52:46.0393138Z   preemptionPolicy: Never
release	shift-left offline proof (release gate)	2026-10-04T07:52:46.0393372Z   priority: -10000
release	shift-left offline proof (release gate)	2026-10-04T07:52:46.0393618Z   priorityClassName: cage-isolated-5-0-0
release	shift-left offline proof (release gate)	2026-10-04T07:52:46.0393892Z   securityContext:
release	shift-left offline proof (release gate)	2026-10-04T07:52:46.0394094Z     runAsNonRoot: true
release	shift-left offline proof (release gate)	2026-10-04T07:52:46.0394227Z 
release	shift-left offline proof (release gate)	2026-10-04T07:52:46.0394299Z ---
release	shift-left offline proof (release gate)	2026-10-04T07:52:46.0394403Z 
release	shift-left offline proof (release gate)	2026-10-04T07:52:46.0394407Z 
release	shift-left offline proof (release gate)	2026-10-04T07:52:46.0394482Z Mutation:
release	shift-left offline proof (release gate)	2026-10-04T07:52:46.0394702Z Mutation has been applied successfully.
release	shift-left offline proof (release gate)	2026-10-04T07:52:46.0395082Z policy stamp-posture-5-0-0 applied to default/Pod/checkout-svc:
release	shift-left offline proof (release gate)	2026-10-04T07:52:46.0395446Z apiVersion: v1
release	shift-left offline proof (release gate)	2026-10-04T07:52:46.0395639Z kind: Pod
release	shift-left offline proof (release gate)	2026-10-04T07:52:46.0395815Z metadata:
release	shift-left offline proof (release gate)	2026-10-04T07:52:46.0395987Z   labels:
release	shift-left offline proof (release gate)	2026-10-04T07:52:46.0396222Z     policy-as-versioned.dev/policy-version: 5.0.0
release	shift-left offline proof (release gate)	2026-10-04T07:52:46.0396543Z     posture.acme.io/caged: "true"
release	shift-left offline proof (release gate)	2026-10-04T07:52:46.0396797Z     posture.acme.io/tier: isolated
release	shift-left offline proof (release gate)	2026-10-04T07:52:46.0397052Z     posture.acme.io/version: 5.0.0
release	shift-left offline proof (release gate)	2026-10-04T07:52:46.0397290Z   name: checkout-svc
release	shift-left offline proof (release gate)	2026-10-04T07:52:46.0397499Z   namespace: default
release	shift-left offline proof (release gate)	2026-10-04T07:52:46.0397693Z spec:
release	shift-left offline proof (release gate)	2026-10-04T07:52:46.0398209Z   containers:
release	shift-left offline proof (release gate)	2026-10-04T07:52:46.0398532Z   - image: nginx
release	shift-left offline proof (release gate)	2026-10-04T07:52:46.0398851Z     name: c
release	shift-left offline proof (release gate)	2026-10-04T07:52:46.0399145Z     resources:
release	shift-left offline proof (release gate)	2026-10-04T07:52:46.0399457Z       limits:
release	shift-left offline proof (release gate)	2026-10-04T07:52:46.0399654Z         cpu: 100m
release	shift-left offline proof (release gate)	2026-10-04T07:52:46.0399886Z         memory: 64Mi
release	shift-left offline proof (release gate)	2026-10-04T07:52:46.0400122Z     securityContext:
release	shift-left offline proof (release gate)	2026-10-04T07:52:46.0400411Z       allowPrivilegeEscalation: false
release	shift-left offline proof (release gate)	2026-10-04T07:52:46.0400743Z       capabilities:
release	shift-left offline proof (release gate)	2026-10-04T07:52:46.0400985Z         drop:
release	shift-left offline proof (release gate)	2026-10-04T07:52:46.0401173Z         - ALL
release	shift-left offline proof (release gate)	2026-10-04T07:52:46.0401363Z       privileged: false
release	shift-left offline proof (release gate)	2026-10-04T07:52:46.0401601Z       readOnlyRootFilesystem: true
release	shift-left offline proof (release gate)	2026-10-04T07:52:46.0401853Z       runAsNonRoot: true
release	shift-left offline proof (release gate)	2026-10-04T07:52:46.0402092Z   - image: ghcr.io/acme/coraza-waf:cage
release	shift-left offline proof (release gate)	2026-10-04T07:52:46.0402357Z     name: waf-sidecar
release	shift-left offline proof (release gate)	2026-10-04T07:52:46.0402559Z     resources:
release	shift-left offline proof (release gate)	2026-10-04T07:52:46.0402743Z       limits:
release	shift-left offline proof (release gate)	2026-10-04T07:52:46.0402924Z         cpu: 250m
release	shift-left offline proof (release gate)	2026-10-04T07:52:46.0403114Z         memory: 256Mi
release	shift-left offline proof (release gate)	2026-10-04T07:52:46.0403316Z     securityContext:
release	shift-left offline proof (release gate)	2026-10-04T07:52:46.0403558Z       allowPrivilegeEscalation: false
release	shift-left offline proof (release gate)	2026-10-04T07:52:46.0403818Z       capabilities:
release	shift-left offline proof (release gate)	2026-10-04T07:52:46.0404009Z         drop:
release	shift-left offline proof (release gate)	2026-10-04T07:52:46.0404188Z         - ALL
release	shift-left offline proof (release gate)	2026-10-04T07:52:46.0404384Z       privileged: false
release	shift-left offline proof (release gate)	2026-10-04T07:52:46.0404617Z       readOnlyRootFilesystem: true
release	shift-left offline proof (release gate)	2026-10-04T07:52:46.0404869Z       runAsNonRoot: true
release	shift-left offline proof (release gate)	2026-10-04T07:52:46.0405097Z   hostIPC: false
release	shift-left offline proof (release gate)	2026-10-04T07:52:46.0405296Z   hostNetwork: false
release	shift-left offline proof (release gate)	2026-10-04T07:52:46.0405500Z   hostPID: false
release	shift-left offline proof (release gate)	2026-10-04T07:52:46.0405709Z   preemptionPolicy: Never
release	shift-left offline proof (release gate)	2026-10-04T07:52:46.0406131Z   priority: -10000
release	shift-left offline proof (release gate)	2026-10-04T07:52:46.0406374Z   priorityClassName: cage-isolated-5-0-0
release	shift-left offline proof (release gate)	2026-10-04T07:52:46.0406643Z   securityContext:
release	shift-left offline proof (release gate)	2026-10-04T07:52:46.0406840Z     runAsNonRoot: true
release	shift-left offline proof (release gate)	2026-10-04T07:52:46.0406966Z 
release	shift-left offline proof (release gate)	2026-10-04T07:52:46.0407042Z ---
release	shift-left offline proof (release gate)	2026-10-04T07:52:46.0407137Z 
release	shift-left offline proof (release gate)	2026-10-04T07:52:46.0407141Z 
release	shift-left offline proof (release gate)	2026-10-04T07:52:46.0407217Z Mutation:
release	shift-left offline proof (release gate)	2026-10-04T07:52:46.0407418Z Mutation has been applied successfully.
release	shift-left offline proof (release gate)	2026-10-04T07:52:46.0407772Z policy stamp-posture-5-0-0 applied to default/Pod/checkout-svc:
release	shift-left offline proof (release gate)	2026-10-04T07:52:46.0408414Z apiVersion: v1
release	shift-left offline proof (release gate)	2026-10-04T07:52:46.0408731Z kind: Pod
release	shift-left offline proof (release gate)	2026-10-04T07:52:46.0409016Z metadata:
release	shift-left offline proof (release gate)	2026-10-04T07:52:46.0409252Z   labels:
release	shift-left offline proof (release gate)	2026-10-04T07:52:46.0409476Z     policy-as-versioned.dev/policy-version: 5.0.0
release	shift-left offline proof (release gate)	2026-10-04T07:52:46.0409826Z     posture.acme.io/caged: "true"
release	shift-left offline proof (release gate)	2026-10-04T07:52:46.0410262Z     posture.acme.io/tier: isolated
release	shift-left offline proof (release gate)	2026-10-04T07:52:46.0410520Z     posture.acme.io/version: 5.0.0
release	shift-left offline proof (release gate)	2026-10-04T07:52:46.0410758Z   name: checkout-svc
release	shift-left offline proof (release gate)	2026-10-04T07:52:46.0410973Z   namespace: default
release	shift-left offline proof (release gate)	2026-10-04T07:52:46.0411165Z spec:
release	shift-left offline proof (release gate)	2026-10-04T07:52:46.0411341Z   containers:
release	shift-left offline proof (release gate)	2026-10-04T07:52:46.0411531Z   - image: nginx
release	shift-left offline proof (release gate)	2026-10-04T07:52:46.0411719Z     name: c
release	shift-left offline proof (release gate)	2026-10-04T07:52:46.0411896Z     resources:
release	shift-left offline proof (release gate)	2026-10-04T07:52:46.0412097Z       limits:
release	shift-left offline proof (release gate)	2026-10-04T07:52:46.0412278Z         cpu: 100m
release	shift-left offline proof (release gate)	2026-10-04T07:52:46.0412477Z         memory: 64Mi
release	shift-left offline proof (release gate)	2026-10-04T07:52:46.0412715Z     securityContext:
release	shift-left offline proof (release gate)	2026-10-04T07:52:46.0412964Z       allowPrivilegeEscalation: false
release	shift-left offline proof (release gate)	2026-10-04T07:52:46.0413314Z       capabilities:
release	shift-left offline proof (release gate)	2026-10-04T07:52:46.0413587Z         drop:
release	shift-left offline proof (release gate)	2026-10-04T07:52:46.0413815Z         - ALL
release	shift-left offline proof (release gate)	2026-10-04T07:52:46.0414070Z       privileged: false
release	shift-left offline proof (release gate)	2026-10-04T07:52:46.0414318Z       readOnlyRootFilesystem: true
release	shift-left offline proof (release gate)	2026-10-04T07:52:46.0414580Z       runAsNonRoot: true
release	shift-left offline proof (release gate)	2026-10-04T07:52:46.0414842Z   - image: ghcr.io/acme/coraza-waf:cage
release	shift-left offline proof (release gate)	2026-10-04T07:52:46.0415300Z     name: waf-sidecar
release	shift-left offline proof (release gate)	2026-10-04T07:52:46.0423628Z     resources:
release	shift-left offline proof (release gate)	2026-10-04T07:52:46.0423919Z       limits:
release	shift-left offline proof (release gate)	2026-10-04T07:52:46.0424145Z         cpu: 250m
release	shift-left offline proof (release gate)	2026-10-04T07:52:46.0424363Z         memory: 256Mi
release	shift-left offline proof (release gate)	2026-10-04T07:52:46.0424597Z     securityContext:
release	shift-left offline proof (release gate)	2026-10-04T07:52:46.0424848Z       allowPrivilegeEscalation: false
release	shift-left offline proof (release gate)	2026-10-04T07:52:46.0425145Z       capabilities:
release	shift-left offline proof (release gate)	2026-10-04T07:52:46.0425355Z         drop:
release	shift-left offline proof (release gate)	2026-10-04T07:52:46.0425566Z         - ALL
release	shift-left offline proof (release gate)	2026-10-04T07:52:46.0425775Z       privileged: false
release	shift-left offline proof (release gate)	2026-10-04T07:52:46.0426029Z       readOnlyRootFilesystem: true
release	shift-left offline proof (release gate)	2026-10-04T07:52:46.0426309Z       runAsNonRoot: true
release	shift-left offline proof (release gate)	2026-10-04T07:52:46.0426543Z   hostIPC: false
release	shift-left offline proof (release gate)	2026-10-04T07:52:46.0426746Z   hostNetwork: false
release	shift-left offline proof (release gate)	2026-10-04T07:52:46.0426958Z   hostPID: false
release	shift-left offline proof (release gate)	2026-10-04T07:52:46.0427175Z   preemptionPolicy: Never
release	shift-left offline proof (release gate)	2026-10-04T07:52:46.0427424Z   priority: -10000
release	shift-left offline proof (release gate)	2026-10-04T07:52:46.0427676Z   priorityClassName: cage-isolated-5-0-0
release	shift-left offline proof (release gate)	2026-10-04T07:52:46.0427978Z   securityContext:
release	shift-left offline proof (release gate)	2026-10-04T07:52:46.0428422Z     runAsNonRoot: true
release	shift-left offline proof (release gate)	2026-10-04T07:52:46.0428560Z 
release	shift-left offline proof (release gate)	2026-10-04T07:52:46.0428645Z ---
release	shift-left offline proof (release gate)	2026-10-04T07:52:46.0428750Z 
release	shift-left offline proof (release gate)	2026-10-04T07:52:46.0428755Z 
release	shift-left offline proof (release gate)	2026-10-04T07:52:46.0428840Z Mutation:
release	shift-left offline proof (release gate)	2026-10-04T07:52:46.0429055Z Mutation has been applied successfully.
release	shift-left offline proof (release gate)	2026-10-04T07:52:46.0429419Z policy cage-netpol-5-0-0 applied to default/Pod/checkout-svc:
release	shift-left offline proof (release gate)	2026-10-04T07:52:46.0429792Z apiVersion: networking.k8s.io/v1
release	shift-left offline proof (release gate)	2026-10-04T07:52:46.0430049Z kind: NetworkPolicy
release	shift-left offline proof (release gate)	2026-10-04T07:52:46.0430249Z metadata:
release	shift-left offline proof (release gate)	2026-10-04T07:52:46.0430424Z   labels:
release	shift-left offline proof (release gate)	2026-10-04T07:52:46.0430636Z     app.kubernetes.io/managed-by: kyverno
release	shift-left offline proof (release gate)	2026-10-04T07:52:46.0430923Z     posture.acme.io/cage: reach
release	shift-left offline proof (release gate)	2026-10-04T07:52:46.0431189Z     posture.acme.io/tier: restricted
release	shift-left offline proof (release gate)	2026-10-04T07:52:46.0431463Z   name: cage-reach-restricted
release	shift-left offline proof (release gate)	2026-10-04T07:52:46.0431715Z   namespace: default
release	shift-left offline proof (release gate)	2026-10-04T07:52:46.0431915Z spec:
release	shift-left offline proof (release gate)	2026-10-04T07:52:46.0432083Z   egress:
release	shift-left offline proof (release gate)	2026-10-04T07:52:46.0432266Z   - ports:
release	shift-left offline proof (release gate)	2026-10-04T07:52:46.0432460Z     - port: 53
release	shift-left offline proof (release gate)	2026-10-04T07:52:46.0432656Z       protocol: UDP
release	shift-left offline proof (release gate)	2026-10-04T07:52:46.0432854Z     to:
release	shift-left offline proof (release gate)	2026-10-04T07:52:46.0433051Z     - namespaceSelector:
release	shift-left offline proof (release gate)	2026-10-04T07:52:46.0433690Z         matchLabels:
release	shift-left offline proof (release gate)	2026-10-04T07:52:46.0433938Z           kubernetes.io/metadata.name: kube-system
release	shift-left offline proof (release gate)	2026-10-04T07:52:46.0434228Z   ingress:
release	shift-left offline proof (release gate)	2026-10-04T07:52:46.0434408Z   - from:
release	shift-left offline proof (release gate)	2026-10-04T07:52:46.0434604Z     - podSelector: {}
release	shift-left offline proof (release gate)	2026-10-04T07:52:46.0434822Z   podSelector:
release	shift-left offline proof (release gate)	2026-10-04T07:52:46.0435015Z     matchLabels:
release	shift-left offline proof (release gate)	2026-10-04T07:52:46.0435229Z       posture.acme.io/caged: "true"
release	shift-left offline proof (release gate)	2026-10-04T07:52:46.0435503Z       posture.acme.io/tier: restricted
release	shift-left offline proof (release gate)	2026-10-04T07:52:46.0435766Z   policyTypes:
release	shift-left offline proof (release gate)	2026-10-04T07:52:46.0435954Z   - Ingress
release	shift-left offline proof (release gate)	2026-10-04T07:52:46.0436136Z   - Egress
release	shift-left offline proof (release gate)	2026-10-04T07:52:46.0436246Z 
release	shift-left offline proof (release gate)	2026-10-04T07:52:46.0436320Z ---
release	shift-left offline proof (release gate)	2026-10-04T07:52:46.0436423Z 
release	shift-left offline proof (release gate)	2026-10-04T07:52:46.0436428Z 
release	shift-left offline proof (release gate)	2026-10-04T07:52:46.0436504Z Generate:
release	shift-left offline proof (release gate)	2026-10-04T07:52:46.0436709Z Generation completed successfully.
release	shift-left offline proof (release gate)	2026-10-04T07:52:46.0437217Z policy cage-netpol-5-0-0 applied to default/Pod/checkout-svc:
release	shift-left offline proof (release gate)	2026-10-04T07:52:46.0437588Z apiVersion: networking.k8s.io/v1
release	shift-left offline proof (release gate)	2026-10-04T07:52:46.0437841Z kind: NetworkPolicy
release	shift-left offline proof (release gate)	2026-10-04T07:52:46.0438186Z metadata:
release	shift-left offline proof (release gate)	2026-10-04T07:52:46.0438365Z   labels:
release	shift-left offline proof (release gate)	2026-10-04T07:52:46.0438567Z     app.kubernetes.io/managed-by: kyverno
release	shift-left offline proof (release gate)	2026-10-04T07:52:46.0438864Z     posture.acme.io/cage: reach
release	shift-left offline proof (release gate)	2026-10-04T07:52:46.0439141Z     posture.acme.io/tier: quarantine
release	shift-left offline proof (release gate)	2026-10-04T07:52:46.0439426Z   name: cage-reach-quarantine
release	shift-left offline proof (release gate)	2026-10-04T07:52:46.0439676Z   namespace: default
release	shift-left offline proof (release gate)	2026-10-04T07:52:46.0439886Z spec:
release	shift-left offline proof (release gate)	2026-10-04T07:52:46.0440076Z   egress:
release	shift-left offline proof (release gate)	2026-10-04T07:52:46.0440258Z   - ports:
release	shift-left offline proof (release gate)	2026-10-04T07:52:46.0440445Z     - port: 53
release	shift-left offline proof (release gate)	2026-10-04T07:52:46.0440650Z       protocol: UDP
release	shift-left offline proof (release gate)	2026-10-04T07:52:46.0440850Z     to:
release	shift-left offline proof (release gate)	2026-10-04T07:52:46.0441044Z     - namespaceSelector:
release	shift-left offline proof (release gate)	2026-10-04T07:52:46.0441267Z         matchLabels:
release	shift-left offline proof (release gate)	2026-10-04T07:52:46.0441510Z           kubernetes.io/metadata.name: kube-system
release	shift-left offline proof (release gate)	2026-10-04T07:52:46.0441800Z   ingress:
release	shift-left offline proof (release gate)	2026-10-04T07:52:46.0441977Z   - from:
release	shift-left offline proof (release gate)	2026-10-04T07:52:46.0442165Z     - podSelector: {}
release	shift-left offline proof (release gate)	2026-10-04T07:52:46.0442374Z   podSelector:
release	shift-left offline proof (release gate)	2026-10-04T07:52:46.0442577Z     matchLabels:
release	shift-left offline proof (release gate)	2026-10-04T07:52:46.0442786Z       posture.acme.io/caged: "true"
release	shift-left offline proof (release gate)	2026-10-04T07:52:46.0443061Z       posture.acme.io/tier: quarantine
release	shift-left offline proof (release gate)	2026-10-04T07:52:46.0443317Z   policyTypes:
release	shift-left offline proof (release gate)	2026-10-04T07:52:46.0443504Z   - Ingress
release	shift-left offline proof (release gate)	2026-10-04T07:52:46.0443688Z   - Egress
release	shift-left offline proof (release gate)	2026-10-04T07:52:46.0443800Z 
release	shift-left offline proof (release gate)	2026-10-04T07:52:46.0443871Z ---
release	shift-left offline proof (release gate)	2026-10-04T07:52:46.0443977Z 
release	shift-left offline proof (release gate)	2026-10-04T07:52:46.0443981Z 
release	shift-left offline proof (release gate)	2026-10-04T07:52:46.0444056Z Generate:
release	shift-left offline proof (release gate)	2026-10-04T07:52:46.0444260Z Generation completed successfully.
release	shift-left offline proof (release gate)	2026-10-04T07:52:46.0444608Z policy cage-netpol-5-0-0 applied to default/Pod/checkout-svc:
release	shift-left offline proof (release gate)	2026-10-04T07:52:46.0444990Z apiVersion: networking.k8s.io/v1
release	shift-left offline proof (release gate)	2026-10-04T07:52:46.0445239Z kind: NetworkPolicy
release	shift-left offline proof (release gate)	2026-10-04T07:52:46.0445436Z metadata:
release	shift-left offline proof (release gate)	2026-10-04T07:52:46.0445609Z   labels:
release	shift-left offline proof (release gate)	2026-10-04T07:52:46.0445807Z     app.kubernetes.io/managed-by: kyverno
release	shift-left offline proof (release gate)	2026-10-04T07:52:46.0446101Z     posture.acme.io/cage: reach
release	shift-left offline proof (release gate)	2026-10-04T07:52:46.0446359Z     posture.acme.io/tier: isolated
release	shift-left offline proof (release gate)	2026-10-04T07:52:46.0446614Z   name: cage-reach-isolated
release	shift-left offline proof (release gate)	2026-10-04T07:52:46.0446860Z   namespace: default
release	shift-left offline proof (release gate)	2026-10-04T07:52:46.0447062Z spec:
release	shift-left offline proof (release gate)	2026-10-04T07:52:46.0447239Z   egress: []
release	shift-left offline proof (release gate)	2026-10-04T07:52:46.0447428Z   ingress: []
release	shift-left offline proof (release gate)	2026-10-04T07:52:46.0447622Z   podSelector:
release	shift-left offline proof (release gate)	2026-10-04T07:52:46.0447813Z     matchLabels:
release	shift-left offline proof (release gate)	2026-10-04T07:52:46.0448285Z       posture.acme.io/caged: "true"
release	shift-left offline proof (release gate)	2026-10-04T07:52:46.0448654Z       posture.acme.io/tier: isolated
release	shift-left offline proof (release gate)	2026-10-04T07:52:46.0448913Z   policyTypes:
release	shift-left offline proof (release gate)	2026-10-04T07:52:46.0449108Z   - Ingress
release	shift-left offline proof (release gate)	2026-10-04T07:52:46.0449288Z   - Egress
release	shift-left offline proof (release gate)	2026-10-04T07:52:46.0449397Z 
release	shift-left offline proof (release gate)	2026-10-04T07:52:46.0449468Z ---
release	shift-left offline proof (release gate)	2026-10-04T07:52:46.0449569Z 
release	shift-left offline proof (release gate)	2026-10-04T07:52:46.0449573Z 
release	shift-left offline proof (release gate)	2026-10-04T07:52:46.0449646Z Generate:
release	shift-left offline proof (release gate)	2026-10-04T07:52:46.0449846Z Generation completed successfully.
release	shift-left offline proof (release gate)	2026-10-04T07:52:46.0450123Z pass: 7, fail: 0, warn: 0, error: 0, skip: 0
release	shift-left offline proof (release gate)	2026-10-04T07:52:46.0450432Z --- kyverno apply @ v6.0.0 ---
release	shift-left offline proof (release gate)	2026-10-04T07:52:46.0450716Z Applying 5 policy rule(s) to 1 resource(s)...
release	shift-left offline proof (release gate)	2026-10-04T07:52:46.0450920Z 
release	shift-left offline proof (release gate)	2026-10-04T07:52:46.0451255Z policy cage-tier-6-0-0 applied to default/Pod/checkout-svc:
release	shift-left offline proof (release gate)	2026-10-04T07:52:46.0451597Z apiVersion: v1
release	shift-left offline proof (release gate)	2026-10-04T07:52:46.0451787Z kind: Pod
release	shift-left offline proof (release gate)	2026-10-04T07:52:46.0451964Z metadata:
release	shift-left offline proof (release gate)	2026-10-04T07:52:46.0452137Z   labels:
release	shift-left offline proof (release gate)	2026-10-04T07:52:46.0452365Z     policy-as-versioned.dev/policy-version: 6.0.0
release	shift-left offline proof (release gate)	2026-10-04T07:52:46.0452681Z     posture.acme.io/caged: "true"
release	shift-left offline proof (release gate)	2026-10-04T07:52:46.0452942Z     posture.acme.io/tier: isolated
release	shift-left offline proof (release gate)	2026-10-04T07:52:46.0453207Z     posture.acme.io/version: 6.0.0
release	shift-left offline proof (release gate)	2026-10-04T07:52:46.0453453Z   name: checkout-svc
release	shift-left offline proof (release gate)	2026-10-04T07:52:46.0453660Z   namespace: default
release	shift-left offline proof (release gate)	2026-10-04T07:52:46.0453856Z spec:
release	shift-left offline proof (release gate)	2026-10-04T07:52:46.0454040Z   containers:
release	shift-left offline proof (release gate)	2026-10-04T07:52:46.0454237Z   - image: nginx
release	shift-left offline proof (release gate)	2026-10-04T07:52:46.0454431Z     name: c
release	shift-left offline proof (release gate)	2026-10-04T07:52:46.0454610Z     resources:
release	shift-left offline proof (release gate)	2026-10-04T07:52:46.0454795Z       limits:
release	shift-left offline proof (release gate)	2026-10-04T07:52:46.0455118Z         cpu: 100m
release	shift-left offline proof (release gate)	2026-10-04T07:52:46.0455316Z         memory: 64Mi
release	shift-left offline proof (release gate)	2026-10-04T07:52:46.0455527Z     securityContext:
release	shift-left offline proof (release gate)	2026-10-04T07:52:46.0455767Z       allowPrivilegeEscalation: false
release	shift-left offline proof (release gate)	2026-10-04T07:52:46.0456041Z       capabilities:
release	shift-left offline proof (release gate)	2026-10-04T07:52:46.0456239Z         drop:
release	shift-left offline proof (release gate)	2026-10-04T07:52:46.0456424Z         - ALL
release	shift-left offline proof (release gate)	2026-10-04T07:52:46.0456618Z       privileged: false
release	shift-left offline proof (release gate)	2026-10-04T07:52:46.0456857Z       readOnlyRootFilesystem: true
release	shift-left offline proof (release gate)	2026-10-04T07:52:46.0457112Z       runAsNonRoot: true
release	shift-left offline proof (release gate)	2026-10-04T07:52:46.0457349Z   - image: ghcr.io/acme/coraza-waf:cage
release	shift-left offline proof (release gate)	2026-10-04T07:52:46.0457625Z     name: waf-sidecar
release	shift-left offline proof (release gate)	2026-10-04T07:52:46.0457865Z     resources:
release	shift-left offline proof (release gate)	2026-10-04T07:52:46.0458351Z       limits:
release	shift-left offline proof (release gate)	2026-10-04T07:52:46.0458650Z         cpu: 250m
release	shift-left offline proof (release gate)	2026-10-04T07:52:46.0458861Z         memory: 256Mi
release	shift-left offline proof (release gate)	2026-10-04T07:52:46.0459072Z     securityContext:
release	shift-left offline proof (release gate)	2026-10-04T07:52:46.0459306Z       allowPrivilegeEscalation: false
release	shift-left offline proof (release gate)	2026-10-04T07:52:46.0459572Z       capabilities:
release	shift-left offline proof (release gate)	2026-10-04T07:52:46.0459771Z         drop:
release	shift-left offline proof (release gate)	2026-10-04T07:52:46.0459965Z         - ALL
release	shift-left offline proof (release gate)	2026-10-04T07:52:46.0460157Z       privileged: false
release	shift-left offline proof (release gate)	2026-10-04T07:52:46.0460392Z       readOnlyRootFilesystem: true
release	shift-left offline proof (release gate)	2026-10-04T07:52:46.0460653Z       runAsNonRoot: true
release	shift-left offline proof (release gate)	2026-10-04T07:52:46.0460867Z   hostIPC: false
release	shift-left offline proof (release gate)	2026-10-04T07:52:46.0461061Z   hostNetwork: false
release	shift-left offline proof (release gate)	2026-10-04T07:52:46.0461268Z   hostPID: false
release	shift-left offline proof (release gate)	2026-10-04T07:52:46.0461478Z   preemptionPolicy: Never
release	shift-left offline proof (release gate)	2026-10-04T07:52:46.0461704Z   priority: -10000
release	shift-left offline proof (release gate)	2026-10-04T07:52:46.0461939Z   priorityClassName: cage-isolated-6-0-0
release	shift-left offline proof (release gate)	2026-10-04T07:52:46.0462212Z   securityContext:
release	shift-left offline proof (release gate)	2026-10-04T07:52:46.0462412Z     runAsNonRoot: true
release	shift-left offline proof (release gate)	2026-10-04T07:52:46.0462565Z 
release	shift-left offline proof (release gate)	2026-10-04T07:52:46.0462639Z ---
release	shift-left offline proof (release gate)	2026-10-04T07:52:46.0462747Z 
release	shift-left offline proof (release gate)	2026-10-04T07:52:46.0462751Z 
release	shift-left offline proof (release gate)	2026-10-04T07:52:46.0462826Z Mutation:
release	shift-left offline proof (release gate)	2026-10-04T07:52:46.0463043Z Mutation has been applied successfully.
release	shift-left offline proof (release gate)	2026-10-04T07:52:46.0463388Z policy cage-tier-6-0-0 applied to default/Pod/checkout-svc:
release	shift-left offline proof (release gate)	2026-10-04T07:52:46.0463720Z apiVersion: v1
release	shift-left offline proof (release gate)	2026-10-04T07:52:46.0463917Z kind: Pod
release	shift-left offline proof (release gate)	2026-10-04T07:52:46.0464094Z metadata:
release	shift-left offline proof (release gate)	2026-10-04T07:52:46.0464265Z   labels:
release	shift-left offline proof (release gate)	2026-10-04T07:52:46.0464487Z     policy-as-versioned.dev/policy-version: 6.0.0
release	shift-left offline proof (release gate)	2026-10-04T07:52:46.0464810Z     posture.acme.io/caged: "true"
release	shift-left offline proof (release gate)	2026-10-04T07:52:46.0465071Z     posture.acme.io/tier: isolated
release	shift-left offline proof (release gate)	2026-10-04T07:52:46.0465330Z     posture.acme.io/version: 6.0.0
release	shift-left offline proof (release gate)	2026-10-04T07:52:46.0465575Z   name: checkout-svc
release	shift-left offline proof (release gate)	2026-10-04T07:52:46.0465781Z   namespace: default
release	shift-left offline proof (release gate)	2026-10-04T07:52:46.0465980Z spec:
release	shift-left offline proof (release gate)	2026-10-04T07:52:46.0466154Z   containers:
release	shift-left offline proof (release gate)	2026-10-04T07:52:46.0466342Z   - image: nginx
release	shift-left offline proof (release gate)	2026-10-04T07:52:46.0466532Z     name: c
release	shift-left offline proof (release gate)	2026-10-04T07:52:46.0466709Z     resources:
release	shift-left offline proof (release gate)	2026-10-04T07:52:46.0466890Z       limits:
release	shift-left offline proof (release gate)	2026-10-04T07:52:46.0467069Z         cpu: 100m
release	shift-left offline proof (release gate)	2026-10-04T07:52:46.0467263Z         memory: 64Mi
release	shift-left offline proof (release gate)	2026-10-04T07:52:46.0467460Z     securityContext:
release	shift-left offline proof (release gate)	2026-10-04T07:52:46.0467688Z       allowPrivilegeEscalation: false
release	shift-left offline proof (release gate)	2026-10-04T07:52:46.0467950Z       capabilities:
release	shift-left offline proof (release gate)	2026-10-04T07:52:46.0468321Z         drop:
release	shift-left offline proof (release gate)	2026-10-04T07:52:46.0468517Z         - ALL
release	shift-left offline proof (release gate)	2026-10-04T07:52:46.0468713Z       privileged: false
release	shift-left offline proof (release gate)	2026-10-04T07:52:46.0468946Z       readOnlyRootFilesystem: true
release	shift-left offline proof (release gate)	2026-10-04T07:52:46.0469408Z       runAsNonRoot: true
release	shift-left offline proof (release gate)	2026-10-04T07:52:46.0469652Z   - image: ghcr.io/acme/coraza-waf:cage
release	shift-left offline proof (release gate)	2026-10-04T07:52:46.0469918Z     name: waf-sidecar
release	shift-left offline proof (release gate)	2026-10-04T07:52:46.0470117Z     resources:
release	shift-left offline proof (release gate)	2026-10-04T07:52:46.0470299Z       limits:
release	shift-left offline proof (release gate)	2026-10-04T07:52:46.0470479Z         cpu: 250m
release	shift-left offline proof (release gate)	2026-10-04T07:52:46.0470673Z         memory: 256Mi
release	shift-left offline proof (release gate)	2026-10-04T07:52:46.0470879Z     securityContext:
release	shift-left offline proof (release gate)	2026-10-04T07:52:46.0471101Z       allowPrivilegeEscalation: false
release	shift-left offline proof (release gate)	2026-10-04T07:52:46.0471362Z       capabilities:
release	shift-left offline proof (release gate)	2026-10-04T07:52:46.0471555Z         drop:
release	shift-left offline proof (release gate)	2026-10-04T07:52:46.0471734Z         - ALL
release	shift-left offline proof (release gate)	2026-10-04T07:52:46.0471924Z       privileged: false
release	shift-left offline proof (release gate)	2026-10-04T07:52:46.0472155Z       readOnlyRootFilesystem: true
release	shift-left offline proof (release gate)	2026-10-04T07:52:46.0472409Z       runAsNonRoot: true
release	shift-left offline proof (release gate)	2026-10-04T07:52:46.0472623Z   hostIPC: false
release	shift-left offline proof (release gate)	2026-10-04T07:52:46.0472820Z   hostNetwork: false
release	shift-left offline proof (release gate)	2026-10-04T07:52:46.0473210Z   hostPID: false
release	shift-left offline proof (release gate)	2026-10-04T07:52:46.0473417Z   preemptionPolicy: Never
release	shift-left offline proof (release gate)	2026-10-04T07:52:46.0473645Z   priority: -10000
release	shift-left offline proof (release gate)	2026-10-04T07:52:46.0473888Z   priorityClassName: cage-isolated-6-0-0
release	shift-left offline proof (release gate)	2026-10-04T07:52:46.0474157Z   securityContext:
release	shift-left offline proof (release gate)	2026-10-04T07:52:46.0474354Z     runAsNonRoot: true
release	shift-left offline proof (release gate)	2026-10-04T07:52:46.0474480Z 
release	shift-left offline proof (release gate)	2026-10-04T07:52:46.0474555Z ---
release	shift-left offline proof (release gate)	2026-10-04T07:52:46.0474652Z 
release	shift-left offline proof (release gate)	2026-10-04T07:52:46.0474656Z 
release	shift-left offline proof (release gate)	2026-10-04T07:52:46.0474737Z Mutation:
release	shift-left offline proof (release gate)	2026-10-04T07:52:46.0474937Z Mutation has been applied successfully.
release	shift-left offline proof (release gate)	2026-10-04T07:52:46.0475289Z policy stamp-posture-6-0-0 applied to default/Pod/checkout-svc:
release	shift-left offline proof (release gate)	2026-10-04T07:52:46.0475636Z apiVersion: v1
release	shift-left offline proof (release gate)	2026-10-04T07:52:46.0475823Z kind: Pod
release	shift-left offline proof (release gate)	2026-10-04T07:52:46.0475995Z metadata:
release	shift-left offline proof (release gate)	2026-10-04T07:52:46.0476165Z   labels:
release	shift-left offline proof (release gate)	2026-10-04T07:52:46.0476389Z     policy-as-versioned.dev/policy-version: 6.0.0
release	shift-left offline proof (release gate)	2026-10-04T07:52:46.0476699Z     posture.acme.io/caged: "true"
release	shift-left offline proof (release gate)	2026-10-04T07:52:46.0476955Z     posture.acme.io/tier: isolated
release	shift-left offline proof (release gate)	2026-10-04T07:52:46.0477214Z     posture.acme.io/version: 6.0.0
release	shift-left offline proof (release gate)	2026-10-04T07:52:46.0477455Z   name: checkout-svc
release	shift-left offline proof (release gate)	2026-10-04T07:52:46.0477660Z   namespace: default
release	shift-left offline proof (release gate)	2026-10-04T07:52:46.0477853Z spec:
release	shift-left offline proof (release gate)	2026-10-04T07:52:46.0478165Z   containers:
release	shift-left offline proof (release gate)	2026-10-04T07:52:46.0478354Z   - image: nginx
release	shift-left offline proof (release gate)	2026-10-04T07:52:46.0478543Z     name: c
release	shift-left offline proof (release gate)	2026-10-04T07:52:46.0478717Z     resources:
release	shift-left offline proof (release gate)	2026-10-04T07:52:46.0478907Z       limits:
release	shift-left offline proof (release gate)	2026-10-04T07:52:46.0479088Z         cpu: 100m
release	shift-left offline proof (release gate)	2026-10-04T07:52:46.0479279Z         memory: 64Mi
release	shift-left offline proof (release gate)	2026-10-04T07:52:46.0479484Z     securityContext:
release	shift-left offline proof (release gate)	2026-10-04T07:52:46.0479712Z       allowPrivilegeEscalation: false
release	shift-left offline proof (release gate)	2026-10-04T07:52:46.0479972Z       capabilities:
release	shift-left offline proof (release gate)	2026-10-04T07:52:46.0480165Z         drop:
release	shift-left offline proof (release gate)	2026-10-04T07:52:46.0480342Z         - ALL
release	shift-left offline proof (release gate)	2026-10-04T07:52:46.0480527Z       privileged: false
release	shift-left offline proof (release gate)	2026-10-04T07:52:46.0480759Z       readOnlyRootFilesystem: true
release	shift-left offline proof (release gate)	2026-10-04T07:52:46.0481013Z       runAsNonRoot: true
release	shift-left offline proof (release gate)	2026-10-04T07:52:46.0481250Z   - image: ghcr.io/acme/coraza-waf:cage
release	shift-left offline proof (release gate)	2026-10-04T07:52:46.0481530Z     name: waf-sidecar
release	shift-left offline proof (release gate)	2026-10-04T07:52:46.0481732Z     resources:
release	shift-left offline proof (release gate)	2026-10-04T07:52:46.0481916Z       limits:
release	shift-left offline proof (release gate)	2026-10-04T07:52:46.0482097Z         cpu: 250m
release	shift-left offline proof (release gate)	2026-10-04T07:52:46.0482292Z         memory: 256Mi
release	shift-left offline proof (release gate)	2026-10-04T07:52:46.0482496Z     securityContext:
release	shift-left offline proof (release gate)	2026-10-04T07:52:46.0482716Z       allowPrivilegeEscalation: false
release	shift-left offline proof (release gate)	2026-10-04T07:52:46.0482975Z       capabilities:
release	shift-left offline proof (release gate)	2026-10-04T07:52:46.0483166Z         drop:
release	shift-left offline proof (release gate)	2026-10-04T07:52:46.0483346Z         - ALL
release	shift-left offline proof (release gate)	2026-10-04T07:52:46.0483535Z       privileged: false
release	shift-left offline proof (release gate)	2026-10-04T07:52:46.0483769Z       readOnlyRootFilesystem: true
release	shift-left offline proof (release gate)	2026-10-04T07:52:46.0484024Z       runAsNonRoot: true
release	shift-left offline proof (release gate)	2026-10-04T07:52:46.0484236Z   hostIPC: false
release	shift-left offline proof (release gate)	2026-10-04T07:52:46.0484429Z   hostNetwork: false
release	shift-left offline proof (release gate)	2026-10-04T07:52:46.0484625Z   hostPID: false
release	shift-left offline proof (release gate)	2026-10-04T07:52:46.0484830Z   preemptionPolicy: Never
release	shift-left offline proof (release gate)	2026-10-04T07:52:46.0485054Z   priority: -10000
release	shift-left offline proof (release gate)	2026-10-04T07:52:46.0485283Z   priorityClassName: cage-isolated-6-0-0
release	shift-left offline proof (release gate)	2026-10-04T07:52:46.0485554Z   securityContext:
release	shift-left offline proof (release gate)	2026-10-04T07:52:46.0485764Z     runAsNonRoot: true
release	shift-left offline proof (release gate)	2026-10-04T07:52:46.0485898Z 
release	shift-left offline proof (release gate)	2026-10-04T07:52:46.0485970Z ---
release	shift-left offline proof (release gate)	2026-10-04T07:52:46.0486073Z 
release	shift-left offline proof (release gate)	2026-10-04T07:52:46.0486077Z 
release	shift-left offline proof (release gate)	2026-10-04T07:52:46.0486293Z Mutation:
release	shift-left offline proof (release gate)	2026-10-04T07:52:46.0486498Z Mutation has been applied successfully.
release	shift-left offline proof (release gate)	2026-10-04T07:52:46.0486855Z policy stamp-posture-6-0-0 applied to default/Pod/checkout-svc:
release	shift-left offline proof (release gate)	2026-10-04T07:52:46.0487200Z apiVersion: v1
release	shift-left offline proof (release gate)	2026-10-04T07:52:46.0487386Z kind: Pod
release	shift-left offline proof (release gate)	2026-10-04T07:52:46.0487561Z metadata:
release	shift-left offline proof (release gate)	2026-10-04T07:52:46.0487732Z   labels:
release	shift-left offline proof (release gate)	2026-10-04T07:52:46.0487952Z     policy-as-versioned.dev/policy-version: 6.0.0
release	shift-left offline proof (release gate)	2026-10-04T07:52:46.0488616Z     posture.acme.io/caged: "true"
release	shift-left offline proof (release gate)	2026-10-04T07:52:46.0488879Z     posture.acme.io/tier: isolated
release	shift-left offline proof (release gate)	2026-10-04T07:52:46.0489138Z     posture.acme.io/version: 6.0.0
release	shift-left offline proof (release gate)	2026-10-04T07:52:46.0489383Z   name: checkout-svc
release	shift-left offline proof (release gate)	2026-10-04T07:52:46.0489593Z   namespace: default
release	shift-left offline proof (release gate)	2026-10-04T07:52:46.0489787Z spec:
release	shift-left offline proof (release gate)	2026-10-04T07:52:46.0489964Z   containers:
release	shift-left offline proof (release gate)	2026-10-04T07:52:46.0490153Z   - image: nginx
release	shift-left offline proof (release gate)	2026-10-04T07:52:46.0490506Z     name: c
release	shift-left offline proof (release gate)	2026-10-04T07:52:46.0490688Z     resources:
release	shift-left offline proof (release gate)	2026-10-04T07:52:46.0490870Z       limits:
release	shift-left offline proof (release gate)	2026-10-04T07:52:46.0491052Z         cpu: 100m
release	shift-left offline proof (release gate)	2026-10-04T07:52:46.0491249Z         memory: 64Mi
release	shift-left offline proof (release gate)	2026-10-04T07:52:46.0491456Z     securityContext:
release	shift-left offline proof (release gate)	2026-10-04T07:52:46.0491683Z       allowPrivilegeEscalation: false
release	shift-left offline proof (release gate)	2026-10-04T07:52:46.0491944Z       capabilities:
release	shift-left offline proof (release gate)	2026-10-04T07:52:46.0492144Z         drop:
release	shift-left offline proof (release gate)	2026-10-04T07:52:46.0492325Z         - ALL
release	shift-left offline proof (release gate)	2026-10-04T07:52:46.0492526Z       privileged: false
release	shift-left offline proof (release gate)	2026-10-04T07:52:46.0492763Z       readOnlyRootFilesystem: true
release	shift-left offline proof (release gate)	2026-10-04T07:52:46.0493026Z       runAsNonRoot: true
release	shift-left offline proof (release gate)	2026-10-04T07:52:46.0493267Z   - image: ghcr.io/acme/coraza-waf:cage
release	shift-left offline proof (release gate)	2026-10-04T07:52:46.0493533Z     name: waf-sidecar
release	shift-left offline proof (release gate)	2026-10-04T07:52:46.0493736Z     resources:
release	shift-left offline proof (release gate)	2026-10-04T07:52:46.0493921Z       limits:
release	shift-left offline proof (release gate)	2026-10-04T07:52:46.0494106Z         cpu: 250m
release	shift-left offline proof (release gate)	2026-10-04T07:52:46.0494302Z         memory: 256Mi
release	shift-left offline proof (release gate)	2026-10-04T07:52:46.0494510Z     securityContext:
release	shift-left offline proof (release gate)	2026-10-04T07:52:46.0494755Z       allowPrivilegeEscalation: false
release	shift-left offline proof (release gate)	2026-10-04T07:52:46.0495024Z       capabilities:
release	shift-left offline proof (release gate)	2026-10-04T07:52:46.0495218Z         drop:
release	shift-left offline proof (release gate)	2026-10-04T07:52:46.0495400Z         - ALL
release	shift-left offline proof (release gate)	2026-10-04T07:52:46.0495594Z       privileged: false
release	shift-left offline proof (release gate)	2026-10-04T07:52:46.0495829Z       readOnlyRootFilesystem: true
release	shift-left offline proof (release gate)	2026-10-04T07:52:46.0496085Z       runAsNonRoot: true
release	shift-left offline proof (release gate)	2026-10-04T07:52:46.0496299Z   hostIPC: false
release	shift-left offline proof (release gate)	2026-10-04T07:52:46.0496493Z   hostNetwork: false
release	shift-left offline proof (release gate)	2026-10-04T07:52:46.0496695Z   hostPID: false
release	shift-left offline proof (release gate)	2026-10-04T07:52:46.0496900Z   preemptionPolicy: Never
release	shift-left offline proof (release gate)	2026-10-04T07:52:46.0497133Z   priority: -10000
release	shift-left offline proof (release gate)	2026-10-04T07:52:46.0497369Z   priorityClassName: cage-isolated-6-0-0
release	shift-left offline proof (release gate)	2026-10-04T07:52:46.0497643Z   securityContext:
release	shift-left offline proof (release gate)	2026-10-04T07:52:46.0497847Z     runAsNonRoot: true
release	shift-left offline proof (release gate)	2026-10-04T07:52:46.0498202Z 
release	shift-left offline proof (release gate)	2026-10-04T07:52:46.0498340Z ---
release	shift-left offline proof (release gate)	2026-10-04T07:52:46.0498511Z 
release	shift-left offline proof (release gate)	2026-10-04T07:52:46.0498527Z 
release	shift-left offline proof (release gate)	2026-10-04T07:52:46.0498610Z Mutation:
release	shift-left offline proof (release gate)	2026-10-04T07:52:46.0498826Z Mutation has been applied successfully.
release	shift-left offline proof (release gate)	2026-10-04T07:52:46.0499187Z policy cage-netpol-6-0-0 applied to default/Pod/checkout-svc:
release	shift-left offline proof (release gate)	2026-10-04T07:52:46.0499564Z apiVersion: networking.k8s.io/v1
release	shift-left offline proof (release gate)	2026-10-04T07:52:46.0499889Z kind: NetworkPolicy
release	shift-left offline proof (release gate)	2026-10-04T07:52:46.0500098Z metadata:
release	shift-left offline proof (release gate)	2026-10-04T07:52:46.0500273Z   labels:
release	shift-left offline proof (release gate)	2026-10-04T07:52:46.0500493Z     app.kubernetes.io/managed-by: kyverno
release	shift-left offline proof (release gate)	2026-10-04T07:52:46.0500774Z     posture.acme.io/cage: reach
release	shift-left offline proof (release gate)	2026-10-04T07:52:46.0501031Z     posture.acme.io/tier: restricted
release	shift-left offline proof (release gate)	2026-10-04T07:52:46.0501297Z   name: cage-reach-restricted
release	shift-left offline proof (release gate)	2026-10-04T07:52:46.0501532Z   namespace: default
release	shift-left offline proof (release gate)	2026-10-04T07:52:46.0501729Z spec:
release	shift-left offline proof (release gate)	2026-10-04T07:52:46.0501899Z   egress:
release	shift-left offline proof (release gate)	2026-10-04T07:52:46.0502075Z   - ports:
release	shift-left offline proof (release gate)	2026-10-04T07:52:46.0502263Z     - port: 53
release	shift-left offline proof (release gate)	2026-10-04T07:52:46.0502467Z       protocol: UDP
release	shift-left offline proof (release gate)	2026-10-04T07:52:46.0502673Z     to:
release	shift-left offline proof (release gate)	2026-10-04T07:52:46.0502864Z     - namespaceSelector:
release	shift-left offline proof (release gate)	2026-10-04T07:52:46.0503088Z         matchLabels:
release	shift-left offline proof (release gate)	2026-10-04T07:52:46.0503322Z           kubernetes.io/metadata.name: kube-system
release	shift-left offline proof (release gate)	2026-10-04T07:52:46.0503602Z   ingress:
release	shift-left offline proof (release gate)	2026-10-04T07:52:46.0503787Z   - from:
release	shift-left offline proof (release gate)	2026-10-04T07:52:46.0503968Z     - podSelector: {}
release	shift-left offline proof (release gate)	2026-10-04T07:52:46.0504173Z   podSelector:
release	shift-left offline proof (release gate)	2026-10-04T07:52:46.0504373Z     matchLabels:
release	shift-left offline proof (release gate)	2026-10-04T07:52:46.0504814Z       posture.acme.io/caged: "true"
release	shift-left offline proof (release gate)	2026-10-04T07:52:46.0505094Z       posture.acme.io/tier: restricted
release	shift-left offline proof (release gate)	2026-10-04T07:52:46.0505359Z   policyTypes:
release	shift-left offline proof (release gate)	2026-10-04T07:52:46.0505550Z   - Ingress
release	shift-left offline proof (release gate)	2026-10-04T07:52:46.0505728Z   - Egress
release	shift-left offline proof (release gate)	2026-10-04T07:52:46.0505828Z 
release	shift-left offline proof (release gate)	2026-10-04T07:52:46.0505907Z ---
release	shift-left offline proof (release gate)	2026-10-04T07:52:46.0506000Z 
release	shift-left offline proof (release gate)	2026-10-04T07:52:46.0506004Z 
release	shift-left offline proof (release gate)	2026-10-04T07:52:46.0506083Z Generate:
release	shift-left offline proof (release gate)	2026-10-04T07:52:46.0506283Z Generation completed successfully.
release	shift-left offline proof (release gate)	2026-10-04T07:52:46.0506619Z policy cage-netpol-6-0-0 applied to default/Pod/checkout-svc:
release	shift-left offline proof (release gate)	2026-10-04T07:52:46.0506977Z apiVersion: networking.k8s.io/v1
release	shift-left offline proof (release gate)	2026-10-04T07:52:46.0507224Z kind: NetworkPolicy
release	shift-left offline proof (release gate)	2026-10-04T07:52:46.0507424Z metadata:
release	shift-left offline proof (release gate)	2026-10-04T07:52:46.0507599Z   labels:
release	shift-left offline proof (release gate)	2026-10-04T07:52:46.0507802Z     app.kubernetes.io/managed-by: kyverno
release	shift-left offline proof (release gate)	2026-10-04T07:52:46.0508451Z     posture.acme.io/cage: reach
release	shift-left offline proof (release gate)	2026-10-04T07:52:46.0508711Z     posture.acme.io/tier: quarantine
release	shift-left offline proof (release gate)	2026-10-04T07:52:46.0508984Z   name: cage-reach-quarantine
release	shift-left offline proof (release gate)	2026-10-04T07:52:46.0509228Z   namespace: default
release	shift-left offline proof (release gate)	2026-10-04T07:52:46.0509426Z spec:
release	shift-left offline proof (release gate)	2026-10-04T07:52:46.0509596Z   egress:
release	shift-left offline proof (release gate)	2026-10-04T07:52:46.0509808Z   - ports:
release	shift-left offline proof (release gate)	2026-10-04T07:52:46.0509997Z     - port: 53
release	shift-left offline proof (release gate)	2026-10-04T07:52:46.0510195Z       protocol: UDP
release	shift-left offline proof (release gate)	2026-10-04T07:52:46.0510386Z     to:
release	shift-left offline proof (release gate)	2026-10-04T07:52:46.0510576Z     - namespaceSelector:
release	shift-left offline proof (release gate)	2026-10-04T07:52:46.0510803Z         matchLabels:
release	shift-left offline proof (release gate)	2026-10-04T07:52:46.0511036Z           kubernetes.io/metadata.name: kube-system
release	shift-left offline proof (release gate)	2026-10-04T07:52:46.0511321Z   ingress:
release	shift-left offline proof (release gate)	2026-10-04T07:52:46.0511497Z   - from:
release	shift-left offline proof (release gate)	2026-10-04T07:52:46.0511680Z     - podSelector: {}
release	shift-left offline proof (release gate)	2026-10-04T07:52:46.0511885Z   podSelector:
release	shift-left offline proof (release gate)	2026-10-04T07:52:46.0512074Z     matchLabels:
release	shift-left offline proof (release gate)	2026-10-04T07:52:46.0512279Z       posture.acme.io/caged: "true"
release	shift-left offline proof (release gate)	2026-10-04T07:52:46.0512543Z       posture.acme.io/tier: quarantine
release	shift-left offline proof (release gate)	2026-10-04T07:52:46.0512799Z   policyTypes:
release	shift-left offline proof (release gate)	2026-10-04T07:52:46.0512983Z   - Ingress
release	shift-left offline proof (release gate)	2026-10-04T07:52:46.0513160Z   - Egress
release	shift-left offline proof (release gate)	2026-10-04T07:52:46.0513265Z 
release	shift-left offline proof (release gate)	2026-10-04T07:52:46.0513343Z ---
release	shift-left offline proof (release gate)	2026-10-04T07:52:46.0513443Z 
release	shift-left offline proof (release gate)	2026-10-04T07:52:46.0513447Z 
release	shift-left offline proof (release gate)	2026-10-04T07:52:46.0513523Z Generate:
release	shift-left offline proof (release gate)	2026-10-04T07:52:46.0513717Z Generation completed successfully.
release	shift-left offline proof (release gate)	2026-10-04T07:52:46.0514047Z policy cage-netpol-6-0-0 applied to default/Pod/checkout-svc:
release	shift-left offline proof (release gate)	2026-10-04T07:52:46.0514396Z apiVersion: networking.k8s.io/v1
release	shift-left offline proof (release gate)	2026-10-04T07:52:46.0514638Z kind: NetworkPolicy
release	shift-left offline proof (release gate)	2026-10-04T07:52:46.0514830Z metadata:
release	shift-left offline proof (release gate)	2026-10-04T07:52:46.0514997Z   labels:
release	shift-left offline proof (release gate)	2026-10-04T07:52:46.0515194Z     app.kubernetes.io/managed-by: kyverno
release	shift-left offline proof (release gate)	2026-10-04T07:52:46.0515472Z     posture.acme.io/cage: reach
release	shift-left offline proof (release gate)	2026-10-04T07:52:46.0515725Z     posture.acme.io/tier: isolated
release	shift-left offline proof (release gate)	2026-10-04T07:52:46.0515980Z   name: cage-reach-isolated
release	shift-left offline proof (release gate)	2026-10-04T07:52:46.0516207Z   namespace: default
release	shift-left offline proof (release gate)	2026-10-04T07:52:46.0516402Z spec:
release	shift-left offline proof (release gate)	2026-10-04T07:52:46.0516577Z   egress: []
release	shift-left offline proof (release gate)	2026-10-04T07:52:46.0516761Z   ingress: []
release	shift-left offline proof (release gate)	2026-10-04T07:52:46.0516952Z   podSelector:
release	shift-left offline proof (release gate)	2026-10-04T07:52:46.0517138Z     matchLabels:
release	shift-left offline proof (release gate)	2026-10-04T07:52:46.0517344Z       posture.acme.io/caged: "true"
release	shift-left offline proof (release gate)	2026-10-04T07:52:46.0517608Z       posture.acme.io/tier: isolated
release	shift-left offline proof (release gate)	2026-10-04T07:52:46.0517869Z   policyTypes:
release	shift-left offline proof (release gate)	2026-10-04T07:52:46.0518191Z   - Ingress
release	shift-left offline proof (release gate)	2026-10-04T07:52:46.0518380Z   - Egress
release	shift-left offline proof (release gate)	2026-10-04T07:52:46.0518480Z 
release	shift-left offline proof (release gate)	2026-10-04T07:52:46.0518555Z ---
release	shift-left offline proof (release gate)	2026-10-04T07:52:46.0518647Z 
release	shift-left offline proof (release gate)	2026-10-04T07:52:46.0518651Z 
release	shift-left offline proof (release gate)	2026-10-04T07:52:46.0518729Z Generate:
release	shift-left offline proof (release gate)	2026-10-04T07:52:46.0518927Z Generation completed successfully.
release	shift-left offline proof (release gate)	2026-10-04T07:52:46.0519202Z pass: 7, fail: 0, warn: 0, error: 0, skip: 0
release	shift-left offline proof (release gate)	2026-10-04T07:52:46.0519402Z 
release	shift-left offline proof (release gate)	2026-10-04T07:52:46.0519880Z shift-left: /tmp/tmp.SAXcpsqoLM/adopter/deploy/pod.yaml is compliant on kyverno 1.18.2 across the line(s) of its window that support it ['5.0.0', '6.0.0']
release	shift-left offline proof (release gate)	2026-10-04T07:52:46.0520672Z ok  the declaration of the resource's own repository (exit 0)
release	shift-left offline proof (release gate)	2026-10-04T07:52:46.1361623Z /tmp/tmp.SAXcpsqoLM/adopter/deploy/pod.yaml: targets 5.0.0, checking supported window ['5.0.0', '6.0.0']
release	shift-left offline proof (release gate)	2026-10-04T07:52:46.1363496Z UNSUPPORTED PAIRING @ v5.0.0: no engine is declared (the top of adopter, the repository /tmp/tmp.SAXcpsqoLM/adopter/deploy/pod.yaml belongs to carries no gitops/engine/kyverno.yaml); not run, so neither a compile error nor a pass
release	shift-left offline proof (release gate)	2026-10-04T07:52:46.1366225Z UNSUPPORTED PAIRING @ v6.0.0: no engine is declared (the top of adopter, the repository /tmp/tmp.SAXcpsqoLM/adopter/deploy/pod.yaml belongs to carries no gitops/engine/kyverno.yaml); not run, so neither a compile error nor a pass
release	shift-left offline proof (release gate)	2026-10-04T07:52:46.1367300Z 
release	shift-left offline proof (release gate)	2026-10-04T07:52:46.1367865Z shift-left: COULD NOT LOOK -- /tmp/tmp.SAXcpsqoLM/adopter/deploy/pod.yaml belongs to no declared engine, so no line in its window ['5.0.0', '6.0.0'] was run (hub ADR-0033 point 7)
release	shift-left offline proof (release gate)	2026-10-04T07:52:46.1392809Z ok  a repository that declares no engine (exit 3)
release	shift-left offline proof (release gate)	2026-10-04T07:52:46.1393291Z 
release	shift-left offline proof (release gate)	2026-10-04T07:52:46.1393529Z shift-left: all offline proofs passed
release	gitsign verify-tag, identity-pinned, offline Rekor bundle	﻿2026-10-04T07:52:46.1455852Z ##[group]Run set -euo pipefail
release	gitsign verify-tag, identity-pinned, offline Rekor bundle	2026-10-04T07:52:46.1456205Z ^[[36;1mset -euo pipefail^[[0m
release	gitsign verify-tag, identity-pinned, offline Rekor bundle	2026-10-04T07:52:46.1456575Z ^[[36;1m# actions/checkout's second fetch (it resolves the trigger ref to a^[[0m
release	gitsign verify-tag, identity-pinned, offline Rekor bundle	2026-10-04T07:52:46.1457098Z ^[[36;1m# SHA for checkout) force-overwrites the local refs/tags/<name> to^[[0m
release	gitsign verify-tag, identity-pinned, offline Rekor bundle	2026-10-04T07:52:46.1457578Z ^[[36;1m# point straight at the commit, flattening the annotated tag object^[[0m
release	gitsign verify-tag, identity-pinned, offline Rekor bundle	2026-10-04T07:52:46.1458375Z ^[[36;1m# gitsign needs. Re-fetch the real tag ref before verifying it.^[[0m
release	gitsign verify-tag, identity-pinned, offline Rekor bundle	2026-10-04T07:52:46.1458856Z ^[[36;1mgit fetch origin "+refs/tags/${TAG}:refs/tags/${TAG}" --force^[[0m
release	gitsign verify-tag, identity-pinned, offline Rekor bundle	2026-10-04T07:52:46.1459239Z ^[[36;1mgitsign verify-tag "${TAG}" \^[[0m
release	gitsign verify-tag, identity-pinned, offline Rekor bundle	2026-10-04T07:52:46.1459628Z ^[[36;1m  --certificate-identity-regexp="${EXPECTED_IDENTITY_REGEXP}" \^[[0m
release	gitsign verify-tag, identity-pinned, offline Rekor bundle	2026-10-04T07:52:46.1460073Z ^[[36;1m  --certificate-oidc-issuer="${EXPECTED_ISSUER}"^[[0m
release	gitsign verify-tag, identity-pinned, offline Rekor bundle	2026-10-04T07:52:46.1525401Z shell: /usr/bin/bash -e {0}
release	gitsign verify-tag, identity-pinned, offline Rekor bundle	2026-10-04T07:52:46.1525700Z env:
release	gitsign verify-tag, identity-pinned, offline Rekor bundle	2026-10-04T07:52:46.1525909Z   TAG: policy/v7.0.0
release	gitsign verify-tag, identity-pinned, offline Rekor bundle	2026-10-04T07:52:46.1526220Z   GITSIGN_VERSION: 0.17.1
release	gitsign verify-tag, identity-pinned, offline Rekor bundle	2026-10-04T07:52:46.1526606Z   GITSIGN_SHA256: 69213a8a0813a151e5a47d0060862952ff833a845d57309dff76f7ba6600abae
release	gitsign verify-tag, identity-pinned, offline Rekor bundle	2026-10-04T07:52:46.1527056Z   COSIGN_VERSION: 2.4.1
release	gitsign verify-tag, identity-pinned, offline Rekor bundle	2026-10-04T07:52:46.1527424Z   COSIGN_SHA256: 8b24b946dd5809c6bd93de08033bcf6bc0ed7d336b7785787c080f574b89249b
release	gitsign verify-tag, identity-pinned, offline Rekor bundle	2026-10-04T07:52:46.1527843Z   KYVERNO_VERSION: 1.18.2
release	gitsign verify-tag, identity-pinned, offline Rekor bundle	2026-10-04T07:52:46.1528399Z   KYVERNO_SHA256: cb2feb8356149fd2fe774c894ccf0969f4a60a83867dd913af724f74ffbbc18b
release	gitsign verify-tag, identity-pinned, offline Rekor bundle	2026-10-04T07:52:46.1529320Z   EXPECTED_IDENTITY_REGEXP: ^https://github\.com/policy-as-versioned-platform/platform/\.github/workflows/cut-release\.yml@refs/heads/(main|release/[0-9]+\.[0-9]+\.x)$
release	gitsign verify-tag, identity-pinned, offline Rekor bundle	2026-10-04T07:52:46.1530167Z   EXPECTED_ISSUER: https://token.actions.githubusercontent.com
release	gitsign verify-tag, identity-pinned, offline Rekor bundle	2026-10-04T07:52:46.1530542Z   GITSIGN_REKOR_MODE: offline
release	gitsign verify-tag, identity-pinned, offline Rekor bundle	2026-10-04T07:52:46.1530792Z ##[endgroup]
release	gitsign verify-tag, identity-pinned, offline Rekor bundle	2026-10-04T07:52:46.4658809Z From https://github.com/policy-as-versioned-platform/platform
release	gitsign verify-tag, identity-pinned, offline Rekor bundle	2026-10-04T07:52:46.4659666Z  t [tag update]      policy/v7.0.0 -> policy/v7.0.0
release	gitsign verify-tag, identity-pinned, offline Rekor bundle	2026-10-04T07:52:47.6093025Z tlog index: 3076606720
release	gitsign verify-tag, identity-pinned, offline Rekor bundle	2026-10-04T07:52:47.6093968Z gitsign: Signature made using certificate ID 0xe174000e8d734f554cdb77b08947d062ac0f814c | CN=sigstore-intermediate,O=sigstore.dev
release	gitsign verify-tag, identity-pinned, offline Rekor bundle	2026-10-04T07:52:47.6096261Z gitsign: Good signature from [https://github.com/policy-as-versioned-platform/platform/.github/workflows/cut-release.yml@refs/heads/main](https://token.actions.githubusercontent.com)
release	gitsign verify-tag, identity-pinned, offline Rekor bundle	2026-10-04T07:52:47.6097705Z Validated Git signature: true
release	gitsign verify-tag, identity-pinned, offline Rekor bundle	2026-10-04T07:52:47.6098827Z Validated Rekor entry: true
release	gitsign verify-tag, identity-pinned, offline Rekor bundle	2026-10-04T07:52:47.6099494Z Validated Certificate claims: true
release	cheaper check -- the signed release-gate evidence matches this tag (policy tags only)	﻿2026-10-04T07:52:47.7118707Z ##[group]Run set -euo pipefail
release	cheaper check -- the signed release-gate evidence matches this tag (policy tags only)	2026-10-04T07:52:47.7119135Z ^[[36;1mset -euo pipefail^[[0m
release	cheaper check -- the signed release-gate evidence matches this tag (policy tags only)	2026-10-04T07:52:47.7119420Z ^[[36;1mversion="${TAG#policy/v}"^[[0m
release	cheaper check -- the signed release-gate evidence matches this tag (policy tags only)	2026-10-04T07:52:47.7119800Z ^[[36;1mevidence="computed-semver/evidence/${version}.json"^[[0m
release	cheaper check -- the signed release-gate evidence matches this tag (policy tags only)	2026-10-04T07:52:47.7120192Z ^[[36;1mbundle="${evidence}.bundle"^[[0m
release	cheaper check -- the signed release-gate evidence matches this tag (policy tags only)	2026-10-04T07:52:47.7120719Z ^[[36;1m[ -f "$evidence" ] || { echo "FAIL: no evidence file committed at $evidence for tag ${TAG}"; exit 1; }^[[0m
release	cheaper check -- the signed release-gate evidence matches this tag (policy tags only)	2026-10-04T07:52:47.7121476Z ^[[36;1m[ -f "$bundle" ] || { echo "FAIL: no cosign bundle committed at $bundle for tag ${TAG}"; exit 1; }^[[0m
release	cheaper check -- the signed release-gate evidence matches this tag (policy tags only)	2026-10-04T07:52:47.7122216Z ^[[36;1mcosign verify-blob \^[[0m
release	cheaper check -- the signed release-gate evidence matches this tag (policy tags only)	2026-10-04T07:52:47.7122496Z ^[[36;1m  --bundle="$bundle" \^[[0m
release	cheaper check -- the signed release-gate evidence matches this tag (policy tags only)	2026-10-04T07:52:47.7122903Z ^[[36;1m  --certificate-identity-regexp="${EXPECTED_IDENTITY_REGEXP}" \^[[0m
release	cheaper check -- the signed release-gate evidence matches this tag (policy tags only)	2026-10-04T07:52:47.7123404Z ^[[36;1m  --certificate-oidc-issuer="${EXPECTED_ISSUER}" \^[[0m
release	cheaper check -- the signed release-gate evidence matches this tag (policy tags only)	2026-10-04T07:52:47.7123779Z ^[[36;1m  "$evidence"^[[0m
release	cheaper check -- the signed release-gate evidence matches this tag (policy tags only)	2026-10-04T07:52:47.7124230Z ^[[36;1mpython3 .github/scripts/release-verify-evidence.py "$evidence" "$version" "$TAG"^[[0m
release	cheaper check -- the signed release-gate evidence matches this tag (policy tags only)	2026-10-04T07:52:47.7189749Z shell: /usr/bin/bash -e {0}
release	cheaper check -- the signed release-gate evidence matches this tag (policy tags only)	2026-10-04T07:52:47.7190043Z env:
release	cheaper check -- the signed release-gate evidence matches this tag (policy tags only)	2026-10-04T07:52:47.7190259Z   TAG: policy/v7.0.0
release	cheaper check -- the signed release-gate evidence matches this tag (policy tags only)	2026-10-04T07:52:47.7190505Z   GITSIGN_VERSION: 0.17.1
release	cheaper check -- the signed release-gate evidence matches this tag (policy tags only)	2026-10-04T07:52:47.7190905Z   GITSIGN_SHA256: 69213a8a0813a151e5a47d0060862952ff833a845d57309dff76f7ba6600abae
release	cheaper check -- the signed release-gate evidence matches this tag (policy tags only)	2026-10-04T07:52:47.7191356Z   COSIGN_VERSION: 2.4.1
release	cheaper check -- the signed release-gate evidence matches this tag (policy tags only)	2026-10-04T07:52:47.7191741Z   COSIGN_SHA256: 8b24b946dd5809c6bd93de08033bcf6bc0ed7d336b7785787c080f574b89249b
release	cheaper check -- the signed release-gate evidence matches this tag (policy tags only)	2026-10-04T07:52:47.7192258Z   KYVERNO_VERSION: 1.18.2
release	cheaper check -- the signed release-gate evidence matches this tag (policy tags only)	2026-10-04T07:52:47.7192641Z   KYVERNO_SHA256: cb2feb8356149fd2fe774c894ccf0969f4a60a83867dd913af724f74ffbbc18b
release	cheaper check -- the signed release-gate evidence matches this tag (policy tags only)	2026-10-04T07:52:47.7193573Z   EXPECTED_IDENTITY_REGEXP: ^https://github\.com/policy-as-versioned-platform/platform/\.github/workflows/cut-release\.yml@refs/heads/(main|release/[0-9]+\.[0-9]+\.x)$
release	cheaper check -- the signed release-gate evidence matches this tag (policy tags only)	2026-10-04T07:52:47.7194454Z   EXPECTED_ISSUER: https://token.actions.githubusercontent.com
release	cheaper check -- the signed release-gate evidence matches this tag (policy tags only)	2026-10-04T07:52:47.7194837Z ##[endgroup]
release	cheaper check -- the signed release-gate evidence matches this tag (policy tags only)	2026-10-04T07:52:48.2736430Z Verified OK
release	cheaper check -- the signed release-gate evidence matches this tag (policy tags only)	2026-10-04T07:52:48.2956808Z ok  policy/v7.0.0: cosign signature identity-pinned, evidence outcome passed, declared matches the tag
release	publish GitHub Release recording the resolved SHA	﻿2026-10-04T07:52:48.3064505Z ##[group]Run set -euo pipefail
release	publish GitHub Release recording the resolved SHA	2026-10-04T07:52:48.3064894Z ^[[36;1mset -euo pipefail^[[0m
release	publish GitHub Release recording the resolved SHA	2026-10-04T07:52:48.3065228Z ^[[36;1mresolved=$(git rev-parse "${TAG}^{commit}")^[[0m
release	publish GitHub Release recording the resolved SHA	2026-10-04T07:52:48.3065702Z ^[[36;1m# The annotated tag's own message is the "what changed and why" a^[[0m
release	publish GitHub Release recording the resolved SHA	2026-10-04T07:52:48.3066263Z ^[[36;1m# release cutter wrote by hand (cut-release.yml's `message` input)^[[0m
release	publish GitHub Release recording the resolved SHA	2026-10-04T07:52:48.3066809Z ^[[36;1m# -- carry it into the release notes; gitsign appends a signed^[[0m
release	publish GitHub Release recording the resolved SHA	2026-10-04T07:52:48.3067317Z ^[[36;1m# message block to the tag's own message (the signature itself)^[[0m
release	publish GitHub Release recording the resolved SHA	2026-10-04T07:52:48.3067823Z ^[[36;1m# -- strip it so the release body carries the narrative only.^[[0m
release	publish GitHub Release recording the resolved SHA	2026-10-04T07:52:48.3068607Z ^[[36;1m{^[[0m
release	publish GitHub Release recording the resolved SHA	2026-10-04T07:52:48.3069040Z ^[[36;1m  git tag -l --format='%(contents)' "${TAG}" | sed '/^-----BEGIN SIGNED MESSAGE-----$/,$d'^[[0m
release	publish GitHub Release recording the resolved SHA	2026-10-04T07:52:48.3069483Z ^[[36;1m  echo "---"^[[0m
release	publish GitHub Release recording the resolved SHA	2026-10-04T07:52:48.3070073Z ^[[36;1m  echo "Verified gitsign signature (identity regexp: ${EXPECTED_IDENTITY_REGEXP}, issuer: ${EXPECTED_ISSUER}). Resolved commit: ${resolved}."^[[0m
release	publish GitHub Release recording the resolved SHA	2026-10-04T07:52:48.3070802Z ^[[36;1m} > release-notes.md^[[0m
release	publish GitHub Release recording the resolved SHA	2026-10-04T07:52:48.3071061Z ^[[36;1mgh release create "${TAG}" \^[[0m
release	publish GitHub Release recording the resolved SHA	2026-10-04T07:52:48.3071328Z ^[[36;1m  --title "${TAG}" \^[[0m
release	publish GitHub Release recording the resolved SHA	2026-10-04T07:52:48.3071589Z ^[[36;1m  --notes-file release-notes.md^[[0m
release	publish GitHub Release recording the resolved SHA	2026-10-04T07:52:48.3135913Z shell: /usr/bin/bash -e {0}
release	publish GitHub Release recording the resolved SHA	2026-10-04T07:52:48.3136208Z env:
release	publish GitHub Release recording the resolved SHA	2026-10-04T07:52:48.3136437Z   TAG: policy/v7.0.0
release	publish GitHub Release recording the resolved SHA	2026-10-04T07:52:48.3136690Z   GITSIGN_VERSION: 0.17.1
release	publish GitHub Release recording the resolved SHA	2026-10-04T07:52:48.3137119Z   GITSIGN_SHA256: 69213a8a0813a151e5a47d0060862952ff833a845d57309dff76f7ba6600abae
release	publish GitHub Release recording the resolved SHA	2026-10-04T07:52:48.3137589Z   COSIGN_VERSION: 2.4.1
release	publish GitHub Release recording the resolved SHA	2026-10-04T07:52:48.3138304Z   COSIGN_SHA256: 8b24b946dd5809c6bd93de08033bcf6bc0ed7d336b7785787c080f574b89249b
release	publish GitHub Release recording the resolved SHA	2026-10-04T07:52:48.3138821Z   KYVERNO_VERSION: 1.18.2
release	publish GitHub Release recording the resolved SHA	2026-10-04T07:52:48.3139248Z   KYVERNO_SHA256: cb2feb8356149fd2fe774c894ccf0969f4a60a83867dd913af724f74ffbbc18b
release	publish GitHub Release recording the resolved SHA	2026-10-04T07:52:48.3140254Z   EXPECTED_IDENTITY_REGEXP: ^https://github\.com/policy-as-versioned-platform/platform/\.github/workflows/cut-release\.yml@refs/heads/(main|release/[0-9]+\.[0-9]+\.x)$
release	publish GitHub Release recording the resolved SHA	2026-10-04T07:52:48.3141203Z   EXPECTED_ISSUER: https://token.actions.githubusercontent.com
release	publish GitHub Release recording the resolved SHA	2026-10-04T07:52:48.3144513Z   GH_TOKEN: ***
release	publish GitHub Release recording the resolved SHA	2026-10-04T07:52:48.3145071Z ##[endgroup]
release	publish GitHub Release recording the resolved SHA	2026-10-04T07:52:51.4813689Z https://github.com/policy-as-versioned-platform/platform/releases/tag/policy/v7.0.0
release	Post Run actions/checkout@v4	﻿2026-10-04T07:52:51.5005707Z Post job cleanup.
release	Post Run actions/checkout@v4	2026-10-04T07:52:51.5889726Z [command]/usr/bin/git version
release	Post Run actions/checkout@v4	2026-10-04T07:52:51.5939616Z git version 2.55.0
release	Post Run actions/checkout@v4	2026-10-04T07:52:51.5989415Z Temporarily overriding HOME='/home/runner/work/_temp/5aaeabd1-3071-41ee-a860-59b2f2048cbc' before making global git config changes
release	Post Run actions/checkout@v4	2026-10-04T07:52:51.5990885Z Adding repository directory to the temporary git global config as a safe directory
release	Post Run actions/checkout@v4	2026-10-04T07:52:51.5996724Z [command]/usr/bin/git config --global --add safe.directory /home/runner/work/platform/platform
release	Post Run actions/checkout@v4	2026-10-04T07:52:51.6046272Z [command]/usr/bin/git config --local --name-only --get-regexp core\.sshCommand
release	Post Run actions/checkout@v4	2026-10-04T07:52:51.6088529Z [command]/usr/bin/git submodule foreach --recursive sh -c "git config --local --name-only --get-regexp 'core\.sshCommand' && git config --local --unset-all 'core.sshCommand' || :"
release	Post Run actions/checkout@v4	2026-10-04T07:52:51.6380985Z [command]/usr/bin/git config --local --name-only --get-regexp http\.https\:\/\/github\.com\/\.extraheader
release	Post Run actions/checkout@v4	2026-10-04T07:52:51.6414888Z http.https://github.com/.extraheader
release	Post Run actions/checkout@v4	2026-10-04T07:52:51.6429059Z [command]/usr/bin/git config --local --unset-all http.https://github.com/.extraheader
release	Post Run actions/checkout@v4	2026-10-04T07:52:51.6471895Z [command]/usr/bin/git submodule foreach --recursive sh -c "git config --local --name-only --get-regexp 'http\.https\:\/\/github\.com\/\.extraheader' && git config --local --unset-all 'http.https://github.com/.extraheader' || :"
release	Post Run actions/checkout@v4	2026-10-04T07:52:51.6758074Z [command]/usr/bin/git config --local --name-only --get-regexp ^includeIf\.gitdir:
release	Post Run actions/checkout@v4	2026-10-04T07:52:51.6806536Z [command]/usr/bin/git submodule foreach --recursive git config --local --show-origin --name-only --get-regexp remote.origin.url
release	Complete job	﻿2026-10-04T07:52:51.7231179Z Cleaning up orphan processes
release	Complete job	2026-10-04T07:52:51.7658971Z ##[warning]Node.js 20 is deprecated. The following actions target Node.js 20 but are being forced to run on Node.js 24: actions/checkout@v4. For more information see: https://github.blog/changelog/2025-09-19-deprecation-of-node-20-on-github-actions-runners/
