OK compose(): the real driftwood composes against its real pinned parents; platform's two formerly-dangling claims are fixed, zero refusals
OK document: carries outcome, parents[], members[], refusals[], restatements[], cages[], holes[], ungoverned[], prices[], deltas[], limits[]
OK prices[]: computed on the real driftwood's very first composition too, with no prior signed artefact to compare a bump against -- old and new both price at this run's own pin, an honest 'no move'
OK prices[]: every entry names its perspective, currency, source and kind, and restates its own amount per customer against driftwood's OWN signed size (240000 customers)
OK agent-cage: a real-declaration fixture pinned to threat-register@v2 carries ONE twin-agent cage line, unpriced by name: v2 publishes no `scheduled-agent-misuses-write-credential` row -- proposing no rung
OK agent-cage: with the register pin moved to a major 4 carrying the row, driftwood's twin-agent cage prices at 0.0000 GBP a year (gap 0.00 over 1.0 day(s), frequency [8.4186e-05, 8.4186e-05, 0.00029465]), restricted and quarantine carry baseline's residual, isolated 0; driftwood's own selection policy 1.1.0 picks 'baseline'; the Namespace fold gives 'isolated' with the line and without it
OK agent-cage: the reach is read off the served tree -- a sweep without contents: write leaves the token paths could-not-look and the pick falls closed to 'isolated'; a pull-request gate without the recompose step, with its drift test commented out, or with the exit after it turned to zero, leaves the proposal path could-not-look and the pick falls to 'quarantine'
OK prices[]: the insurer's signed quote books as one `premium` cost line under driftwood's own perspective (113403.30 GBP), and the insurer's layer arithmetic stays under its own
OK prices[]: a quote insuring another party, or booking its premium on another party's sheet, refuses as a missing instrument and prices nothing
OK exposure: driftwood's composed artefact signs its total priced exposure (None GBP; None means an unpriced line), its appetite as the attachment and the 4 breakdown by regime name and control id; the premium it buys is a cost and is not counted in it
OK (N3) a total that excludes an untiered line gives NO VERDICT against the aggregate: 10,000.00 tiered + 50,000,000.00 untiered against a 40,000.00 band returns 7000.00 with breaches_band=None and a could-not-look naming `huge`, not the False it used to return
OK (F3) an appetite declared in USD against a GBP exposure is CONVERTED through the signed FX feed (40,000.00 USD = 29924.44 GBP at 2026-08-15, breaches_band=True), and with no rate for the date there is no verdict at all: breaches_band=None and a named could-not-look, never a comparison of two currencies. (F8) a book whose every line is untiered still returns a section, naming all 3 of them.
OK (e) driftwood's exposure.total of None GBP says what it is ('an ordinal, auditable comparison under one perspective; not an expected annual loss'), and the aggregate of its 3 selected-tier residuals is 49965.36 GBP against a tolerance of 40000.00 GBP: breaches_band=None (not tiered, so not in the total: cve)
OK pin signature: the real driftwood's quote pin resolves to the insurer's signed tag v1.0.0 on the checkout, and carries no hole
OK pin signature: only a checkout that can show the publisher's tag namespace may say `untagged` -- no tag at all, a lightweight tag and a flattened annotated tag all read `unobserved`; an annotated tag with no signature block is untagged
OK untagged pin: a quote pinned at a version no tag on the insurer's checkout signs composes (no refusal) with a hole of its own premium (113403.30 GBP) under driftwood's perspective, printed as a new-untagged-pin delta
OK untagged pin: identical composition preserves the opening delta for replay
OK unobserved pin: a parent tree with no git metadata, and a checkout carrying no tag at all, both read `unobserved` -- they keep a recorded hole and open none, a could-not-look and never a signature
OK unobserved pin: a real signed tag flattened onto its commit by a second fetch reads `unobserved` and books NO hole -- a fabricated hole is worse than a missed one, and the fetch is the workflow's to fix (ticket 69)
OK closed pin: composing against the insurer's real signed tag closes the hole, prints one closed-untagged-pin delta, and the next composition retains the closure transition so its handbook replays
OK untagged pin: every object the engine applies is byte-identical across untagged, recorded and unobserved -- signature state lives in the evidence, never the enforced render -- and the handbook, which nothing applies, names the hole as untagged-pin `insurer/quote-driftwood@v2` with its premium while open and explicitly records its closure
OK prices[]: the one summing helper refuses a list that crosses a perspective or a currency -- no number in this estate is a lie by addition
OK prices[]: driftwood's own forward-intel feed prices as one source:twin entry -- perspective driftwood, GBP, tail bounded-pert, curve sha256:b324e, policy version 1.1.0, rests on grade 3 (as the served payload states it, or null where the payload predates the field)
OK prices[]: an adopter with no forward-intel feed simply has no twin entry -- a missing twin feed is never a refusal (ticket 25)
OK prices[]: an ico pin at v3 carries the published control weights as a per-hole breakdown -- 4 holes, weights sum to 1.0, and the entry amount IS the sum of the hole amounts (a hole partitions the regime, it never adds to it)
OK prices[]: implementing the weighted control pl-2 takes its 536153.12 line off the regime entry, 1787177.08 -> 1251023.95; the partition still sums to 1787177.08 (eco-system ticket 121)
OK prices[]: an adopter with no signed appetite refuses as a missing instrument (ADR-0020), naming the artefact that declares none -- and prices nothing
OK prices[]: driftwood's own overlay.floor clamps the selection UP -- the threat-register price that picks baseline unclamped is held at the declared quarantine floor, tighten-only (ADR-0022)
OK limits[]: the two-publisher-conflict limit prints open at driftwood's one pinned implementations publisher
OK parents[]: all 6 declared parent kinds resolve to a non-empty SHA
OK load_implementations: cage-tier and cage-netpol, one family, one version, both survive (ADR-0016's fix for the prototype's (family, version) key)
OK load_implementations: a dedicated fixture, two members of one family at one version, both keys present
OK render_is_faithful: every member of every live version (26 total) renders back byte-identical after the header is stripped
OK render_member: no validationActions field written onto cage-tier (Mutating) or cage-netpol (Generating)
OK guards: orphan guard and governed-namespace-requires-claim both compose under the platform tag (no policy-version), rendering back to their offline twins' output
OK HEADER.yaml/holes[]: the real estate's current composition records 284 holes, all recorded (none new, none refused), ac-6.10 found by walking nested controls, and ac-6/cm-6/ac-4 are covered by the shipped claims
OK ungoverned[]: real driftwood's own namespace already carries governed: "true", so composition records zero ungoverned namespaces
OK verify(): a freshly composed and committed tree re-renders clean
OK verify(): a tampered committed file is caught as a byte-for-byte mismatch
{
  "outcome": "composed",
  "party_artefact_errors": [],
  "parents": [
    {
      "party": "fixture-nist",
      "kind": "controls",
      "version": "1.0.0",
      "sha": "866bae8a84eb90a78eff1ff6945167e3de27317950a428f8c7bea6bdc3cc35d5"
    },
    {
      "party": "fixture-platform",
      "kind": "implementations",
      "version": "1.0.0",
      "sha": "a16a9269bcaa4423f9f7ee975d801d1e32eb22f446d8fc3abddce46e0864b8ec"
    }
  ],
  "members": [
    {
      "family": "fam-a",
      "name": "member-a",
      "kind": "ValidatingPolicy",
      "version": "1.0.0",
      "source_party": "fixture-platform",
      "source_sha": "a16a9269bcaa4423f9f7ee975d801d1e32eb22f446d8fc3abddce46e0864b8ec",
      "action": "Audit"
    },
    {
      "family": "platform-machinery",
      "name": "policy-version-orphan-guard",
      "kind": "ValidatingPolicy",
      "version": null,
      "source_party": "fixture-platform",
      "source_sha": "a16a9269bcaa4423f9f7ee975d801d1e32eb22f446d8fc3abddce46e0864b8ec",
      "action": null
    },
    {
      "family": "platform-machinery",
      "name": "governed-namespace-requires-claim",
      "kind": "MutatingPolicy",
      "version": null,
      "source_party": "fixture-platform",
      "source_sha": "a16a9269bcaa4423f9f7ee975d801d1e32eb22f446d8fc3abddce46e0864b8ec",
      "action": null
    },
    {
      "family": "platform-machinery",
      "name": "policy-version-orphan-cage",
      "kind": "MutatingPolicy",
      "version": null,
      "source_party": "fixture-platform",
      "source_sha": "a16a9269bcaa4423f9f7ee975d801d1e32eb22f446d8fc3abddce46e0864b8ec",
      "action": null
    },
    {
      "family": "platform-machinery",
      "name": "policy-version-orphan-cage-holds",
      "kind": "MutatingPolicy",
      "version": null,
      "source_party": "fixture-platform",
      "source_sha": "a16a9269bcaa4423f9f7ee975d801d1e32eb22f446d8fc3abddce46e0864b8ec",
      "action": null
    },
    {
      "family": "platform-machinery",
      "name": "governed-namespace-cage-holds",
      "kind": "MutatingPolicy",
      "version": null,
      "source_party": "fixture-platform",
      "source_sha": "a16a9269bcaa4423f9f7ee975d801d1e32eb22f446d8fc3abddce46e0864b8ec",
      "action": null
    },
    {
      "family": "platform-machinery",
      "name": "governed-namespace-unclaimed-report",
      "kind": "ValidatingPolicy",
      "version": null,
      "source_party": "fixture-platform",
      "source_sha": "a16a9269bcaa4423f9f7ee975d801d1e32eb22f446d8fc3abddce46e0864b8ec",
      "action": null
    },
    {
      "family": "platform-machinery",
      "name": "cage-netpol-bottom-rung",
      "kind": "GeneratingPolicy",
      "version": null,
      "source_party": "fixture-platform",
      "source_sha": "a16a9269bcaa4423f9f7ee975d801d1e32eb22f446d8fc3abddce46e0864b8ec",
      "action": null
    },
    {
      "family": "platform-machinery",
      "name": "cage-isolated",
      "kind": "PriorityClass",
      "version": null,
      "source_party": "fixture-platform",
      "source_sha": "a16a9269bcaa4423f9f7ee975d801d1e32eb22f446d8fc3abddce46e0864b8ec",
      "action": null
    }
  ],
  "refusals": [],
  "restatements": [],
  "cages": [],
  "holes": [
    {
      "source": "fixture-nist",
      "control_id": "aa-1.1",
      "status": "recorded",
      "perspective": "fixture-adopter14",
      "currency": "GBP",
      "amount": null,
      "priced_by": null
    },
    {
      "source": "fixture-nist",
      "control_id": "aa-2",
      "status": "recorded",
      "perspective": "fixture-adopter14",
      "currency": "GBP",
      "amount": null,
      "priced_by": null
    }
  ],
  "ungoverned": [],
  "prices": [
    {
      "source": "platform",
      "kind": "agent-cage",
      "perspective": "fixture-adopter14",
      "currency": "GBP",
      "amount": null,
      "per_customer": null,
      "could_not_look": "missing instrument: fixture-adopter14 composes no `source: twin` line, so there is no residual at the loosest and at the selected pod rung to take the loss magnitude from (ticket 30 decision 12; the line arrives with eco-system ticket 144)",
      "proposed_tier": null,
      "old_tier": null,
      "changed": false,
      "old_amount": null,
      "subject": "twin-agent",
      "name": "twin-agent",
      "residual_basis": "platform-twin-agent-table@1.0.0",
      "proposed_as": "evidence",
      "cost": {
        "amount": 0.0,
        "currency": "GBP",
        "basis": "0 in cash at every rung: Actions minutes are free on a public repository and the local clock runs on the owner's own subscription (ticket 30 decision 15); booked in tcor, never read by the selection"
      },
      "window": {
        "days": 1.0,
        "source": "the hub's .github/workflows/truth.yml `schedule: cron: '47 5 * * *'` (once a day), read 2026-09-26 at policy-as-versioned-flux/policy-as-versioned-flux origin/main 9c3b1f22",
        "detects": "a push to main or a merge made by a scheduled identity (verify/schedules/lane.py, eco-system ticket 142a) and a served declaration looser than the strictest priced line (verify/tier-binding)",
        "assumes": [
          "the truth run fires once a day as scheduled; the delay GitHub adds to a cron run (measured at up to ~5h on the estate's first firings) is not in the figure",
          "the loss runs until detection, not until repair: a red gate is acted on the day it is read",
          "one day is the schedule's whole interval, the upper bound on the wait for the next run; the mean wait is half of it"
        ]
      }
    }
  ],
  "deltas": [],
  "floor_change": {
    "schema": 1,
    "before": {
      "known": false
    },
    "after": {
      "known": true,
      "value": null
    },
    "changed": null,
    "basis": "floor-only counterfactual at current publisher, scenario, appetite and selection inputs",
    "residual_basis": "platform-cage-tiers@1.0.0",
    "lines": [],
    "could_not_look": "previous floor was not recorded; absence of history is not an absent floor",
    "limit": "selection evidence, not an enacted Namespace tier; platform reductions are self-declared calibration, not measured effectiveness"
  },
  "limits": [
    {
      "name": "two-publisher-conflict",
      "detail": "the cross-party rule-conflict path above is only exercised in the real estate once a second implementations publisher is pinned",
      "count": 1,
      "status": "open"
    },
    {
      "name": "pinned-parent-lacks-rendered-versions",
      "detail": "the composed set renders policy versions the pinned parent commit does not contain; the header names a parent release that holds none of these trees. every rendered version is present at the pinned commit",
      "count": 0,
      "checked": 0,
      "status": "closed"
    },
    {
      "name": "publisher-clone-absent",
      "detail": "every priced feed was read from its publisher's own pinned tree",
      "count": 0,
      "checked": 0,
      "status": "closed"
    }
  ],
  "vendored": [],
  "engine": {
    "declared": {
      "engine": "kyverno",
      "version": "1.18.2",
      "file": "gitops/engine/kyverno.yaml"
    },
    "file": "gitops/engine/kyverno.yaml",
    "pairings": [
      {
        "subject": "fixture-platform policy 1.0.0",
        "party": "fixture-platform",
        "line": "1.0.0",
        "tree": "fixture-platform@1.0.0",
        "read_from": "distribution/versions.yaml",
        "tested_engines": [
          "1.18.2"
        ],
        "status": "supported",
        "reason": null,
        "bodies": [
          "member-a"
        ],
        "controls": [
          "aa-1"
        ]
      },
      {
        "subject": "fixture-platform machinery",
        "party": "fixture-platform",
        "line": "machinery",
        "tree": "fixture-platform@1.0.0",
        "read_from": "distribution/machinery.yaml",
        "tested_engines": [
          "1.18.2"
        ],
        "status": "supported",
        "reason": null,
        "bodies": [
          "cage-netpol-bottom-rung",
          "governed-namespace-cage-holds",
          "governed-namespace-requires-claim",
          "governed-namespace-unclaimed-report",
          "policy-version-orphan-cage",
          "policy-version-orphan-cage-holds",
          "policy-version-orphan-guard"
        ],
        "controls": []
      }
    ]
  }
}
OK cmd_compose: writes the rendered files and the evidence document, exits 0 on success
{
  "outcome": "composed",
  "party_artefact_errors": [],
  "parents": [
    {
      "party": "platform",
      "kind": "implementations",
      "version": "5.0.0",
      "sha": "703eff6aee959843c4160aa54fd03413f62858cc"
    },
    {
      "party": "nist",
      "kind": "controls",
      "version": "1.1.0",
      "sha": "33a05df1f5241bca6ffbc1c69a70075cdb7a5819"
    },
    {
      "party": "ico",
      "kind": "feed",
      "name": "penalty-schema",
      "version": "v3",
      "sha": "e1fb8eb5663e50088b13d872a4e44112476f516e"
    },
    {
      "party": "feeds",
      "kind": "feed",
      "name": "threat-register",
      "version": "v4",
      "sha": "37dfe4a2de50f1a1fd7aeb6348d819373188e0e6"
    },
    {
      "party": "feeds",
      "kind": "feed",
      "name": "cve",
      "version": "v3",
      "sha": "37dfe4a2de50f1a1fd7aeb6348d819373188e0e6"
    },
    {
      "party": "insurer",
      "kind": "feed",
      "name": "quote-driftwood",
      "version": "v1",
      "sha": "db767055119292e400edd63ed260785ce605eb4e"
    }
  ],
  "members": [
    {
      "family": "graded-enforcement",
      "name": "cage-baseline",
      "kind": "PriorityClass",
      "version": "5.0.0",
      "source_party": "platform",
      "source_sha": "703eff6aee959843c4160aa54fd03413f62858cc",
      "action": null
    },
    {
      "family": "graded-enforcement",
      "name": "cage-isolated",
      "kind": "PriorityClass",
      "version": "5.0.0",
      "source_party": "platform",
      "source_sha": "703eff6aee959843c4160aa54fd03413f62858cc",
      "action": null
    },
    {
      "family": "graded-enforcement",
      "name": "cage-netpol",
      "kind": "GeneratingPolicy",
      "version": "5.0.0",
      "source_party": "platform",
      "source_sha": "703eff6aee959843c4160aa54fd03413f62858cc",
      "action": null
    },
    {
      "family": "graded-enforcement",
      "name": "cage-quarantine",
      "kind": "PriorityClass",
      "version": "5.0.0",
      "source_party": "platform",
      "source_sha": "703eff6aee959843c4160aa54fd03413f62858cc",
      "action": null
    },
    {
      "family": "graded-enforcement",
      "name": "cage-restricted",
      "kind": "PriorityClass",
      "version": "5.0.0",
      "source_party": "platform",
      "source_sha": "703eff6aee959843c4160aa54fd03413f62858cc",
      "action": null
    },
    {
      "family": "graded-enforcement",
      "name": "cage-tier",
      "kind": "MutatingPolicy",
      "version": "5.0.0",
      "source_party": "platform",
      "source_sha": "703eff6aee959843c4160aa54fd03413f62858cc",
      "action": null
    },
    {
      "family": "posture",
      "name": "posture-trust-boundary",
      "kind": "ValidatingPolicy",
      "version": "5.0.0",
      "source_party": "platform",
      "source_sha": "703eff6aee959843c4160aa54fd03413f62858cc",
      "action": "Deny"
    },
    {
      "family": "posture",
      "name": "stamp-posture",
      "kind": "MutatingPolicy",
      "version": "5.0.0",
      "source_party": "platform",
      "source_sha": "703eff6aee959843c4160aa54fd03413f62858cc",
      "action": null
    },
    {
      "family": "require-nonroot",
      "name": "require-nonroot",
      "kind": "ValidatingPolicy",
      "version": "5.0.0",
      "source_party": "platform",
      "source_sha": "703eff6aee959843c4160aa54fd03413f62858cc",
      "action": "Audit"
    },
    {
      "family": "graded-enforcement",
      "name": "cage-baseline",
      "kind": "PriorityClass",
      "version": "6.0.0",
      "source_party": "platform",
      "source_sha": "703eff6aee959843c4160aa54fd03413f62858cc",
      "action": null
    },
    {
      "family": "graded-enforcement",
      "name": "cage-isolated",
      "kind": "PriorityClass",
      "version": "6.0.0",
      "source_party": "platform",
      "source_sha": "703eff6aee959843c4160aa54fd03413f62858cc",
      "action": null
    },
    {
      "family": "graded-enforcement",
      "name": "cage-netpol",
      "kind": "GeneratingPolicy",
      "version": "6.0.0",
      "source_party": "platform",
      "source_sha": "703eff6aee959843c4160aa54fd03413f62858cc",
      "action": null
    },
    {
      "family": "graded-enforcement",
      "name": "cage-quarantine",
      "kind": "PriorityClass",
      "version": "6.0.0",
      "source_party": "platform",
      "source_sha": "703eff6aee959843c4160aa54fd03413f62858cc",
      "action": null
    },
    {
      "family": "graded-enforcement",
      "name": "cage-restricted",
      "kind": "PriorityClass",
      "version": "6.0.0",
      "source_party": "platform",
      "source_sha": "703eff6aee959843c4160aa54fd03413f62858cc",
      "action": null
    },
    {
      "family": "graded-enforcement",
      "name": "cage-tier",
      "kind": "MutatingPolicy",
      "version": "6.0.0",
      "source_party": "platform",
      "source_sha": "703eff6aee959843c4160aa54fd03413f62858cc",
      "action": null
    },
    {
      "family": "posture",
      "name": "posture-trust-boundary",
      "kind": "ValidatingPolicy",
      "version": "6.0.0",
      "source_party": "platform",
      "source_sha": "703eff6aee959843c4160aa54fd03413f62858cc",
      "action": "Deny"
    },
    {
      "family": "posture",
      "name": "stamp-posture",
      "kind": "MutatingPolicy",
      "version": "6.0.0",
      "source_party": "platform",
      "source_sha": "703eff6aee959843c4160aa54fd03413f62858cc",
      "action": null
    },
    {
      "family": "require-nonroot",
      "name": "require-nonroot",
      "kind": "ValidatingPolicy",
      "version": "6.0.0",
      "source_party": "platform",
      "source_sha": "703eff6aee959843c4160aa54fd03413f62858cc",
      "action": "Audit"
    },
    {
      "family": "graded-enforcement",
      "name": "cage-baseline",
      "kind": "PriorityClass",
      "version": "7.0.0",
      "source_party": "platform",
      "source_sha": "703eff6aee959843c4160aa54fd03413f62858cc",
      "action": null
    },
    {
      "family": "graded-enforcement",
      "name": "cage-isolated",
      "kind": "PriorityClass",
      "version": "7.0.0",
      "source_party": "platform",
      "source_sha": "703eff6aee959843c4160aa54fd03413f62858cc",
      "action": null
    },
    {
      "family": "graded-enforcement",
      "name": "cage-netpol",
      "kind": "GeneratingPolicy",
      "version": "7.0.0",
      "source_party": "platform",
      "source_sha": "703eff6aee959843c4160aa54fd03413f62858cc",
      "action": null
    },
    {
      "family": "graded-enforcement",
      "name": "cage-quarantine",
      "kind": "PriorityClass",
      "version": "7.0.0",
      "source_party": "platform",
      "source_sha": "703eff6aee959843c4160aa54fd03413f62858cc",
      "action": null
    },
    {
      "family": "graded-enforcement",
      "name": "cage-restricted",
      "kind": "PriorityClass",
      "version": "7.0.0",
      "source_party": "platform",
      "source_sha": "703eff6aee959843c4160aa54fd03413f62858cc",
      "action": null
    },
    {
      "family": "graded-enforcement",
      "name": "cage-tier",
      "kind": "MutatingPolicy",
      "version": "7.0.0",
      "source_party": "platform",
      "source_sha": "703eff6aee959843c4160aa54fd03413f62858cc",
      "action": null
    },
    {
      "family": "posture",
      "name": "stamp-posture",
      "kind": "MutatingPolicy",
      "version": "7.0.0",
      "source_party": "platform",
      "source_sha": "703eff6aee959843c4160aa54fd03413f62858cc",
      "action": null
    },
    {
      "family": "require-nonroot",
      "name": "require-nonroot",
      "kind": "ValidatingPolicy",
      "version": "7.0.0",
      "source_party": "platform",
      "source_sha": "703eff6aee959843c4160aa54fd03413f62858cc",
      "action": "Audit"
    },
    {
      "family": "platform-machinery",
      "name": "policy-version-orphan-guard",
      "kind": "ValidatingPolicy",
      "version": null,
      "source_party": "platform",
      "source_sha": "703eff6aee959843c4160aa54fd03413f62858cc",
      "action": null
    },
    {
      "family": "platform-machinery",
      "name": "governed-namespace-requires-claim",
      "kind": "MutatingPolicy",
      "version": null,
      "source_party": "platform",
      "source_sha": "703eff6aee959843c4160aa54fd03413f62858cc",
      "action": null
    },
    {
      "family": "platform-machinery",
      "name": "policy-version-orphan-cage",
      "kind": "MutatingPolicy",
      "version": null,
      "source_party": "platform",
      "source_sha": "703eff6aee959843c4160aa54fd03413f62858cc",
      "action": null
    },
    {
      "family": "platform-machinery",
      "name": "policy-version-orphan-cage-holds",
      "kind": "MutatingPolicy",
      "version": null,
      "source_party": "platform",
      "source_sha": "703eff6aee959843c4160aa54fd03413f62858cc",
      "action": null
    },
    {
      "family": "platform-machinery",
      "name": "governed-namespace-cage-holds",
      "kind": "MutatingPolicy",
      "version": null,
      "source_party": "platform",
      "source_sha": "703eff6aee959843c4160aa54fd03413f62858cc",
      "action": null
    },
    {
      "family": "platform-machinery",
      "name": "governed-namespace-unclaimed-report",
      "kind": "ValidatingPolicy",
      "version": null,
      "source_party": "platform",
      "source_sha": "703eff6aee959843c4160aa54fd03413f62858cc",
      "action": null
    },
    {
      "family": "platform-machinery",
      "name": "cage-netpol-bottom-rung",
      "kind": "GeneratingPolicy",
      "version": null,
      "source_party": "platform",
      "source_sha": "703eff6aee959843c4160aa54fd03413f62858cc",
      "action": null
    },
    {
      "family": "platform-machinery",
      "name": "cage-isolated",
      "kind": "PriorityClass",
      "version": null,
      "source_party": "platform",
      "source_sha": "703eff6aee959843c4160aa54fd03413f62858cc",
      "action": null
    }
  ],
  "refusals": [],
  "restatements": [],
  "cages": [],
  "holes": [
    {
      "source": "nist",
      "control_id": "ac-1",
      "status": "recorded",
      "perspective": "driftwood",
      "currency": "GBP",
      "amount": null,
      "priced_by": null
    },
    {
      "source": "nist",
      "control_id": "ac-11",
      "status": "recorded",
      "perspective": "driftwood",
      "currency": "GBP",
      "amount": null,
      "priced_by": null
    },
    {
      "source": "nist",
      "control_id": "ac-11.1",
      "status": "recorded",
      "perspective": "driftwood",
      "currency": "GBP",
      "amount": null,
      "priced_by": null
    },
    {
      "source": "nist",
      "control_id": "ac-12",
      "status": "recorded",
      "perspective": "driftwood",
      "currency": "GBP",
      "amount": null,
      "priced_by": null
    },
    {
      "source": "nist",
      "control_id": "ac-14",
      "status": "recorded",
      "perspective": "driftwood",
      "currency": "GBP",
      "amount": null,
      "priced_by": null
    },
    {
      "source": "nist",
      "control_id": "ac-17",
      "status": "recorded",
      "perspective": "driftwood",
      "currency": "GBP",
      "amount": null,
      "priced_by": null
    },
    {
      "source": "nist",
      "control_id": "ac-17.1",
      "status": "recorded",
      "perspective": "driftwood",
      "currency": "GBP",
      "amount": null,
      "priced_by": null
    },
    {
      "source": "nist",
      "control_id": "ac-17.2",
      "status": "recorded",
      "perspective": "driftwood",
      "currency": "GBP",
      "amount": null,
      "priced_by": null
    },
    {
      "source": "nist",
      "control_id": "ac-17.3",
      "status": "recorded",
      "perspective": "driftwood",
      "currency": "GBP",
      "amount": null,
      "priced_by": null
    },
    {
      "source": "nist",
      "control_id": "ac-17.4",
      "status": "recorded",
      "perspective": "driftwood",
      "currency": "GBP",
      "amount": null,
      "priced_by": null
    },
    {
      "source": "nist",
      "control_id": "ac-18",
      "status": "recorded",
      "perspective": "driftwood",
      "currency": "GBP",
      "amount": null,
      "priced_by": null
    },
    {
      "source": "nist",
      "control_id": "ac-18.1",
      "status": "recorded",
      "perspective": "driftwood",
      "currency": "GBP",
      "amount": null,
      "priced_by": null
    },
    {
      "source": "nist",
      "control_id": "ac-18.3",
      "status": "recorded",
      "perspective": "driftwood",
      "currency": "GBP",
      "amount": null,
      "priced_by": null
    },
    {
      "source": "nist",
      "control_id": "ac-19",
      "status": "recorded",
      "perspective": "driftwood",
      "currency": "GBP",
      "amount": null,
      "priced_by": null
    },
    {
      "source": "nist",
      "control_id": "ac-19.5",
      "status": "recorded",
      "perspective": "driftwood",
      "currency": "GBP",
      "amount": null,
      "priced_by": null
    },
    {
      "source": "nist",
      "control_id": "ac-2",
      "status": "recorded",
      "perspective": "driftwood",
      "currency": "GBP",
      "amount": null,
      "priced_by": null
    },
    {
      "source": "nist",
      "control_id": "ac-2.1",
      "status": "recorded",
      "perspective": "driftwood",
      "currency": "GBP",
      "amount": null,
      "priced_by": null
    },
    {
      "source": "nist",
      "control_id": "ac-2.13",
      "status": "recorded",
      "perspective": "driftwood",
      "currency": "GBP",
      "amount": null,
      "priced_by": null
    },
    {
      "source": "nist",
      "control_id": "ac-2.2",
      "status": "recorded",
      "perspective": "driftwood",
      "currency": "GBP",
      "amount": null,
      "priced_by": null
    },
    {
      "source": "nist",
      "control_id": "ac-2.3",
      "status": "recorded",
      "perspective": "driftwood",
      "currency": "GBP",
      "amount": null,
      "priced_by": null
    },
    {
      "source": "nist",
      "control_id": "ac-2.4",
      "status": "recorded",
      "perspective": "driftwood",
      "currency": "GBP",
      "amount": null,
      "priced_by": null
    },
    {
      "source": "nist",
      "control_id": "ac-2.5",
      "status": "recorded",
      "perspective": "driftwood",
      "currency": "GBP",
      "amount": null,
      "priced_by": null
    },
    {
      "source": "nist",
      "control_id": "ac-20",
      "status": "recorded",
      "perspective": "driftwood",
      "currency": "GBP",
      "amount": null,
      "priced_by": null
    },
    {
      "source": "nist",
      "control_id": "ac-20.1",
      "status": "recorded",
      "perspective": "driftwood",
      "currency": "GBP",
      "amount": null,
      "priced_by": null
    },
    {
      "source": "nist",
      "control_id": "ac-20.2",
      "status": "recorded",
      "perspective": "driftwood",
      "currency": "GBP",
      "amount": null,
      "priced_by": null
    },
    {
      "source": "nist",
      "control_id": "ac-21",
      "status": "recorded",
      "perspective": "driftwood",
      "currency": "GBP",
      "amount": null,
      "priced_by": null
    },
    {
      "source": "nist",
      "control_id": "ac-22",
      "status": "recorded",
      "perspective": "driftwood",
      "currency": "GBP",
      "amount": null,
      "priced_by": null
    },
    {
      "source": "nist",
      "control_id": "ac-3",
      "status": "recorded",
      "perspective": "driftwood",
      "currency": "GBP",
      "amount": null,
      "priced_by": null
    },
    {
      "source": "nist",
      "control_id": "ac-5",
      "status": "recorded",
      "perspective": "driftwood",
      "currency": "GBP",
      "amount": null,
      "priced_by": null
    },
    {
      "source": "nist",
      "control_id": "ac-6.1",
      "status": "recorded",
      "perspective": "driftwood",
      "currency": "GBP",
      "amount": null,
      "priced_by": null
    },
    {
      "source": "nist",
      "control_id": "ac-6.10",
      "status": "recorded",
      "perspective": "driftwood",
      "currency": "GBP",
      "amount": null,
      "priced_by": null
    },
    {
      "source": "nist",
      "control_id": "ac-6.2",
      "status": "recorded",
      "perspective": "driftwood",
      "currency": "GBP",
      "amount": null,
      "priced_by": null
    },
    {
      "source": "nist",
      "control_id": "ac-6.5",
      "status": "recorded",
      "perspective": "driftwood",
      "currency": "GBP",
      "amount": null,
      "priced_by": null
    },
    {
      "source": "nist",
      "control_id": "ac-6.7",
      "status": "recorded",
      "perspective": "driftwood",
      "currency": "GBP",
      "amount": null,
      "priced_by": null
    },
    {
      "source": "nist",
      "control_id": "ac-6.9",
      "status": "recorded",
      "perspective": "driftwood",
      "currency": "GBP",
      "amount": null,
      "priced_by": null
    },
    {
      "source": "nist",
      "control_id": "ac-7",
      "status": "recorded",
      "perspective": "driftwood",
      "currency": "GBP",
      "amount": null,
      "priced_by": null
    },
    {
      "source": "nist",
      "control_id": "ac-8",
      "status": "recorded",
      "perspective": "driftwood",
      "currency": "GBP",
      "amount": null,
      "priced_by": null
    },
    {
      "source": "nist",
      "control_id": "at-1",
      "status": "recorded",
      "perspective": "driftwood",
      "currency": "GBP",
      "amount": null,
      "priced_by": null
    },
    {
      "source": "nist",
      "control_id": "at-2",
      "status": "recorded",
      "perspective": "driftwood",
      "currency": "GBP",
      "amount": null,
      "priced_by": null
    },
    {
      "source": "nist",
      "control_id": "at-2.2",
      "status": "recorded",
      "perspective": "driftwood",
      "currency": "GBP",
      "amount": null,
      "priced_by": null
    },
    {
      "source": "nist",
      "control_id": "at-2.3",
      "status": "recorded",
      "perspective": "driftwood",
      "currency": "GBP",
      "amount": null,
      "priced_by": null
    },
    {
      "source": "nist",
      "control_id": "at-3",
      "status": "recorded",
      "perspective": "driftwood",
      "currency": "GBP",
      "amount": null,
      "priced_by": null
    },
    {
      "source": "nist",
      "control_id": "at-4",
      "status": "recorded",
      "perspective": "driftwood",
      "currency": "GBP",
      "amount": null,
      "priced_by": null
    },
    {
      "source": "nist",
      "control_id": "au-1",
      "status": "recorded",
      "perspective": "driftwood",
      "currency": "GBP",
      "amount": null,
      "priced_by": null
    },
    {
      "source": "nist",
      "control_id": "au-11",
      "status": "recorded",
      "perspective": "driftwood",
      "currency": "GBP",
      "amount": null,
      "priced_by": null
    },
    {
      "source": "nist",
      "control_id": "au-12",
      "status": "recorded",
      "perspective": "driftwood",
      "currency": "GBP",
      "amount": null,
      "priced_by": null
    },
    {
      "source": "nist",
      "control_id": "au-2",
      "status": "recorded",
      "perspective": "driftwood",
      "currency": "GBP",
      "amount": null,
      "priced_by": null
    },
    {
      "source": "nist",
      "control_id": "au-3",
      "status": "recorded",
      "perspective": "driftwood",
      "currency": "GBP",
      "amount": null,
      "priced_by": null
    },
    {
      "source": "nist",
      "control_id": "au-3.1",
      "status": "recorded",
      "perspective": "driftwood",
      "currency": "GBP",
      "amount": null,
      "priced_by": null
    },
    {
      "source": "nist",
      "control_id": "au-4",
      "status": "recorded",
      "perspective": "driftwood",
      "currency": "GBP",
      "amount": null,
      "priced_by": null
    },
    {
      "source": "nist",
      "control_id": "au-5",
      "status": "recorded",
      "perspective": "driftwood",
      "currency": "GBP",
      "amount": null,
      "priced_by": null
    },
    {
      "source": "nist",
      "control_id": "au-6",
      "status": "recorded",
      "perspective": "driftwood",
      "currency": "GBP",
      "amount": null,
      "priced_by": null
    },
    {
      "source": "nist",
      "control_id": "au-6.1",
      "status": "recorded",
      "perspective": "driftwood",
      "currency": "GBP",
      "amount": null,
      "priced_by": null
    },
    {
      "source": "nist",
      "control_id": "au-6.3",
      "status": "recorded",
      "perspective": "driftwood",
      "currency": "GBP",
      "amount": null,
      "priced_by": null
    },
    {
      "source": "nist",
      "control_id": "au-7",
      "status": "recorded",
      "perspective": "driftwood",
      "currency": "GBP",
      "amount": null,
      "priced_by": null
    },
    {
      "source": "nist",
      "control_id": "au-7.1",
      "status": "recorded",
      "perspective": "driftwood",
      "currency": "GBP",
      "amount": null,
      "priced_by": null
    },
    {
      "source": "nist",
      "control_id": "au-8",
      "status": "recorded",
      "perspective": "driftwood",
      "currency": "GBP",
      "amount": null,
      "priced_by": null
    },
    {
      "source": "nist",
      "control_id": "au-9",
      "status": "recorded",
      "perspective": "driftwood",
      "currency": "GBP",
      "amount": null,
      "priced_by": null
    },
    {
      "source": "nist",
      "control_id": "au-9.4",
      "status": "recorded",
      "perspective": "driftwood",
      "currency": "GBP",
      "amount": null,
      "priced_by": null
    },
    {
      "source": "nist",
      "control_id": "ca-1",
      "status": "recorded",
      "perspective": "driftwood",
      "currency": "GBP",
      "amount": null,
      "priced_by": null
    },
    {
      "source": "nist",
      "control_id": "ca-2",
      "status": "recorded",
      "perspective": "driftwood",
      "currency": "GBP",
      "amount": 357435.41503435693,
      "priced_by": "ico penalty-schema@v3 uk-gdpr/lower-tier weight 0.2"
    },
    {
      "source": "nist",
      "control_id": "ca-2.1",
      "status": "recorded",
      "perspective": "driftwood",
      "currency": "GBP",
      "amount": null,
      "priced_by": null
    },
    {
      "source": "nist",
      "control_id": "ca-3",
      "status": "recorded",
      "perspective": "driftwood",
      "currency": "GBP",
      "amount": null,
      "priced_by": null
    },
    {
      "source": "nist",
      "control_id": "ca-5",
      "status": "recorded",
      "perspective": "driftwood",
      "currency": "GBP",
      "amount": null,
      "priced_by": null
    },
    {
      "source": "nist",
      "control_id": "ca-6",
      "status": "recorded",
      "perspective": "driftwood",
      "currency": "GBP",
      "amount": null,
      "priced_by": null
    },
    {
      "source": "nist",
      "control_id": "ca-7",
      "status": "recorded",
      "perspective": "driftwood",
      "currency": "GBP",
      "amount": null,
      "priced_by": null
    },
    {
      "source": "nist",
      "control_id": "ca-7.1",
      "status": "recorded",
      "perspective": "driftwood",
      "currency": "GBP",
      "amount": null,
      "priced_by": null
    },
    {
      "source": "nist",
      "control_id": "ca-7.4",
      "status": "recorded",
      "perspective": "driftwood",
      "currency": "GBP",
      "amount": null,
      "priced_by": null
    },
    {
      "source": "nist",
      "control_id": "ca-9",
      "status": "recorded",
      "perspective": "driftwood",
      "currency": "GBP",
      "amount": null,
      "priced_by": null
    },
    {
      "source": "nist",
      "control_id": "cm-1",
      "status": "recorded",
      "perspective": "driftwood",
      "currency": "GBP",
      "amount": null,
      "priced_by": null
    },
    {
      "source": "nist",
      "control_id": "cm-10",
      "status": "recorded",
      "perspective": "driftwood",
      "currency": "GBP",
      "amount": null,
      "priced_by": null
    },
    {
      "source": "nist",
      "control_id": "cm-11",
      "status": "recorded",
      "perspective": "driftwood",
      "currency": "GBP",
      "amount": null,
      "priced_by": null
    },
    {
      "source": "nist",
      "control_id": "cm-12",
      "status": "recorded",
      "perspective": "driftwood",
      "currency": "GBP",
      "amount": null,
      "priced_by": null
    },
    {
      "source": "nist",
      "control_id": "cm-12.1",
      "status": "recorded",
      "perspective": "driftwood",
      "currency": "GBP",
      "amount": null,
      "priced_by": null
    },
    {
      "source": "nist",
      "control_id": "cm-2",
      "status": "recorded",
      "perspective": "driftwood",
      "currency": "GBP",
      "amount": null,
      "priced_by": null
    },
    {
      "source": "nist",
      "control_id": "cm-2.2",
      "status": "recorded",
      "perspective": "driftwood",
      "currency": "GBP",
      "amount": null,
      "priced_by": null
    },
    {
      "source": "nist",
      "control_id": "cm-2.3",
      "status": "recorded",
      "perspective": "driftwood",
      "currency": "GBP",
      "amount": null,
      "priced_by": null
    },
    {
      "source": "nist",
      "control_id": "cm-2.7",
      "status": "recorded",
      "perspective": "driftwood",
      "currency": "GBP",
      "amount": null,
      "priced_by": null
    },
    {
      "source": "nist",
      "control_id": "cm-3",
      "status": "recorded",
      "perspective": "driftwood",
      "currency": "GBP",
      "amount": null,
      "priced_by": null
    },
    {
      "source": "nist",
      "control_id": "cm-3.2",
      "status": "recorded",
      "perspective": "driftwood",
      "currency": "GBP",
      "amount": null,
      "priced_by": null
    },
    {
      "source": "nist",
      "control_id": "cm-3.4",
      "status": "recorded",
      "perspective": "driftwood",
      "currency": "GBP",
      "amount": null,
      "priced_by": null
    },
    {
      "source": "nist",
      "control_id": "cm-4",
      "status": "recorded",
      "perspective": "driftwood",
      "currency": "GBP",
      "amount": null,
      "priced_by": null
    },
    {
      "source": "nist",
      "control_id": "cm-4.2",
      "status": "recorded",
      "perspective": "driftwood",
      "currency": "GBP",
      "amount": null,
      "priced_by": null
    },
    {
      "source": "nist",
      "control_id": "cm-5",
      "status": "recorded",
      "perspective": "driftwood",
      "currency": "GBP",
      "amount": null,
      "priced_by": null
    },
    {
      "source": "nist",
      "control_id": "cm-7",
      "status": "recorded",
      "perspective": "driftwood",
      "currency": "GBP",
      "amount": null,
      "priced_by": null
    },
    {
      "source": "nist",
      "control_id": "cm-7.1",
      "status": "recorded",
      "perspective": "driftwood",
      "currency": "GBP",
      "amount": null,
      "priced_by": null
    },
    {
      "source": "nist",
      "control_id": "cm-7.2",
      "status": "recorded",
      "perspective": "driftwood",
      "currency": "GBP",
      "amount": null,
      "priced_by": null
    },
    {
      "source": "nist",
      "control_id": "cm-7.5",
      "status": "recorded",
      "perspective": "driftwood",
      "currency": "GBP",
      "amount": null,
      "priced_by": null
    },
    {
      "source": "nist",
      "control_id": "cm-8",
      "status": "recorded",
      "perspective": "driftwood",
      "currency": "GBP",
      "amount": null,
      "priced_by": null
    },
    {
      "source": "nist",
      "control_id": "cm-8.1",
      "status": "recorded",
      "perspective": "driftwood",
      "currency": "GBP",
      "amount": null,
      "priced_by": null
    },
    {
      "source": "nist",
      "control_id": "cm-8.3",
      "status": "recorded",
      "perspective": "driftwood",
      "currency": "GBP",
      "amount": null,
      "priced_by": null
    },
    {
      "source": "nist",
      "control_id": "cm-9",
      "status": "recorded",
      "perspective": "driftwood",
      "currency": "GBP",
      "amount": null,
      "priced_by": null
    },
    {
      "source": "nist",
      "control_id": "cp-1",
      "status": "recorded",
      "perspective": "driftwood",
      "currency": "GBP",
      "amount": null,
      "priced_by": null
    },
    {
      "source": "nist",
      "control_id": "cp-10",
      "status": "recorded",
      "perspective": "driftwood",
      "currency": "GBP",
      "amount": null,
      "priced_by": null
    },
    {
      "source": "nist",
      "control_id": "cp-10.2",
      "status": "recorded",
      "perspective": "driftwood",
      "currency": "GBP",
      "amount": null,
      "priced_by": null
    },
    {
      "source": "nist",
      "control_id": "cp-2",
      "status": "recorded",
      "perspective": "driftwood",
      "currency": "GBP",
      "amount": null,
      "priced_by": null
    },
    {
      "source": "nist",
      "control_id": "cp-2.1",
      "status": "recorded",
      "perspective": "driftwood",
      "currency": "GBP",
      "amount": null,
      "priced_by": null
    },
    {
      "source": "nist",
      "control_id": "cp-2.3",
      "status": "recorded",
      "perspective": "driftwood",
      "currency": "GBP",
      "amount": null,
      "priced_by": null
    },
    {
      "source": "nist",
      "control_id": "cp-2.8",
      "status": "recorded",
      "perspective": "driftwood",
      "currency": "GBP",
      "amount": null,
      "priced_by": null
    },
    {
      "source": "nist",
      "control_id": "cp-3",
      "status": "recorded",
      "perspective": "driftwood",
      "currency": "GBP",
      "amount": null,
      "priced_by": null
    },
    {
      "source": "nist",
      "control_id": "cp-4",
      "status": "recorded",
      "perspective": "driftwood",
      "currency": "GBP",
      "amount": null,
      "priced_by": null
    },
    {
      "source": "nist",
      "control_id": "cp-4.1",
      "status": "recorded",
      "perspective": "driftwood",
      "currency": "GBP",
      "amount": null,
      "priced_by": null
    },
    {
      "source": "nist",
      "control_id": "cp-6",
      "status": "recorded",
      "perspective": "driftwood",
      "currency": "GBP",
      "amount": null,
      "priced_by": null
    },
    {
      "source": "nist",
      "control_id": "cp-6.1",
      "status": "recorded",
      "perspective": "driftwood",
      "currency": "GBP",
      "amount": null,
      "priced_by": null
    },
    {
      "source": "nist",
      "control_id": "cp-6.3",
      "status": "recorded",
      "perspective": "driftwood",
      "currency": "GBP",
      "amount": null,
      "priced_by": null
    },
    {
      "source": "nist",
      "control_id": "cp-7",
      "status": "recorded",
      "perspective": "driftwood",
      "currency": "GBP",
      "amount": null,
      "priced_by": null
    },
    {
      "source": "nist",
      "control_id": "cp-7.1",
      "status": "recorded",
      "perspective": "driftwood",
      "currency": "GBP",
      "amount": null,
      "priced_by": null
    },
    {
      "source": "nist",
      "control_id": "cp-7.2",
      "status": "recorded",
      "perspective": "driftwood",
      "currency": "GBP",
      "amount": null,
      "priced_by": null
    },
    {
      "source": "nist",
      "control_id": "cp-7.3",
      "status": "recorded",
      "perspective": "driftwood",
      "currency": "GBP",
      "amount": null,
      "priced_by": null
    },
    {
      "source": "nist",
      "control_id": "cp-8",
      "status": "recorded",
      "perspective": "driftwood",
      "currency": "GBP",
      "amount": null,
      "priced_by": null
    },
    {
      "source": "nist",
      "control_id": "cp-8.1",
      "status": "recorded",
      "perspective": "driftwood",
      "currency": "GBP",
      "amount": null,
      "priced_by": null
    },
    {
      "source": "nist",
      "control_id": "cp-8.2",
      "status": "recorded",
      "perspective": "driftwood",
      "currency": "GBP",
      "amount": null,
      "priced_by": null
    },
    {
      "source": "nist",
      "control_id": "cp-9",
      "status": "recorded",
      "perspective": "driftwood",
      "currency": "GBP",
      "amount": null,
      "priced_by": null
    },
    {
      "source": "nist",
      "control_id": "cp-9.1",
      "status": "recorded",
      "perspective": "driftwood",
      "currency": "GBP",
      "amount": null,
      "priced_by": null
    },
    {
      "source": "nist",
      "control_id": "cp-9.8",
      "status": "recorded",
      "perspective": "driftwood",
      "currency": "GBP",
      "amount": null,
      "priced_by": null
    },
    {
      "source": "nist",
      "control_id": "ia-1",
      "status": "recorded",
      "perspective": "driftwood",
      "currency": "GBP",
      "amount": null,
      "priced_by": null
    },
    {
      "source": "nist",
      "control_id": "ia-11",
      "status": "recorded",
      "perspective": "driftwood",
      "currency": "GBP",
      "amount": null,
      "priced_by": null
    },
    {
      "source": "nist",
      "control_id": "ia-12",
      "status": "recorded",
      "perspective": "driftwood",
      "currency": "GBP",
      "amount": null,
      "priced_by": null
    },
    {
      "source": "nist",
      "control_id": "ia-12.2",
      "status": "recorded",
      "perspective": "driftwood",
      "currency": "GBP",
      "amount": null,
      "priced_by": null
    },
    {
      "source": "nist",
      "control_id": "ia-12.3",
      "status": "recorded",
      "perspective": "driftwood",
      "currency": "GBP",
      "amount": null,
      "priced_by": null
    },
    {
      "source": "nist",
      "control_id": "ia-12.5",
      "status": "recorded",
      "perspective": "driftwood",
      "currency": "GBP",
      "amount": null,
      "priced_by": null
    },
    {
      "source": "nist",
      "control_id": "ia-2",
      "status": "recorded",
      "perspective": "driftwood",
      "currency": "GBP",
      "amount": null,
      "priced_by": null
    },
    {
      "source": "nist",
      "control_id": "ia-2.1",
      "status": "recorded",
      "perspective": "driftwood",
      "currency": "GBP",
      "amount": null,
      "priced_by": null
    },
    {
      "source": "nist",
      "control_id": "ia-2.12",
      "status": "recorded",
      "perspective": "driftwood",
      "currency": "GBP",
      "amount": null,
      "priced_by": null
    },
    {
      "source": "nist",
      "control_id": "ia-2.2",
      "status": "recorded",
      "perspective": "driftwood",
      "currency": "GBP",
      "amount": null,
      "priced_by": null
    },
    {
      "source": "nist",
      "control_id": "ia-2.8",
      "status": "recorded",
      "perspective": "driftwood",
      "currency": "GBP",
      "amount": null,
      "priced_by": null
    },
    {
      "source": "nist",
      "control_id": "ia-3",
      "status": "recorded",
      "perspective": "driftwood",
      "currency": "GBP",
      "amount": null,
      "priced_by": null
    },
    {
      "source": "nist",
      "control_id": "ia-4",
      "status": "recorded",
      "perspective": "driftwood",
      "currency": "GBP",
      "amount": null,
      "priced_by": null
    },
    {
      "source": "nist",
      "control_id": "ia-4.4",
      "status": "recorded",
      "perspective": "driftwood",
      "currency": "GBP",
      "amount": null,
      "priced_by": null
    },
    {
      "source": "nist",
      "control_id": "ia-5",
      "status": "recorded",
      "perspective": "driftwood",
      "currency": "GBP",
      "amount": null,
      "priced_by": null
    },
    {
      "source": "nist",
      "control_id": "ia-5.1",
      "status": "recorded",
      "perspective": "driftwood",
      "currency": "GBP",
      "amount": null,
      "priced_by": null
    },
    {
      "source": "nist",
      "control_id": "ia-5.2",
      "status": "recorded",
      "perspective": "driftwood",
      "currency": "GBP",
      "amount": null,
      "priced_by": null
    },
    {
      "source": "nist",
      "control_id": "ia-5.6",
      "status": "recorded",
      "perspective": "driftwood",
      "currency": "GBP",
      "amount": null,
      "priced_by": null
    },
    {
      "source": "nist",
      "control_id": "ia-6",
      "status": "recorded",
      "perspective": "driftwood",
      "currency": "GBP",
      "amount": null,
      "priced_by": null
    },
    {
      "source": "nist",
      "control_id": "ia-7",
      "status": "recorded",
      "perspective": "driftwood",
      "currency": "GBP",
      "amount": null,
      "priced_by": null
    },
    {
      "source": "nist",
      "control_id": "ia-8",
      "status": "recorded",
      "perspective": "driftwood",
      "currency": "GBP",
      "amount": null,
      "priced_by": null
    },
    {
      "source": "nist",
      "control_id": "ia-8.1",
      "status": "recorded",
      "perspective": "driftwood",
      "currency": "GBP",
      "amount": null,
      "priced_by": null
    },
    {
      "source": "nist",
      "control_id": "ia-8.2",
      "status": "recorded",
      "perspective": "driftwood",
      "currency": "GBP",
      "amount": null,
      "priced_by": null
    },
    {
      "source": "nist",
      "control_id": "ia-8.4",
      "status": "recorded",
      "perspective": "driftwood",
      "currency": "GBP",
      "amount": null,
      "priced_by": null
    },
    {
      "source": "nist",
      "control_id": "ir-1",
      "status": "recorded",
      "perspective": "driftwood",
      "currency": "GBP",
      "amount": null,
      "priced_by": null
    },
    {
      "source": "nist",
      "control_id": "ir-2",
      "status": "recorded",
      "perspective": "driftwood",
      "currency": "GBP",
      "amount": null,
      "priced_by": null
    },
    {
      "source": "nist",
      "control_id": "ir-3",
      "status": "recorded",
      "perspective": "driftwood",
      "currency": "GBP",
      "amount": null,
      "priced_by": null
    },
    {
      "source": "nist",
      "control_id": "ir-3.2",
      "status": "recorded",
      "perspective": "driftwood",
      "currency": "GBP",
      "amount": null,
      "priced_by": null
    },
    {
      "source": "nist",
      "control_id": "ir-4",
      "status": "recorded",
      "perspective": "driftwood",
      "currency": "GBP",
      "amount": null,
      "priced_by": null
    },
    {
      "source": "nist",
      "control_id": "ir-4.1",
      "status": "recorded",
      "perspective": "driftwood",
      "currency": "GBP",
      "amount": null,
      "priced_by": null
    },
    {
      "source": "nist",
      "control_id": "ir-5",
      "status": "recorded",
      "perspective": "driftwood",
      "currency": "GBP",
      "amount": null,
      "priced_by": null
    },
    {
      "source": "nist",
      "control_id": "ir-6",
      "status": "recorded",
      "perspective": "driftwood",
      "currency": "GBP",
      "amount": null,
      "priced_by": null
    },
    {
      "source": "nist",
      "control_id": "ir-6.1",
      "status": "recorded",
      "perspective": "driftwood",
      "currency": "GBP",
      "amount": null,
      "priced_by": null
    },
    {
      "source": "nist",
      "control_id": "ir-6.3",
      "status": "recorded",
      "perspective": "driftwood",
      "currency": "GBP",
      "amount": null,
      "priced_by": null
    },
    {
      "source": "nist",
      "control_id": "ir-7",
      "status": "recorded",
      "perspective": "driftwood",
      "currency": "GBP",
      "amount": null,
      "priced_by": null
    },
    {
      "source": "nist",
      "control_id": "ir-7.1",
      "status": "recorded",
      "perspective": "driftwood",
      "currency": "GBP",
      "amount": null,
      "priced_by": null
    },
    {
      "source": "nist",
      "control_id": "ir-8",
      "status": "recorded",
      "perspective": "driftwood",
      "currency": "GBP",
      "amount": 357435.41503435693,
      "priced_by": "ico penalty-schema@v3 uk-gdpr/lower-tier weight 0.2"
    },
    {
      "source": "nist",
      "control_id": "ma-1",
      "status": "recorded",
      "perspective": "driftwood",
      "currency": "GBP",
      "amount": null,
      "priced_by": null
    },
    {
      "source": "nist",
      "control_id": "ma-2",
      "status": "recorded",
      "perspective": "driftwood",
      "currency": "GBP",
      "amount": null,
      "priced_by": null
    },
    {
      "source": "nist",
      "control_id": "ma-3",
      "status": "recorded",
      "perspective": "driftwood",
      "currency": "GBP",
      "amount": null,
      "priced_by": null
    },
    {
      "source": "nist",
      "control_id": "ma-3.1",
      "status": "recorded",
      "perspective": "driftwood",
      "currency": "GBP",
      "amount": null,
      "priced_by": null
    },
    {
      "source": "nist",
      "control_id": "ma-3.2",
      "status": "recorded",
      "perspective": "driftwood",
      "currency": "GBP",
      "amount": null,
      "priced_by": null
    },
    {
      "source": "nist",
      "control_id": "ma-3.3",
      "status": "recorded",
      "perspective": "driftwood",
      "currency": "GBP",
      "amount": null,
      "priced_by": null
    },
    {
      "source": "nist",
      "control_id": "ma-4",
      "status": "recorded",
      "perspective": "driftwood",
      "currency": "GBP",
      "amount": null,
      "priced_by": null
    },
    {
      "source": "nist",
      "control_id": "ma-5",
      "status": "recorded",
      "perspective": "driftwood",
      "currency": "GBP",
      "amount": null,
      "priced_by": null
    },
    {
      "source": "nist",
      "control_id": "ma-6",
      "status": "recorded",
      "perspective": "driftwood",
      "currency": "GBP",
      "amount": null,
      "priced_by": null
    },
    {
      "source": "nist",
      "control_id": "mp-1",
      "status": "recorded",
      "perspective": "driftwood",
      "currency": "GBP",
      "amount": null,
      "priced_by": null
    },
    {
      "source": "nist",
      "control_id": "mp-2",
      "status": "recorded",
      "perspective": "driftwood",
      "currency": "GBP",
      "amount": null,
      "priced_by": null
    },
    {
      "source": "nist",
      "control_id": "mp-3",
      "status": "recorded",
      "perspective": "driftwood",
      "currency": "GBP",
      "amount": null,
      "priced_by": null
    },
    {
      "source": "nist",
      "control_id": "mp-4",
      "status": "recorded",
      "perspective": "driftwood",
      "currency": "GBP",
      "amount": null,
      "priced_by": null
    },
    {
      "source": "nist",
      "control_id": "mp-5",
      "status": "recorded",
      "perspective": "driftwood",
      "currency": "GBP",
      "amount": null,
      "priced_by": null
    },
    {
      "source": "nist",
      "control_id": "mp-6",
      "status": "recorded",
      "perspective": "driftwood",
      "currency": "GBP",
      "amount": null,
      "priced_by": null
    },
    {
      "source": "nist",
      "control_id": "mp-7",
      "status": "recorded",
      "perspective": "driftwood",
      "currency": "GBP",
      "amount": null,
      "priced_by": null
    },
    {
      "source": "nist",
      "control_id": "pe-1",
      "status": "recorded",
      "perspective": "driftwood",
      "currency": "GBP",
      "amount": null,
      "priced_by": null
    },
    {
      "source": "nist",
      "control_id": "pe-10",
      "status": "recorded",
      "perspective": "driftwood",
      "currency": "GBP",
      "amount": null,
      "priced_by": null
    },
    {
      "source": "nist",
      "control_id": "pe-11",
      "status": "recorded",
      "perspective": "driftwood",
      "currency": "GBP",
      "amount": null,
      "priced_by": null
    },
    {
      "source": "nist",
      "control_id": "pe-12",
      "status": "recorded",
      "perspective": "driftwood",
      "currency": "GBP",
      "amount": null,
      "priced_by": null
    },
    {
      "source": "nist",
      "control_id": "pe-13",
      "status": "recorded",
      "perspective": "driftwood",
      "currency": "GBP",
      "amount": null,
      "priced_by": null
    },
    {
      "source": "nist",
      "control_id": "pe-13.1",
      "status": "recorded",
      "perspective": "driftwood",
      "currency": "GBP",
      "amount": null,
      "priced_by": null
    },
    {
      "source": "nist",
      "control_id": "pe-14",
      "status": "recorded",
      "perspective": "driftwood",
      "currency": "GBP",
      "amount": null,
      "priced_by": null
    },
    {
      "source": "nist",
      "control_id": "pe-15",
      "status": "recorded",
      "perspective": "driftwood",
      "currency": "GBP",
      "amount": null,
      "priced_by": null
    },
    {
      "source": "nist",
      "control_id": "pe-16",
      "status": "recorded",
      "perspective": "driftwood",
      "currency": "GBP",
      "amount": null,
      "priced_by": null
    },
    {
      "source": "nist",
      "control_id": "pe-17",
      "status": "recorded",
      "perspective": "driftwood",
      "currency": "GBP",
      "amount": null,
      "priced_by": null
    },
    {
      "source": "nist",
      "control_id": "pe-2",
      "status": "recorded",
      "perspective": "driftwood",
      "currency": "GBP",
      "amount": null,
      "priced_by": null
    },
    {
      "source": "nist",
      "control_id": "pe-3",
      "status": "recorded",
      "perspective": "driftwood",
      "currency": "GBP",
      "amount": null,
      "priced_by": null
    },
    {
      "source": "nist",
      "control_id": "pe-4",
      "status": "recorded",
      "perspective": "driftwood",
      "currency": "GBP",
      "amount": null,
      "priced_by": null
    },
    {
      "source": "nist",
      "control_id": "pe-5",
      "status": "recorded",
      "perspective": "driftwood",
      "currency": "GBP",
      "amount": null,
      "priced_by": null
    },
    {
      "source": "nist",
      "control_id": "pe-6",
      "status": "recorded",
      "perspective": "driftwood",
      "currency": "GBP",
      "amount": null,
      "priced_by": null
    },
    {
      "source": "nist",
      "control_id": "pe-6.1",
      "status": "recorded",
      "perspective": "driftwood",
      "currency": "GBP",
      "amount": null,
      "priced_by": null
    },
    {
      "source": "nist",
      "control_id": "pe-8",
      "status": "recorded",
      "perspective": "driftwood",
      "currency": "GBP",
      "amount": null,
      "priced_by": null
    },
    {
      "source": "nist",
      "control_id": "pe-9",
      "status": "recorded",
      "perspective": "driftwood",
      "currency": "GBP",
      "amount": null,
      "priced_by": null
    },
    {
      "source": "nist",
      "control_id": "pl-1",
      "status": "recorded",
      "perspective": "driftwood",
      "currency": "GBP",
      "amount": null,
      "priced_by": null
    },
    {
      "source": "nist",
      "control_id": "pl-10",
      "status": "recorded",
      "perspective": "driftwood",
      "currency": "GBP",
      "amount": null,
      "priced_by": null
    },
    {
      "source": "nist",
      "control_id": "pl-11",
      "status": "recorded",
      "perspective": "driftwood",
      "currency": "GBP",
      "amount": null,
      "priced_by": null
    },
    {
      "source": "nist",
      "control_id": "pl-2",
      "status": "recorded",
      "perspective": "driftwood",
      "currency": "GBP",
      "amount": 536153.1225515354,
      "priced_by": "ico penalty-schema@v3 uk-gdpr/lower-tier weight 0.3"
    },
    {
      "source": "nist",
      "control_id": "pl-4",
      "status": "recorded",
      "perspective": "driftwood",
      "currency": "GBP",
      "amount": null,
      "priced_by": null
    },
    {
      "source": "nist",
      "control_id": "pl-4.1",
      "status": "recorded",
      "perspective": "driftwood",
      "currency": "GBP",
      "amount": null,
      "priced_by": null
    },
    {
      "source": "nist",
      "control_id": "pl-8",
      "status": "recorded",
      "perspective": "driftwood",
      "currency": "GBP",
      "amount": null,
      "priced_by": null
    },
    {
      "source": "nist",
      "control_id": "ps-1",
      "status": "recorded",
      "perspective": "driftwood",
      "currency": "GBP",
      "amount": null,
      "priced_by": null
    },
    {
      "source": "nist",
      "control_id": "ps-2",
      "status": "recorded",
      "perspective": "driftwood",
      "currency": "GBP",
      "amount": null,
      "priced_by": null
    },
    {
      "source": "nist",
      "control_id": "ps-3",
      "status": "recorded",
      "perspective": "driftwood",
      "currency": "GBP",
      "amount": null,
      "priced_by": null
    },
    {
      "source": "nist",
      "control_id": "ps-4",
      "status": "recorded",
      "perspective": "driftwood",
      "currency": "GBP",
      "amount": null,
      "priced_by": null
    },
    {
      "source": "nist",
      "control_id": "ps-5",
      "status": "recorded",
      "perspective": "driftwood",
      "currency": "GBP",
      "amount": null,
      "priced_by": null
    },
    {
      "source": "nist",
      "control_id": "ps-6",
      "status": "recorded",
      "perspective": "driftwood",
      "currency": "GBP",
      "amount": null,
      "priced_by": null
    },
    {
      "source": "nist",
      "control_id": "ps-7",
      "status": "recorded",
      "perspective": "driftwood",
      "currency": "GBP",
      "amount": null,
      "priced_by": null
    },
    {
      "source": "nist",
      "control_id": "ps-8",
      "status": "recorded",
      "perspective": "driftwood",
      "currency": "GBP",
      "amount": null,
      "priced_by": null
    },
    {
      "source": "nist",
      "control_id": "ps-9",
      "status": "recorded",
      "perspective": "driftwood",
      "currency": "GBP",
      "amount": null,
      "priced_by": null
    },
    {
      "source": "nist",
      "control_id": "ra-1",
      "status": "recorded",
      "perspective": "driftwood",
      "currency": "GBP",
      "amount": null,
      "priced_by": null
    },
    {
      "source": "nist",
      "control_id": "ra-2",
      "status": "recorded",
      "perspective": "driftwood",
      "currency": "GBP",
      "amount": null,
      "priced_by": null
    },
    {
      "source": "nist",
      "control_id": "ra-3",
      "status": "recorded",
      "perspective": "driftwood",
      "currency": "GBP",
      "amount": 536153.1225515354,
      "priced_by": "ico penalty-schema@v3 uk-gdpr/lower-tier weight 0.3"
    },
    {
      "source": "nist",
      "control_id": "ra-3.1",
      "status": "recorded",
      "perspective": "driftwood",
      "currency": "GBP",
      "amount": null,
      "priced_by": null
    },
    {
      "source": "nist",
      "control_id": "ra-5",
      "status": "recorded",
      "perspective": "driftwood",
      "currency": "GBP",
      "amount": null,
      "priced_by": null
    },
    {
      "source": "nist",
      "control_id": "ra-5.11",
      "status": "recorded",
      "perspective": "driftwood",
      "currency": "GBP",
      "amount": null,
      "priced_by": null
    },
    {
      "source": "nist",
      "control_id": "ra-5.2",
      "status": "recorded",
      "perspective": "driftwood",
      "currency": "GBP",
      "amount": null,
      "priced_by": null
    },
    {
      "source": "nist",
      "control_id": "ra-5.5",
      "status": "recorded",
      "perspective": "driftwood",
      "currency": "GBP",
      "amount": null,
      "priced_by": null
    },
    {
      "source": "nist",
      "control_id": "ra-7",
      "status": "recorded",
      "perspective": "driftwood",
      "currency": "GBP",
      "amount": null,
      "priced_by": null
    },
    {
      "source": "nist",
      "control_id": "ra-9",
      "status": "recorded",
      "perspective": "driftwood",
      "currency": "GBP",
      "amount": null,
      "priced_by": null
    },
    {
      "source": "nist",
      "control_id": "sa-1",
      "status": "recorded",
      "perspective": "driftwood",
      "currency": "GBP",
      "amount": null,
      "priced_by": null
    },
    {
      "source": "nist",
      "control_id": "sa-10",
      "status": "recorded",
      "perspective": "driftwood",
      "currency": "GBP",
      "amount": null,
      "priced_by": null
    },
    {
      "source": "nist",
      "control_id": "sa-11",
      "status": "recorded",
      "perspective": "driftwood",
      "currency": "GBP",
      "amount": null,
      "priced_by": null
    },
    {
      "source": "nist",
      "control_id": "sa-15",
      "status": "recorded",
      "perspective": "driftwood",
      "currency": "GBP",
      "amount": null,
      "priced_by": null
    },
    {
      "source": "nist",
      "control_id": "sa-15.3",
      "status": "recorded",
      "perspective": "driftwood",
      "currency": "GBP",
      "amount": null,
      "priced_by": null
    },
    {
      "source": "nist",
      "control_id": "sa-2",
      "status": "recorded",
      "perspective": "driftwood",
      "currency": "GBP",
      "amount": null,
      "priced_by": null
    },
    {
      "source": "nist",
      "control_id": "sa-22",
      "status": "recorded",
      "perspective": "driftwood",
      "currency": "GBP",
      "amount": null,
      "priced_by": null
    },
    {
      "source": "nist",
      "control_id": "sa-3",
      "status": "recorded",
      "perspective": "driftwood",
      "currency": "GBP",
      "amount": null,
      "priced_by": null
    },
    {
      "source": "nist",
      "control_id": "sa-4",
      "status": "recorded",
      "perspective": "driftwood",
      "currency": "GBP",
      "amount": null,
      "priced_by": null
    },
    {
      "source": "nist",
      "control_id": "sa-4.1",
      "status": "recorded",
      "perspective": "driftwood",
      "currency": "GBP",
      "amount": null,
      "priced_by": null
    },
    {
      "source": "nist",
      "control_id": "sa-4.10",
      "status": "recorded",
      "perspective": "driftwood",
      "currency": "GBP",
      "amount": null,
      "priced_by": null
    },
    {
      "source": "nist",
      "control_id": "sa-4.2",
      "status": "recorded",
      "perspective": "driftwood",
      "currency": "GBP",
      "amount": null,
      "priced_by": null
    },
    {
      "source": "nist",
      "control_id": "sa-4.9",
      "status": "recorded",
      "perspective": "driftwood",
      "currency": "GBP",
      "amount": null,
      "priced_by": null
    },
    {
      "source": "nist",
      "control_id": "sa-5",
      "status": "recorded",
      "perspective": "driftwood",
      "currency": "GBP",
      "amount": null,
      "priced_by": null
    },
    {
      "source": "nist",
      "control_id": "sa-8",
      "status": "recorded",
      "perspective": "driftwood",
      "currency": "GBP",
      "amount": null,
      "priced_by": null
    },
    {
      "source": "nist",
      "control_id": "sa-9",
      "status": "recorded",
      "perspective": "driftwood",
      "currency": "GBP",
      "amount": null,
      "priced_by": null
    },
    {
      "source": "nist",
      "control_id": "sa-9.2",
      "status": "recorded",
      "perspective": "driftwood",
      "currency": "GBP",
      "amount": null,
      "priced_by": null
    },
    {
      "source": "nist",
      "control_id": "sc-1",
      "status": "recorded",
      "perspective": "driftwood",
      "currency": "GBP",
      "amount": null,
      "priced_by": null
    },
    {
      "source": "nist",
      "control_id": "sc-10",
      "status": "recorded",
      "perspective": "driftwood",
      "currency": "GBP",
      "amount": null,
      "priced_by": null
    },
    {
      "source": "nist",
      "control_id": "sc-12",
      "status": "recorded",
      "perspective": "driftwood",
      "currency": "GBP",
      "amount": null,
      "priced_by": null
    },
    {
      "source": "nist",
      "control_id": "sc-13",
      "status": "recorded",
      "perspective": "driftwood",
      "currency": "GBP",
      "amount": null,
      "priced_by": null
    },
    {
      "source": "nist",
      "control_id": "sc-15",
      "status": "recorded",
      "perspective": "driftwood",
      "currency": "GBP",
      "amount": null,
      "priced_by": null
    },
    {
      "source": "nist",
      "control_id": "sc-17",
      "status": "recorded",
      "perspective": "driftwood",
      "currency": "GBP",
      "amount": null,
      "priced_by": null
    },
    {
      "source": "nist",
      "control_id": "sc-18",
      "status": "recorded",
      "perspective": "driftwood",
      "currency": "GBP",
      "amount": null,
      "priced_by": null
    },
    {
      "source": "nist",
      "control_id": "sc-2",
      "status": "recorded",
      "perspective": "driftwood",
      "currency": "GBP",
      "amount": null,
      "priced_by": null
    },
    {
      "source": "nist",
      "control_id": "sc-20",
      "status": "recorded",
      "perspective": "driftwood",
      "currency": "GBP",
      "amount": null,
      "priced_by": null
    },
    {
      "source": "nist",
      "control_id": "sc-21",
      "status": "recorded",
      "perspective": "driftwood",
      "currency": "GBP",
      "amount": null,
      "priced_by": null
    },
    {
      "source": "nist",
      "control_id": "sc-22",
      "status": "recorded",
      "perspective": "driftwood",
      "currency": "GBP",
      "amount": null,
      "priced_by": null
    },
    {
      "source": "nist",
      "control_id": "sc-23",
      "status": "recorded",
      "perspective": "driftwood",
      "currency": "GBP",
      "amount": null,
      "priced_by": null
    },
    {
      "source": "nist",
      "control_id": "sc-28",
      "status": "recorded",
      "perspective": "driftwood",
      "currency": "GBP",
      "amount": null,
      "priced_by": null
    },
    {
      "source": "nist",
      "control_id": "sc-28.1",
      "status": "recorded",
      "perspective": "driftwood",
      "currency": "GBP",
      "amount": null,
      "priced_by": null
    },
    {
      "source": "nist",
      "control_id": "sc-39",
      "status": "recorded",
      "perspective": "driftwood",
      "currency": "GBP",
      "amount": null,
      "priced_by": null
    },
    {
      "source": "nist",
      "control_id": "sc-4",
      "status": "recorded",
      "perspective": "driftwood",
      "currency": "GBP",
      "amount": null,
      "priced_by": null
    },
    {
      "source": "nist",
      "control_id": "sc-5",
      "status": "recorded",
      "perspective": "driftwood",
      "currency": "GBP",
      "amount": null,
      "priced_by": null
    },
    {
      "source": "nist",
      "control_id": "sc-7",
      "status": "recorded",
      "perspective": "driftwood",
      "currency": "GBP",
      "amount": null,
      "priced_by": null
    },
    {
      "source": "nist",
      "control_id": "sc-7.3",
      "status": "recorded",
      "perspective": "driftwood",
      "currency": "GBP",
      "amount": null,
      "priced_by": null
    },
    {
      "source": "nist",
      "control_id": "sc-7.4",
      "status": "recorded",
      "perspective": "driftwood",
      "currency": "GBP",
      "amount": null,
      "priced_by": null
    },
    {
      "source": "nist",
      "control_id": "sc-7.5",
      "status": "recorded",
      "perspective": "driftwood",
      "currency": "GBP",
      "amount": null,
      "priced_by": null
    },
    {
      "source": "nist",
      "control_id": "sc-7.7",
      "status": "recorded",
      "perspective": "driftwood",
      "currency": "GBP",
      "amount": null,
      "priced_by": null
    },
    {
      "source": "nist",
      "control_id": "sc-7.8",
      "status": "recorded",
      "perspective": "driftwood",
      "currency": "GBP",
      "amount": null,
      "priced_by": null
    },
    {
      "source": "nist",
      "control_id": "sc-8",
      "status": "recorded",
      "perspective": "driftwood",
      "currency": "GBP",
      "amount": null,
      "priced_by": null
    },
    {
      "source": "nist",
      "control_id": "sc-8.1",
      "status": "recorded",
      "perspective": "driftwood",
      "currency": "GBP",
      "amount": null,
      "priced_by": null
    },
    {
      "source": "nist",
      "control_id": "si-1",
      "status": "recorded",
      "perspective": "driftwood",
      "currency": "GBP",
      "amount": null,
      "priced_by": null
    },
    {
      "source": "nist",
      "control_id": "si-10",
      "status": "recorded",
      "perspective": "driftwood",
      "currency": "GBP",
      "amount": null,
      "priced_by": null
    },
    {
      "source": "nist",
      "control_id": "si-11",
      "status": "recorded",
      "perspective": "driftwood",
      "currency": "GBP",
      "amount": null,
      "priced_by": null
    },
    {
      "source": "nist",
      "control_id": "si-12",
      "status": "recorded",
      "perspective": "driftwood",
      "currency": "GBP",
      "amount": null,
      "priced_by": null
    },
    {
      "source": "nist",
      "control_id": "si-16",
      "status": "recorded",
      "perspective": "driftwood",
      "currency": "GBP",
      "amount": null,
      "priced_by": null
    },
    {
      "source": "nist",
      "control_id": "si-2",
      "status": "recorded",
      "perspective": "driftwood",
      "currency": "GBP",
      "amount": null,
      "priced_by": null
    },
    {
      "source": "nist",
      "control_id": "si-2.2",
      "status": "recorded",
      "perspective": "driftwood",
      "currency": "GBP",
      "amount": null,
      "priced_by": null
    },
    {
      "source": "nist",
      "control_id": "si-3",
      "status": "recorded",
      "perspective": "driftwood",
      "currency": "GBP",
      "amount": null,
      "priced_by": null
    },
    {
      "source": "nist",
      "control_id": "si-4",
      "status": "recorded",
      "perspective": "driftwood",
      "currency": "GBP",
      "amount": null,
      "priced_by": null
    },
    {
      "source": "nist",
      "control_id": "si-4.2",
      "status": "recorded",
      "perspective": "driftwood",
      "currency": "GBP",
      "amount": null,
      "priced_by": null
    },
    {
      "source": "nist",
      "control_id": "si-4.4",
      "status": "recorded",
      "perspective": "driftwood",
      "currency": "GBP",
      "amount": null,
      "priced_by": null
    },
    {
      "source": "nist",
      "control_id": "si-4.5",
      "status": "recorded",
      "perspective": "driftwood",
      "currency": "GBP",
      "amount": null,
      "priced_by": null
    },
    {
      "source": "nist",
      "control_id": "si-5",
      "status": "recorded",
      "perspective": "driftwood",
      "currency": "GBP",
      "amount": null,
      "priced_by": null
    },
    {
      "source": "nist",
      "control_id": "si-7",
      "status": "recorded",
      "perspective": "driftwood",
      "currency": "GBP",
      "amount": null,
      "priced_by": null
    },
    {
      "source": "nist",
      "control_id": "si-7.1",
      "status": "recorded",
      "perspective": "driftwood",
      "currency": "GBP",
      "amount": null,
      "priced_by": null
    },
    {
      "source": "nist",
      "control_id": "si-7.7",
      "status": "recorded",
      "perspective": "driftwood",
      "currency": "GBP",
      "amount": null,
      "priced_by": null
    },
    {
      "source": "nist",
      "control_id": "si-8",
      "status": "recorded",
      "perspective": "driftwood",
      "currency": "GBP",
      "amount": null,
      "priced_by": null
    },
    {
      "source": "nist",
      "control_id": "si-8.2",
      "status": "recorded",
      "perspective": "driftwood",
      "currency": "GBP",
      "amount": null,
      "priced_by": null
    },
    {
      "source": "nist",
      "control_id": "sr-1",
      "status": "recorded",
      "perspective": "driftwood",
      "currency": "GBP",
      "amount": null,
      "priced_by": null
    },
    {
      "source": "nist",
      "control_id": "sr-10",
      "status": "recorded",
      "perspective": "driftwood",
      "currency": "GBP",
      "amount": null,
      "priced_by": null
    },
    {
      "source": "nist",
      "control_id": "sr-11",
      "status": "recorded",
      "perspective": "driftwood",
      "currency": "GBP",
      "amount": null,
      "priced_by": null
    },
    {
      "source": "nist",
      "control_id": "sr-11.1",
      "status": "recorded",
      "perspective": "driftwood",
      "currency": "GBP",
      "amount": null,
      "priced_by": null
    },
    {
      "source": "nist",
      "control_id": "sr-11.2",
      "status": "recorded",
      "perspective": "driftwood",
      "currency": "GBP",
      "amount": null,
      "priced_by": null
    },
    {
      "source": "nist",
      "control_id": "sr-12",
      "status": "recorded",
      "perspective": "driftwood",
      "currency": "GBP",
      "amount": null,
      "priced_by": null
    },
    {
      "source": "nist",
      "control_id": "sr-2",
      "status": "recorded",
      "perspective": "driftwood",
      "currency": "GBP",
      "amount": null,
      "priced_by": null
    },
    {
      "source": "nist",
      "control_id": "sr-2.1",
      "status": "recorded",
      "perspective": "driftwood",
      "currency": "GBP",
      "amount": null,
      "priced_by": null
    },
    {
      "source": "nist",
      "control_id": "sr-3",
      "status": "recorded",
      "perspective": "driftwood",
      "currency": "GBP",
      "amount": null,
      "priced_by": null
    },
    {
      "source": "nist",
      "control_id": "sr-5",
      "status": "recorded",
      "perspective": "driftwood",
      "currency": "GBP",
      "amount": null,
      "priced_by": null
    },
    {
      "source": "nist",
      "control_id": "sr-6",
      "status": "recorded",
      "perspective": "driftwood",
      "currency": "GBP",
      "amount": null,
      "priced_by": null
    },
    {
      "source": "nist",
      "control_id": "sr-8",
      "status": "recorded",
      "perspective": "driftwood",
      "currency": "GBP",
      "amount": null,
      "priced_by": null
    }
  ],
  "ungoverned": [],
  "prices": [
    {
      "source": "ico",
      "kind": "feed",
      "perspective": "driftwood",
      "currency": "GBP",
      "amount": 1787177.0751717847,
      "per_customer": {
        "amount": 7.446571146549103,
        "currency": "GBP"
      },
      "name": "penalty-schema",
      "old_version": "v3",
      "new_version": "v3",
      "old_price": 1787177.0751717845,
      "new_price": 1787177.0751717847,
      "old_tier": "isolated",
      "proposed_tier": "isolated",
      "changed": false,
      "lef": [
        1,
        2,
        4
      ],
      "lef_basis": "lm sourced from ICO (Information Commissioner's Office) real public fines (UK GDPR / Data Protection Act 2018 s157). warn/deny lef are editorial (schema doesn't carry frequency). Scaled to a subscriber turnover of 86,000,000.00 GBP.",
      "proposed_as": "label",
      "holes": [
        {
          "source": "nist",
          "id": "pl-2",
          "weight": 0.3,
          "amount": 536153.1225515354,
          "status": "recorded"
        },
        {
          "source": "nist",
          "id": "ra-3",
          "weight": 0.3,
          "amount": 536153.1225515354,
          "status": "recorded"
        },
        {
          "source": "nist",
          "id": "ca-2",
          "weight": 0.2,
          "amount": 357435.41503435693,
          "status": "recorded"
        },
        {
          "source": "nist",
          "id": "ir-8",
          "weight": 0.2,
          "amount": 357435.41503435693,
          "status": "recorded"
        }
      ],
      "total": 1787177.0751717847,
      "pin_signature": {
        "state": "signed",
        "tag": "v3.0.0",
        "detail": "tag v3.0.0 on the ico checkout carries a signature block"
      },
      "hole": null,
      "publisher_observation_scope": "Publisher tags were observed when this artefact was composed; the recorded observation is replayed offline and during verification. It does not establish the publisher's current newest major. A fresh composition with the publisher present refreshes it.",
      "superseded": {
        "state": "behind",
        "detail": "tag v4.0.0, signed 2026-09-10, publishes penalty-schema v4 ahead of the pinned v3; behind since 2026-09-10, the day v4.0.0 was cut; this checkout carries no directory for v4.0.0, so the line is priced from the signed tags alone"
      }
    },
    {
      "source": "ico",
      "kind": "supersede",
      "perspective": "driftwood",
      "currency": "GBP",
      "amount": 112616.63761356466,
      "per_customer": {
        "amount": 0.4692359900565194,
        "currency": "GBP"
      },
      "name": "penalty-schema",
      "version": "v3",
      "newer": {
        "version": "v4",
        "tag": "v4.0.0",
        "tagged": "2026-09-10",
        "published_at": null,
        "readable": false,
        "since_tag": "v4.0.0",
        "since": "2026-09-10"
      },
      "since": "2026-09-10",
      "as_of": "2026-10-03",
      "ramp": 1.063013698630137,
      "base": 1787177.0751717847,
      "proposed_tier": null,
      "changed": false,
      "basis": "the pinned line's own amount x (eol_ramp(since, as_of) - 1): the surcharge the feeds module's EOL ramp puts on a version its publisher has superseded, +1x per year behind and capped at +4x, where `since` is the day the newer major's signing tag was cut; zero on that day, printed with both dates, and never summed into the exposure the line itself is already in",
      "limits": [
        "the pinned checkout carries no directory for v4.0.0, so the newer major's content is unread here: this line is priced from the signed tags alone, and no retirement to v4 is proposed until the ico pin reaches a commit that carries it"
      ],
      "detail": "tag v4.0.0, signed 2026-09-10, publishes penalty-schema v4 ahead of the pinned v3; behind since 2026-09-10, the day v4.0.0 was cut; this checkout carries no directory for v4.0.0, so the line is priced from the signed tags alone"
    },
    {
      "source": "feeds",
      "kind": "feed",
      "perspective": "driftwood",
      "currency": "GBP",
      "amount": 19558.549772440045,
      "per_customer": {
        "amount": 0.08149395738516685,
        "currency": "GBP"
      },
      "name": "threat-register",
      "old_version": "v4",
      "new_version": "v4",
      "old_price": 19558.549772440045,
      "new_price": 19558.549772440045,
      "old_tier": "baseline",
      "proposed_tier": "baseline",
      "changed": false,
      "lef": [
        2.0,
        4.0,
        9.0
      ],
      "lef_basis": "cart/checkout PII exfiltration (e-commerce, short-life cart data, high traffic/low sensitivity per-record). Frequency basis (editorial, read 2026-09-09): Annual loss-event frequency for this institution's headline threat. DBIR retail-sector web-app-attack base rate, editorial midpoint COULD NOT LOOK: the DBIR publishes sector breach-frequency ranges, not a rate for one named institution, and no run of this estate has counted events for these three. Editorial midpoints, labelled as such. Magnitude basis (editorial, read 2026-09-09): Impact per cart/checkout PII exfiltration event for a mid-market UK e-commerce institution: short-life cart data, high traffic, low sensitivity per record. COULD NOT LOOK: no run of this estate has counted per-event losses for any institution in this register, and none of the three publishes one. These are the publisher's editorial bands, moved here from platform/feeds/to_fair_scenario.py's THREAT_LM_GBP unchanged so that the move itself moves no price. What would close it: a per-sector per-event loss figure with a published source and a date, or an institution's own signed incident cost.",
      "proposed_as": "label",
      "holes": [],
      "total": null,
      "pin_signature": {
        "state": "signed",
        "tag": "threat-register/v4.0.0",
        "detail": "tag threat-register/v4.0.0 on the feeds checkout carries a signature block"
      },
      "hole": null,
      "publisher_observation_scope": "Publisher tags were observed when this artefact was composed; the recorded observation is replayed offline and during verification. It does not establish the publisher's current newest major. A fresh composition with the publisher present refreshes it.",
      "superseded": {
        "state": "current",
        "detail": "no signed tag of the form threat-register/vN.x.y with N > 4 on the feeds checkout, so the pinned v4 is the newest published major"
      }
    },
    {
      "source": "feeds",
      "kind": "feed",
      "perspective": "driftwood",
      "currency": "GBP",
      "amount": null,
      "per_customer": null,
      "name": "cve",
      "old_version": "v3",
      "new_version": "v3",
      "old_price": null,
      "new_price": null,
      "old_tier": null,
      "proposed_tier": null,
      "changed": false,
      "holes": [],
      "total": null,
      "hole": null,
      "pin_signature": {
        "state": "signed",
        "tag": "cve/v3.0.0",
        "detail": "tag cve/v3.0.0 on the feeds checkout carries a signature block"
      },
      "absence_only": true,
      "could_not_look": "No scanned CVE is in the pinned KEV feed; 334 scanned CVE(s) outside it are named absences carrying no amount.",
      "lef": null,
      "lef_basis": "No scanned CVE is in the pinned KEV feed; 334 scanned CVE(s) outside it are named absences carrying no amount.",
      "priced_cve": null,
      "absences": [
        {
          "id": "CVE-2005-2541",
          "amount": null,
          "reason": "outside pinned KEV feed"
        },
        {
          "id": "CVE-2007-5686",
          "amount": null,
          "reason": "outside pinned KEV feed"
        },
        {
          "id": "CVE-2010-4756",
          "amount": null,
          "reason": "outside pinned KEV feed"
        },
        {
          "id": "CVE-2011-3374",
          "amount": null,
          "reason": "outside pinned KEV feed"
        },
        {
          "id": "CVE-2011-3389",
          "amount": null,
          "reason": "outside pinned KEV feed"
        },
        {
          "id": "CVE-2011-4116",
          "amount": null,
          "reason": "outside pinned KEV feed"
        },
        {
          "id": "CVE-2013-4392",
          "amount": null,
          "reason": "outside pinned KEV feed"
        },
        {
          "id": "CVE-2015-3276",
          "amount": null,
          "reason": "outside pinned KEV feed"
        },
        {
          "id": "CVE-2015-9019",
          "amount": null,
          "reason": "outside pinned KEV feed"
        },
        {
          "id": "CVE-2017-14159",
          "amount": null,
          "reason": "outside pinned KEV feed"
        },
        {
          "id": "CVE-2017-16137",
          "amount": null,
          "reason": "outside pinned KEV feed"
        },
        {
          "id": "CVE-2017-16232",
          "amount": null,
          "reason": "outside pinned KEV feed"
        },
        {
          "id": "CVE-2017-17740",
          "amount": null,
          "reason": "outside pinned KEV feed"
        },
        {
          "id": "CVE-2017-18018",
          "amount": null,
          "reason": "outside pinned KEV feed"
        },
        {
          "id": "CVE-2017-9937",
          "amount": null,
          "reason": "outside pinned KEV feed"
        },
        {
          "id": "CVE-2018-10126",
          "amount": null,
          "reason": "outside pinned KEV feed"
        },
        {
          "id": "CVE-2018-20796",
          "amount": null,
          "reason": "outside pinned KEV feed"
        },
        {
          "id": "CVE-2018-5709",
          "amount": null,
          "reason": "outside pinned KEV feed"
        },
        {
          "id": "CVE-2018-6829",
          "amount": null,
          "reason": "outside pinned KEV feed"
        },
        {
          "id": "CVE-2019-1010022",
          "amount": null,
          "reason": "outside pinned KEV feed"
        },
        {
          "id": "CVE-2019-1010023",
          "amount": null,
          "reason": "outside pinned KEV feed"
        },
        {
          "id": "CVE-2019-1010024",
          "amount": null,
          "reason": "outside pinned KEV feed"
        },
        {
          "id": "CVE-2019-1010025",
          "amount": null,
          "reason": "outside pinned KEV feed"
        },
        {
          "id": "CVE-2019-9192",
          "amount": null,
          "reason": "outside pinned KEV feed"
        },
        {
          "id": "CVE-2020-15719",
          "amount": null,
          "reason": "outside pinned KEV feed"
        },
        {
          "id": "CVE-2021-4214",
          "amount": null,
          "reason": "outside pinned KEV feed"
        },
        {
          "id": "CVE-2021-4231",
          "amount": null,
          "reason": "outside pinned KEV feed"
        },
        {
          "id": "CVE-2021-45346",
          "amount": null,
          "reason": "outside pinned KEV feed"
        },
        {
          "id": "CVE-2022-0563",
          "amount": null,
          "reason": "outside pinned KEV feed"
        },
        {
          "id": "CVE-2022-1210",
          "amount": null,
          "reason": "outside pinned KEV feed"
        },
        {
          "id": "CVE-2022-25881",
          "amount": null,
          "reason": "outside pinned KEV feed"
        },
        {
          "id": "CVE-2022-25883",
          "amount": null,
          "reason": "outside pinned KEV feed"
        },
        {
          "id": "CVE-2023-26136",
          "amount": null,
          "reason": "outside pinned KEV feed"
        },
        {
          "id": "CVE-2023-28155",
          "amount": null,
          "reason": "outside pinned KEV feed"
        },
        {
          "id": "CVE-2023-31437",
          "amount": null,
          "reason": "outside pinned KEV feed"
        },
        {
          "id": "CVE-2023-31438",
          "amount": null,
          "reason": "outside pinned KEV feed"
        },
        {
          "id": "CVE-2023-31439",
          "amount": null,
          "reason": "outside pinned KEV feed"
        },
        {
          "id": "CVE-2023-42282",
          "amount": null,
          "reason": "outside pinned KEV feed"
        },
        {
          "id": "CVE-2024-2236",
          "amount": null,
          "reason": "outside pinned KEV feed"
        },
        {
          "id": "CVE-2024-26458",
          "amount": null,
          "reason": "outside pinned KEV feed"
        },
        {
          "id": "CVE-2024-26461",
          "amount": null,
          "reason": "outside pinned KEV feed"
        },
        {
          "id": "CVE-2024-28863",
          "amount": null,
          "reason": "outside pinned KEV feed"
        },
        {
          "id": "CVE-2024-29415",
          "amount": null,
          "reason": "outside pinned KEV feed"
        },
        {
          "id": "CVE-2024-56433",
          "amount": null,
          "reason": "outside pinned KEV feed"
        },
        {
          "id": "CVE-2024-58251",
          "amount": null,
          "reason": "outside pinned KEV feed"
        },
        {
          "id": "CVE-2025-10148",
          "amount": null,
          "reason": "outside pinned KEV feed"
        },
        {
          "id": "CVE-2025-10911",
          "amount": null,
          "reason": "outside pinned KEV feed"
        },
        {
          "id": "CVE-2025-10966",
          "amount": null,
          "reason": "outside pinned KEV feed"
        },
        {
          "id": "CVE-2025-11731",
          "amount": null,
          "reason": "outside pinned KEV feed"
        },
        {
          "id": "CVE-2025-14017",
          "amount": null,
          "reason": "outside pinned KEV feed"
        },
        {
          "id": "CVE-2025-15079",
          "amount": null,
          "reason": "outside pinned KEV feed"
        },
        {
          "id": "CVE-2025-15224",
          "amount": null,
          "reason": "outside pinned KEV feed"
        },
        {
          "id": "CVE-2025-15284",
          "amount": null,
          "reason": "outside pinned KEV feed"
        },
        {
          "id": "CVE-2025-15467",
          "amount": null,
          "reason": "outside pinned KEV feed"
        },
        {
          "id": "CVE-2025-15468",
          "amount": null,
          "reason": "outside pinned KEV feed"
        },
        {
          "id": "CVE-2025-32414",
          "amount": null,
          "reason": "outside pinned KEV feed"
        },
        {
          "id": "CVE-2025-32415",
          "amount": null,
          "reason": "outside pinned KEV feed"
        },
        {
          "id": "CVE-2025-46394",
          "amount": null,
          "reason": "outside pinned KEV feed"
        },
        {
          "id": "CVE-2025-4947",
          "amount": null,
          "reason": "outside pinned KEV feed"
        },
        {
          "id": "CVE-2025-49794",
          "amount": null,
          "reason": "outside pinned KEV feed"
        },
        {
          "id": "CVE-2025-49795",
          "amount": null,
          "reason": "outside pinned KEV feed"
        },
        {
          "id": "CVE-2025-49796",
          "amount": null,
          "reason": "outside pinned KEV feed"
        },
        {
          "id": "CVE-2025-5025",
          "amount": null,
          "reason": "outside pinned KEV feed"
        },
        {
          "id": "CVE-2025-5278",
          "amount": null,
          "reason": "outside pinned KEV feed"
        },
        {
          "id": "CVE-2025-5399",
          "amount": null,
          "reason": "outside pinned KEV feed"
        },
        {
          "id": "CVE-2025-54798",
          "amount": null,
          "reason": "outside pinned KEV feed"
        },
        {
          "id": "CVE-2025-59375",
          "amount": null,
          "reason": "outside pinned KEV feed"
        },
        {
          "id": "CVE-2025-6021",
          "amount": null,
          "reason": "outside pinned KEV feed"
        },
        {
          "id": "CVE-2025-61143",
          "amount": null,
          "reason": "outside pinned KEV feed"
        },
        {
          "id": "CVE-2025-61144",
          "amount": null,
          "reason": "outside pinned KEV feed"
        },
        {
          "id": "CVE-2025-61145",
          "amount": null,
          "reason": "outside pinned KEV feed"
        },
        {
          "id": "CVE-2025-6141",
          "amount": null,
          "reason": "outside pinned KEV feed"
        },
        {
          "id": "CVE-2025-6170",
          "amount": null,
          "reason": "outside pinned KEV feed"
        },
        {
          "id": "CVE-2025-62408",
          "amount": null,
          "reason": "outside pinned KEV feed"
        },
        {
          "id": "CVE-2025-64505",
          "amount": null,
          "reason": "outside pinned KEV feed"
        },
        {
          "id": "CVE-2025-64506",
          "amount": null,
          "reason": "outside pinned KEV feed"
        },
        {
          "id": "CVE-2025-64720",
          "amount": null,
          "reason": "outside pinned KEV feed"
        },
        {
          "id": "CVE-2025-65018",
          "amount": null,
          "reason": "outside pinned KEV feed"
        },
        {
          "id": "CVE-2025-66035",
          "amount": null,
          "reason": "outside pinned KEV feed"
        },
        {
          "id": "CVE-2025-66199",
          "amount": null,
          "reason": "outside pinned KEV feed"
        },
        {
          "id": "CVE-2025-66293",
          "amount": null,
          "reason": "outside pinned KEV feed"
        },
        {
          "id": "CVE-2025-66382",
          "amount": null,
          "reason": "outside pinned KEV feed"
        },
        {
          "id": "CVE-2025-66412",
          "amount": null,
          "reason": "outside pinned KEV feed"
        },
        {
          "id": "CVE-2025-68160",
          "amount": null,
          "reason": "outside pinned KEV feed"
        },
        {
          "id": "CVE-2025-69418",
          "amount": null,
          "reason": "outside pinned KEV feed"
        },
        {
          "id": "CVE-2025-69419",
          "amount": null,
          "reason": "outside pinned KEV feed"
        },
        {
          "id": "CVE-2025-69420",
          "amount": null,
          "reason": "outside pinned KEV feed"
        },
        {
          "id": "CVE-2025-69421",
          "amount": null,
          "reason": "outside pinned KEV feed"
        },
        {
          "id": "CVE-2025-69720",
          "amount": null,
          "reason": "outside pinned KEV feed"
        },
        {
          "id": "CVE-2025-69873",
          "amount": null,
          "reason": "outside pinned KEV feed"
        },
        {
          "id": "CVE-2025-70873",
          "amount": null,
          "reason": "outside pinned KEV feed"
        },
        {
          "id": "CVE-2025-7783",
          "amount": null,
          "reason": "outside pinned KEV feed"
        },
        {
          "id": "CVE-2025-8176",
          "amount": null,
          "reason": "outside pinned KEV feed"
        },
        {
          "id": "CVE-2025-8177",
          "amount": null,
          "reason": "outside pinned KEV feed"
        },
        {
          "id": "CVE-2025-8534",
          "amount": null,
          "reason": "outside pinned KEV feed"
        },
        {
          "id": "CVE-2025-8961",
          "amount": null,
          "reason": "outside pinned KEV feed"
        },
        {
          "id": "CVE-2025-9086",
          "amount": null,
          "reason": "outside pinned KEV feed"
        },
        {
          "id": "CVE-2025-9165",
          "amount": null,
          "reason": "outside pinned KEV feed"
        },
        {
          "id": "CVE-2025-9230",
          "amount": null,
          "reason": "outside pinned KEV feed"
        },
        {
          "id": "CVE-2025-9231",
          "amount": null,
          "reason": "outside pinned KEV feed"
        },
        {
          "id": "CVE-2025-9232",
          "amount": null,
          "reason": "outside pinned KEV feed"
        },
        {
          "id": "CVE-2026-101896",
          "amount": null,
          "reason": "outside pinned KEV feed"
        },
        {
          "id": "CVE-2026-102010",
          "amount": null,
          "reason": "outside pinned KEV feed"
        },
        {
          "id": "CVE-2026-102473",
          "amount": null,
          "reason": "outside pinned KEV feed"
        },
        {
          "id": "CVE-2026-102474",
          "amount": null,
          "reason": "outside pinned KEV feed"
        },
        {
          "id": "CVE-2026-102633",
          "amount": null,
          "reason": "outside pinned KEV feed"
        },
        {
          "id": "CVE-2026-103111",
          "amount": null,
          "reason": "outside pinned KEV feed"
        },
        {
          "id": "CVE-2026-10536",
          "amount": null,
          "reason": "outside pinned KEV feed"
        },
        {
          "id": "CVE-2026-11850",
          "amount": null,
          "reason": "outside pinned KEV feed"
        },
        {
          "id": "CVE-2026-11856",
          "amount": null,
          "reason": "outside pinned KEV feed"
        },
        {
          "id": "CVE-2026-11979",
          "amount": null,
          "reason": "outside pinned KEV feed"
        },
        {
          "id": "CVE-2026-12064",
          "amount": null,
          "reason": "outside pinned KEV feed"
        },
        {
          "id": "CVE-2026-12143",
          "amount": null,
          "reason": "outside pinned KEV feed"
        },
        {
          "id": "CVE-2026-13608",
          "amount": null,
          "reason": "outside pinned KEV feed"
        },
        {
          "id": "CVE-2026-13757",
          "amount": null,
          "reason": "outside pinned KEV feed"
        },
        {
          "id": "CVE-2026-15059",
          "amount": null,
          "reason": "outside pinned KEV feed"
        },
        {
          "id": "CVE-2026-15534",
          "amount": null,
          "reason": "outside pinned KEV feed"
        },
        {
          "id": "CVE-2026-16742",
          "amount": null,
          "reason": "outside pinned KEV feed"
        },
        {
          "id": "CVE-2026-18374",
          "amount": null,
          "reason": "outside pinned KEV feed"
        },
        {
          "id": "CVE-2026-18477",
          "amount": null,
          "reason": "outside pinned KEV feed"
        },
        {
          "id": "CVE-2026-18495",
          "amount": null,
          "reason": "outside pinned KEV feed"
        },
        {
          "id": "CVE-2026-18508",
          "amount": null,
          "reason": "outside pinned KEV feed"
        },
        {
          "id": "CVE-2026-18924",
          "amount": null,
          "reason": "outside pinned KEV feed"
        },
        {
          "id": "CVE-2026-18938",
          "amount": null,
          "reason": "outside pinned KEV feed"
        },
        {
          "id": "CVE-2026-19487",
          "amount": null,
          "reason": "outside pinned KEV feed"
        },
        {
          "id": "CVE-2026-19499",
          "amount": null,
          "reason": "outside pinned KEV feed"
        },
        {
          "id": "CVE-2026-19542",
          "amount": null,
          "reason": "outside pinned KEV feed"
        },
        {
          "id": "CVE-2026-19931",
          "amount": null,
          "reason": "outside pinned KEV feed"
        },
        {
          "id": "CVE-2026-22184",
          "amount": null,
          "reason": "outside pinned KEV feed"
        },
        {
          "id": "CVE-2026-22185",
          "amount": null,
          "reason": "outside pinned KEV feed"
        },
        {
          "id": "CVE-2026-22610",
          "amount": null,
          "reason": "outside pinned KEV feed"
        },
        {
          "id": "CVE-2026-22695",
          "amount": null,
          "reason": "outside pinned KEV feed"
        },
        {
          "id": "CVE-2026-22795",
          "amount": null,
          "reason": "outside pinned KEV feed"
        },
        {
          "id": "CVE-2026-22796",
          "amount": null,
          "reason": "outside pinned KEV feed"
        },
        {
          "id": "CVE-2026-22801",
          "amount": null,
          "reason": "outside pinned KEV feed"
        },
        {
          "id": "CVE-2026-23745",
          "amount": null,
          "reason": "outside pinned KEV feed"
        },
        {
          "id": "CVE-2026-23950",
          "amount": null,
          "reason": "outside pinned KEV feed"
        },
        {
          "id": "CVE-2026-24515",
          "amount": null,
          "reason": "outside pinned KEV feed"
        },
        {
          "id": "CVE-2026-24842",
          "amount": null,
          "reason": "outside pinned KEV feed"
        },
        {
          "id": "CVE-2026-25210",
          "amount": null,
          "reason": "outside pinned KEV feed"
        },
        {
          "id": "CVE-2026-25646",
          "amount": null,
          "reason": "outside pinned KEV feed"
        },
        {
          "id": "CVE-2026-26960",
          "amount": null,
          "reason": "outside pinned KEV feed"
        },
        {
          "id": "CVE-2026-27135",
          "amount": null,
          "reason": "outside pinned KEV feed"
        },
        {
          "id": "CVE-2026-27171",
          "amount": null,
          "reason": "outside pinned KEV feed"
        },
        {
          "id": "CVE-2026-27970",
          "amount": null,
          "reason": "outside pinned KEV feed"
        },
        {
          "id": "CVE-2026-28387",
          "amount": null,
          "reason": "outside pinned KEV feed"
        },
        {
          "id": "CVE-2026-28388",
          "amount": null,
          "reason": "outside pinned KEV feed"
        },
        {
          "id": "CVE-2026-28389",
          "amount": null,
          "reason": "outside pinned KEV feed"
        },
        {
          "id": "CVE-2026-28390",
          "amount": null,
          "reason": "outside pinned KEV feed"
        },
        {
          "id": "CVE-2026-29786",
          "amount": null,
          "reason": "outside pinned KEV feed"
        },
        {
          "id": "CVE-2026-31789",
          "amount": null,
          "reason": "outside pinned KEV feed"
        },
        {
          "id": "CVE-2026-31790",
          "amount": null,
          "reason": "outside pinned KEV feed"
        },
        {
          "id": "CVE-2026-31802",
          "amount": null,
          "reason": "outside pinned KEV feed"
        },
        {
          "id": "CVE-2026-3184",
          "amount": null,
          "reason": "outside pinned KEV feed"
        },
        {
          "id": "CVE-2026-32776",
          "amount": null,
          "reason": "outside pinned KEV feed"
        },
        {
          "id": "CVE-2026-32777",
          "amount": null,
          "reason": "outside pinned KEV feed"
        },
        {
          "id": "CVE-2026-32778",
          "amount": null,
          "reason": "outside pinned KEV feed"
        },
        {
          "id": "CVE-2026-33416",
          "amount": null,
          "reason": "outside pinned KEV feed"
        },
        {
          "id": "CVE-2026-33630",
          "amount": null,
          "reason": "outside pinned KEV feed"
        },
        {
          "id": "CVE-2026-33636",
          "amount": null,
          "reason": "outside pinned KEV feed"
        },
        {
          "id": "CVE-2026-34182",
          "amount": null,
          "reason": "outside pinned KEV feed"
        },
        {
          "id": "CVE-2026-34183",
          "amount": null,
          "reason": "outside pinned KEV feed"
        },
        {
          "id": "CVE-2026-34743",
          "amount": null,
          "reason": "outside pinned KEV feed"
        },
        {
          "id": "CVE-2026-34757",
          "amount": null,
          "reason": "outside pinned KEV feed"
        },
        {
          "id": "CVE-2026-35189",
          "amount": null,
          "reason": "outside pinned KEV feed"
        },
        {
          "id": "CVE-2026-35191",
          "amount": null,
          "reason": "outside pinned KEV feed"
        },
        {
          "id": "CVE-2026-36849",
          "amount": null,
          "reason": "outside pinned KEV feed"
        },
        {
          "id": "CVE-2026-3713",
          "amount": null,
          "reason": "outside pinned KEV feed"
        },
        {
          "id": "CVE-2026-3949",
          "amount": null,
          "reason": "outside pinned KEV feed"
        },
        {
          "id": "CVE-2026-40200",
          "amount": null,
          "reason": "outside pinned KEV feed"
        },
        {
          "id": "CVE-2026-40228",
          "amount": null,
          "reason": "outside pinned KEV feed"
        },
        {
          "id": "CVE-2026-40930",
          "amount": null,
          "reason": "outside pinned KEV feed"
        },
        {
          "id": "CVE-2026-41080",
          "amount": null,
          "reason": "outside pinned KEV feed"
        },
        {
          "id": "CVE-2026-41907",
          "amount": null,
          "reason": "outside pinned KEV feed"
        },
        {
          "id": "CVE-2026-42250",
          "amount": null,
          "reason": "outside pinned KEV feed"
        },
        {
          "id": "CVE-2026-42766",
          "amount": null,
          "reason": "outside pinned KEV feed"
        },
        {
          "id": "CVE-2026-42768",
          "amount": null,
          "reason": "outside pinned KEV feed"
        },
        {
          "id": "CVE-2026-42770",
          "amount": null,
          "reason": "outside pinned KEV feed"
        },
        {
          "id": "CVE-2026-42772",
          "amount": null,
          "reason": "outside pinned KEV feed"
        },
        {
          "id": "CVE-2026-4367",
          "amount": null,
          "reason": "outside pinned KEV feed"
        },
        {
          "id": "CVE-2026-44705",
          "amount": null,
          "reason": "outside pinned KEV feed"
        },
        {
          "id": "CVE-2026-45186",
          "amount": null,
          "reason": "outside pinned KEV feed"
        },
        {
          "id": "CVE-2026-45445",
          "amount": null,
          "reason": "outside pinned KEV feed"
        },
        {
          "id": "CVE-2026-45446",
          "amount": null,
          "reason": "outside pinned KEV feed"
        },
        {
          "id": "CVE-2026-45447",
          "amount": null,
          "reason": "outside pinned KEV feed"
        },
        {
          "id": "CVE-2026-46675",
          "amount": null,
          "reason": "outside pinned KEV feed"
        },
        {
          "id": "CVE-2026-50170",
          "amount": null,
          "reason": "outside pinned KEV feed"
        },
        {
          "id": "CVE-2026-50171",
          "amount": null,
          "reason": "outside pinned KEV feed"
        },
        {
          "id": "CVE-2026-50219",
          "amount": null,
          "reason": "outside pinned KEV feed"
        },
        {
          "id": "CVE-2026-50557",
          "amount": null,
          "reason": "outside pinned KEV feed"
        },
        {
          "id": "CVE-2026-50812",
          "amount": null,
          "reason": "outside pinned KEV feed"
        },
        {
          "id": "CVE-2026-50813",
          "amount": null,
          "reason": "outside pinned KEV feed"
        },
        {
          "id": "CVE-2026-52490",
          "amount": null,
          "reason": "outside pinned KEV feed"
        },
        {
          "id": "CVE-2026-52491",
          "amount": null,
          "reason": "outside pinned KEV feed"
        },
        {
          "id": "CVE-2026-52492",
          "amount": null,
          "reason": "outside pinned KEV feed"
        },
        {
          "id": "CVE-2026-52725",
          "amount": null,
          "reason": "outside pinned KEV feed"
        },
        {
          "id": "CVE-2026-53655",
          "amount": null,
          "reason": "outside pinned KEV feed"
        },
        {
          "id": "CVE-2026-53910",
          "amount": null,
          "reason": "outside pinned KEV feed"
        },
        {
          "id": "CVE-2026-54265",
          "amount": null,
          "reason": "outside pinned KEV feed"
        },
        {
          "id": "CVE-2026-54266",
          "amount": null,
          "reason": "outside pinned KEV feed"
        },
        {
          "id": "CVE-2026-54267",
          "amount": null,
          "reason": "outside pinned KEV feed"
        },
        {
          "id": "CVE-2026-54268",
          "amount": null,
          "reason": "outside pinned KEV feed"
        },
        {
          "id": "CVE-2026-5435",
          "amount": null,
          "reason": "outside pinned KEV feed"
        },
        {
          "id": "CVE-2026-54369",
          "amount": null,
          "reason": "outside pinned KEV feed"
        },
        {
          "id": "CVE-2026-54370",
          "amount": null,
          "reason": "outside pinned KEV feed"
        },
        {
          "id": "CVE-2026-54371",
          "amount": null,
          "reason": "outside pinned KEV feed"
        },
        {
          "id": "CVE-2026-54411",
          "amount": null,
          "reason": "outside pinned KEV feed"
        },
        {
          "id": "CVE-2026-54872",
          "amount": null,
          "reason": "outside pinned KEV feed"
        },
        {
          "id": "CVE-2026-54873",
          "amount": null,
          "reason": "outside pinned KEV feed"
        },
        {
          "id": "CVE-2026-54875",
          "amount": null,
          "reason": "outside pinned KEV feed"
        },
        {
          "id": "CVE-2026-56131",
          "amount": null,
          "reason": "outside pinned KEV feed"
        },
        {
          "id": "CVE-2026-56132",
          "amount": null,
          "reason": "outside pinned KEV feed"
        },
        {
          "id": "CVE-2026-56391",
          "amount": null,
          "reason": "outside pinned KEV feed"
        },
        {
          "id": "CVE-2026-56392",
          "amount": null,
          "reason": "outside pinned KEV feed"
        },
        {
          "id": "CVE-2026-56403",
          "amount": null,
          "reason": "outside pinned KEV feed"
        },
        {
          "id": "CVE-2026-56404",
          "amount": null,
          "reason": "outside pinned KEV feed"
        },
        {
          "id": "CVE-2026-56405",
          "amount": null,
          "reason": "outside pinned KEV feed"
        },
        {
          "id": "CVE-2026-56406",
          "amount": null,
          "reason": "outside pinned KEV feed"
        },
        {
          "id": "CVE-2026-56407",
          "amount": null,
          "reason": "outside pinned KEV feed"
        },
        {
          "id": "CVE-2026-56408",
          "amount": null,
          "reason": "outside pinned KEV feed"
        },
        {
          "id": "CVE-2026-56409",
          "amount": null,
          "reason": "outside pinned KEV feed"
        },
        {
          "id": "CVE-2026-56410",
          "amount": null,
          "reason": "outside pinned KEV feed"
        },
        {
          "id": "CVE-2026-56411",
          "amount": null,
          "reason": "outside pinned KEV feed"
        },
        {
          "id": "CVE-2026-56412",
          "amount": null,
          "reason": "outside pinned KEV feed"
        },
        {
          "id": "CVE-2026-5704",
          "amount": null,
          "reason": "outside pinned KEV feed"
        },
        {
          "id": "CVE-2026-58055",
          "amount": null,
          "reason": "outside pinned KEV feed"
        },
        {
          "id": "CVE-2026-59871",
          "amount": null,
          "reason": "outside pinned KEV feed"
        },
        {
          "id": "CVE-2026-59873",
          "amount": null,
          "reason": "outside pinned KEV feed"
        },
        {
          "id": "CVE-2026-59874",
          "amount": null,
          "reason": "outside pinned KEV feed"
        },
        {
          "id": "CVE-2026-59875",
          "amount": null,
          "reason": "outside pinned KEV feed"
        },
        {
          "id": "CVE-2026-6042",
          "amount": null,
          "reason": "outside pinned KEV feed"
        },
        {
          "id": "CVE-2026-6238",
          "amount": null,
          "reason": "outside pinned KEV feed"
        },
        {
          "id": "CVE-2026-63072",
          "amount": null,
          "reason": "outside pinned KEV feed"
        },
        {
          "id": "CVE-2026-63073",
          "amount": null,
          "reason": "outside pinned KEV feed"
        },
        {
          "id": "CVE-2026-63076",
          "amount": null,
          "reason": "outside pinned KEV feed"
        },
        {
          "id": "CVE-2026-6368",
          "amount": null,
          "reason": "outside pinned KEV feed"
        },
        {
          "id": "CVE-2026-66046",
          "amount": null,
          "reason": "outside pinned KEV feed"
        },
        {
          "id": "CVE-2026-6653",
          "amount": null,
          "reason": "outside pinned KEV feed"
        },
        {
          "id": "CVE-2026-6732",
          "amount": null,
          "reason": "outside pinned KEV feed"
        },
        {
          "id": "CVE-2026-6791",
          "amount": null,
          "reason": "outside pinned KEV feed"
        },
        {
          "id": "CVE-2026-68945",
          "amount": null,
          "reason": "outside pinned KEV feed"
        },
        {
          "id": "CVE-2026-69151",
          "amount": null,
          "reason": "outside pinned KEV feed"
        },
        {
          "id": "CVE-2026-72897",
          "amount": null,
          "reason": "outside pinned KEV feed"
        },
        {
          "id": "CVE-2026-73566",
          "amount": null,
          "reason": "outside pinned KEV feed"
        },
        {
          "id": "CVE-2026-74860",
          "amount": null,
          "reason": "outside pinned KEV feed"
        },
        {
          "id": "CVE-2026-75803",
          "amount": null,
          "reason": "outside pinned KEV feed"
        },
        {
          "id": "CVE-2026-75804",
          "amount": null,
          "reason": "outside pinned KEV feed"
        },
        {
          "id": "CVE-2026-75805",
          "amount": null,
          "reason": "outside pinned KEV feed"
        },
        {
          "id": "CVE-2026-75806",
          "amount": null,
          "reason": "outside pinned KEV feed"
        },
        {
          "id": "CVE-2026-76641",
          "amount": null,
          "reason": "outside pinned KEV feed"
        },
        {
          "id": "CVE-2026-76642",
          "amount": null,
          "reason": "outside pinned KEV feed"
        },
        {
          "id": "CVE-2026-76781",
          "amount": null,
          "reason": "outside pinned KEV feed"
        },
        {
          "id": "CVE-2026-76956",
          "amount": null,
          "reason": "outside pinned KEV feed"
        },
        {
          "id": "CVE-2026-76957",
          "amount": null,
          "reason": "outside pinned KEV feed"
        },
        {
          "id": "CVE-2026-77117",
          "amount": null,
          "reason": "outside pinned KEV feed"
        },
        {
          "id": "CVE-2026-77696",
          "amount": null,
          "reason": "outside pinned KEV feed"
        },
        {
          "id": "CVE-2026-78408",
          "amount": null,
          "reason": "outside pinned KEV feed"
        },
        {
          "id": "CVE-2026-78409",
          "amount": null,
          "reason": "outside pinned KEV feed"
        },
        {
          "id": "CVE-2026-78410",
          "amount": null,
          "reason": "outside pinned KEV feed"
        },
        {
          "id": "CVE-2026-80229",
          "amount": null,
          "reason": "outside pinned KEV feed"
        },
        {
          "id": "CVE-2026-80230",
          "amount": null,
          "reason": "outside pinned KEV feed"
        },
        {
          "id": "CVE-2026-80255",
          "amount": null,
          "reason": "outside pinned KEV feed"
        },
        {
          "id": "CVE-2026-80489",
          "amount": null,
          "reason": "outside pinned KEV feed"
        },
        {
          "id": "CVE-2026-82208",
          "amount": null,
          "reason": "outside pinned KEV feed"
        },
        {
          "id": "CVE-2026-82209",
          "amount": null,
          "reason": "outside pinned KEV feed"
        },
        {
          "id": "CVE-2026-82417",
          "amount": null,
          "reason": "outside pinned KEV feed"
        },
        {
          "id": "CVE-2026-82560",
          "amount": null,
          "reason": "outside pinned KEV feed"
        },
        {
          "id": "CVE-2026-8286",
          "amount": null,
          "reason": "outside pinned KEV feed"
        },
        {
          "id": "CVE-2026-84384",
          "amount": null,
          "reason": "outside pinned KEV feed"
        },
        {
          "id": "CVE-2026-84444",
          "amount": null,
          "reason": "outside pinned KEV feed"
        },
        {
          "id": "CVE-2026-84446",
          "amount": null,
          "reason": "outside pinned KEV feed"
        },
        {
          "id": "CVE-2026-84447",
          "amount": null,
          "reason": "outside pinned KEV feed"
        },
        {
          "id": "CVE-2026-84448",
          "amount": null,
          "reason": "outside pinned KEV feed"
        },
        {
          "id": "CVE-2026-84450",
          "amount": null,
          "reason": "outside pinned KEV feed"
        },
        {
          "id": "CVE-2026-84451",
          "amount": null,
          "reason": "outside pinned KEV feed"
        },
        {
          "id": "CVE-2026-8458",
          "amount": null,
          "reason": "outside pinned KEV feed"
        },
        {
          "id": "CVE-2026-84782",
          "amount": null,
          "reason": "outside pinned KEV feed"
        },
        {
          "id": "CVE-2026-84784",
          "amount": null,
          "reason": "outside pinned KEV feed"
        },
        {
          "id": "CVE-2026-85091",
          "amount": null,
          "reason": "outside pinned KEV feed"
        },
        {
          "id": "CVE-2026-86137",
          "amount": null,
          "reason": "outside pinned KEV feed"
        },
        {
          "id": "CVE-2026-86138",
          "amount": null,
          "reason": "outside pinned KEV feed"
        },
        {
          "id": "CVE-2026-86139",
          "amount": null,
          "reason": "outside pinned KEV feed"
        },
        {
          "id": "CVE-2026-86140",
          "amount": null,
          "reason": "outside pinned KEV feed"
        },
        {
          "id": "CVE-2026-86141",
          "amount": null,
          "reason": "outside pinned KEV feed"
        },
        {
          "id": "CVE-2026-86142",
          "amount": null,
          "reason": "outside pinned KEV feed"
        },
        {
          "id": "CVE-2026-86143",
          "amount": null,
          "reason": "outside pinned KEV feed"
        },
        {
          "id": "CVE-2026-86144",
          "amount": null,
          "reason": "outside pinned KEV feed"
        },
        {
          "id": "CVE-2026-8674",
          "amount": null,
          "reason": "outside pinned KEV feed"
        },
        {
          "id": "CVE-2026-86805",
          "amount": null,
          "reason": "outside pinned KEV feed"
        },
        {
          "id": "CVE-2026-88057",
          "amount": null,
          "reason": "outside pinned KEV feed"
        },
        {
          "id": "CVE-2026-88059",
          "amount": null,
          "reason": "outside pinned KEV feed"
        },
        {
          "id": "CVE-2026-88373",
          "amount": null,
          "reason": "outside pinned KEV feed"
        },
        {
          "id": "CVE-2026-88806",
          "amount": null,
          "reason": "outside pinned KEV feed"
        },
        {
          "id": "CVE-2026-89092",
          "amount": null,
          "reason": "outside pinned KEV feed"
        },
        {
          "id": "CVE-2026-8924",
          "amount": null,
          "reason": "outside pinned KEV feed"
        },
        {
          "id": "CVE-2026-8926",
          "amount": null,
          "reason": "outside pinned KEV feed"
        },
        {
          "id": "CVE-2026-8927",
          "amount": null,
          "reason": "outside pinned KEV feed"
        },
        {
          "id": "CVE-2026-8932",
          "amount": null,
          "reason": "outside pinned KEV feed"
        },
        {
          "id": "CVE-2026-9076",
          "amount": null,
          "reason": "outside pinned KEV feed"
        },
        {
          "id": "CVE-2026-9079",
          "amount": null,
          "reason": "outside pinned KEV feed"
        },
        {
          "id": "CVE-2026-9080",
          "amount": null,
          "reason": "outside pinned KEV feed"
        },
        {
          "id": "CVE-2026-93687",
          "amount": null,
          "reason": "outside pinned KEV feed"
        },
        {
          "id": "CVE-2026-93748",
          "amount": null,
          "reason": "outside pinned KEV feed"
        },
        {
          "id": "CVE-2026-93990",
          "amount": null,
          "reason": "outside pinned KEV feed"
        },
        {
          "id": "CVE-2026-94283",
          "amount": null,
          "reason": "outside pinned KEV feed"
        },
        {
          "id": "CVE-2026-94284",
          "amount": null,
          "reason": "outside pinned KEV feed"
        },
        {
          "id": "CVE-2026-94285",
          "amount": null,
          "reason": "outside pinned KEV feed"
        },
        {
          "id": "CVE-2026-94287",
          "amount": null,
          "reason": "outside pinned KEV feed"
        },
        {
          "id": "CVE-2026-9538",
          "amount": null,
          "reason": "outside pinned KEV feed"
        },
        {
          "id": "CVE-2026-9545",
          "amount": null,
          "reason": "outside pinned KEV feed"
        },
        {
          "id": "CVE-2026-9547",
          "amount": null,
          "reason": "outside pinned KEV feed"
        },
        {
          "id": "CVE-2026-95512",
          "amount": null,
          "reason": "outside pinned KEV feed"
        },
        {
          "id": "CVE-2026-95619",
          "amount": null,
          "reason": "outside pinned KEV feed"
        },
        {
          "id": "CVE-2026-95818",
          "amount": null,
          "reason": "outside pinned KEV feed"
        },
        {
          "id": "CVE-2026-97399",
          "amount": null,
          "reason": "outside pinned KEV feed"
        },
        {
          "id": "TEMP-0000000-0F03E5",
          "amount": null,
          "reason": "outside pinned KEV feed"
        },
        {
          "id": "TEMP-0000000-18A2CE",
          "amount": null,
          "reason": "outside pinned KEV feed"
        },
        {
          "id": "TEMP-0000000-21F713",
          "amount": null,
          "reason": "outside pinned KEV feed"
        },
        {
          "id": "TEMP-0000000-4EF776",
          "amount": null,
          "reason": "outside pinned KEV feed"
        },
        {
          "id": "TEMP-0000000-78AC20",
          "amount": null,
          "reason": "outside pinned KEV feed"
        },
        {
          "id": "TEMP-0000000-956D99",
          "amount": null,
          "reason": "outside pinned KEV feed"
        },
        {
          "id": "TEMP-0000000-BB5891",
          "amount": null,
          "reason": "outside pinned KEV feed"
        },
        {
          "id": "TEMP-0000000-BBE297",
          "amount": null,
          "reason": "outside pinned KEV feed"
        },
        {
          "id": "TEMP-0000000-D1A721",
          "amount": null,
          "reason": "outside pinned KEV feed"
        },
        {
          "id": "TEMP-0000000-DB3DE2",
          "amount": null,
          "reason": "outside pinned KEV feed"
        },
        {
          "id": "TEMP-0000000-E66AA0",
          "amount": null,
          "reason": "outside pinned KEV feed"
        },
        {
          "id": "TEMP-0000000-F2B97A",
          "amount": null,
          "reason": "outside pinned KEV feed"
        },
        {
          "id": "TEMP-0290435-0B57B5",
          "amount": null,
          "reason": "outside pinned KEV feed"
        },
        {
          "id": "TEMP-0517018-A83CE6",
          "amount": null,
          "reason": "outside pinned KEV feed"
        },
        {
          "id": "TEMP-0628843-DBAD28",
          "amount": null,
          "reason": "outside pinned KEV feed"
        },
        {
          "id": "TEMP-0841856-B18BAF",
          "amount": null,
          "reason": "outside pinned KEV feed"
        },
        {
          "id": "TEMP-1147318-639065",
          "amount": null,
          "reason": "outside pinned KEV feed"
        },
        {
          "id": "TEMP-1148137-089975",
          "amount": null,
          "reason": "outside pinned KEV feed"
        },
        {
          "id": "TEMP-1148137-126A7B",
          "amount": null,
          "reason": "outside pinned KEV feed"
        }
      ],
      "absence_count": 334,
      "inventory_cve_count": 334,
      "intersection_count": 0,
      "old_absence_only": true,
      "old_could_not_look": "No scanned CVE is in the pinned KEV feed; 334 scanned CVE(s) outside it are named absences carrying no amount.",
      "publisher_observation_scope": "Publisher tags were observed when this artefact was composed; the recorded observation is replayed offline and during verification. It does not establish the publisher's current newest major. A fresh composition with the publisher present refreshes it.",
      "superseded": {
        "state": "current",
        "detail": "no signed tag of the form cve/vN.x.y with N > 3 on the feeds checkout, so the pinned v3 is the newest published major"
      }
    },
    {
      "source": "insurer",
      "kind": "premium",
      "perspective": "driftwood",
      "currency": "GBP",
      "amount": 113403.3,
      "per_customer": {
        "amount": 0.47251375,
        "currency": "GBP"
      },
      "name": "quote-driftwood",
      "old_version": "v1",
      "new_version": "v1",
      "quote_version": "1.0.0",
      "attachment": {
        "amount": 40000.0,
        "currency": "GBP"
      },
      "limit": {
        "amount": 3000000,
        "currency": "GBP"
      },
      "exclusions": [
        {
          "regime": "uk-gdpr",
          "control_ids": [
            "pl-2",
            "ra-3"
          ],
          "why": "Governance-of-record failures. The share of the uk-gdpr lower-tier exposure that ico's published control weights put on the system security plan (pl-2) and the risk assessment (ra-3) is retained by the insured: this cover attaches to breach consequence, not to the insured's own documentation of its programme."
        }
      ],
      "conditions": [
        {
          "source": "nist",
          "id": "ac-6",
          "consequence": "void",
          "why": "Least privilege enforced on the governed namespace. This estate implements ac-6; cover is written on the assumption it stays implemented."
        },
        {
          "source": "nist",
          "id": "cm-6",
          "consequence": "uplift",
          "uplift": {
            "amount": 25000,
            "currency": "GBP"
          },
          "why": "Configuration settings enforced. A lapse is survivable but re-rates the account by the stated amount at the next re-quote."
        }
      ],
      "valid_from": "2026-08-28",
      "valid_until": "2027-08-28",
      "priced_against": [
        {
          "party": "platform",
          "kind": "implementations",
          "version": "1.1.1"
        },
        {
          "party": "driftwood",
          "kind": "feed",
          "name": "exposure",
          "version": "v1.1.0",
          "exposure_sha256": "sha256:397abe81d6cbdbd7b27a5d2516dd9c35417e9922f995b8b6af7d1fca34829820"
        }
      ],
      "pin_signature": {
        "state": "signed",
        "tag": "v1.0.0",
        "detail": "tag v1.0.0 on the insurer checkout carries a signature block"
      },
      "hole": null
    },
    {
      "source": "platform",
      "kind": "agent-cage",
      "perspective": "driftwood",
      "currency": "GBP",
      "amount": null,
      "per_customer": null,
      "could_not_look": "missing instrument: driftwood composes no `source: twin` line, so there is no residual at the loosest and at the selected pod rung to take the loss magnitude from (ticket 30 decision 12; the line arrives with eco-system ticket 144)",
      "proposed_tier": null,
      "old_tier": null,
      "changed": false,
      "old_amount": null,
      "subject": "twin-agent",
      "name": "twin-agent",
      "residual_basis": "platform-twin-agent-table@1.0.0",
      "proposed_as": "evidence",
      "cost": {
        "amount": 0.0,
        "currency": "GBP",
        "basis": "0 in cash at every rung: Actions minutes are free on a public repository and the local clock runs on the owner's own subscription (ticket 30 decision 15); booked in tcor, never read by the selection"
      },
      "window": {
        "days": 1.0,
        "source": "the hub's .github/workflows/truth.yml `schedule: cron: '47 5 * * *'` (once a day), read 2026-09-26 at policy-as-versioned-flux/policy-as-versioned-flux origin/main 9c3b1f22",
        "detects": "a push to main or a merge made by a scheduled identity (verify/schedules/lane.py, eco-system ticket 142a) and a served declaration looser than the strictest priced line (verify/tier-binding)",
        "assumes": [
          "the truth run fires once a day as scheduled; the delay GitHub adds to a cron run (measured at up to ~5h on the estate's first firings) is not in the figure",
          "the loss runs until detection, not until repair: a red gate is acted on the day it is read",
          "one day is the schedule's whole interval, the upper bound on the wait for the next run; the mean wait is half of it"
        ]
      }
    },
    {
      "source": "ico",
      "kind": "switching",
      "perspective": "driftwood",
      "currency": "GBP",
      "amount": 1787177.0751717847,
      "per_customer": {
        "amount": 7.446571146549103,
        "currency": "GBP"
      },
      "name": "penalty-schema",
      "version": "v3",
      "since": "2026-08-28",
      "as_of": "2026-10-03",
      "pin_life_months": 2,
      "over_pin_life": 297862.8458619641,
      "could_not_look": null,
      "alternates": [],
      "unpriceable": [
        {
          "kind": "feed",
          "source": "ico",
          "name": "penalty-schema",
          "perspective": "driftwood",
          "currency": "GBP",
          "amount": 1787177.0751717847
        },
        {
          "kind": "supersede",
          "source": "ico",
          "name": "penalty-schema",
          "perspective": "driftwood",
          "currency": "GBP",
          "amount": 112616.63761356466
        }
      ],
      "sized": true,
      "basis": "re-composed with this publisher's feed edges dropped",
      "dropped_edges": [
        "ico/feed:penalty-schema@v3"
      ]
    },
    {
      "source": "feeds",
      "kind": "switching",
      "perspective": "driftwood",
      "currency": "GBP",
      "amount": 19558.54977243999,
      "per_customer": {
        "amount": 0.08149395738516663,
        "currency": "GBP"
      },
      "name": "threat-register",
      "version": "v4",
      "since": "2026-08-28",
      "as_of": "2026-10-03",
      "pin_life_months": 2,
      "over_pin_life": 3259.758295406665,
      "could_not_look": null,
      "alternates": [],
      "unpriceable": [
        {
          "kind": "feed",
          "source": "feeds",
          "name": "threat-register",
          "perspective": "driftwood",
          "currency": "GBP",
          "amount": 19558.549772440045
        },
        {
          "kind": "feed",
          "source": "feeds",
          "name": "cve",
          "perspective": "driftwood",
          "currency": "GBP",
          "amount": null
        }
      ],
      "sized": true,
      "basis": "re-composed with this publisher's feed edges dropped",
      "dropped_edges": [
        "feeds/feed:threat-register@v4",
        "feeds/feed:cve@v3"
      ]
    },
    {
      "source": "feeds",
      "kind": "switching",
      "perspective": "driftwood",
      "currency": "GBP",
      "amount": 19558.54977243999,
      "per_customer": {
        "amount": 0.08149395738516663,
        "currency": "GBP"
      },
      "name": "cve",
      "version": "v3",
      "since": "2026-10-03",
      "as_of": "2026-10-03",
      "pin_life_months": 0,
      "over_pin_life": 0.0,
      "could_not_look": null,
      "alternates": [],
      "unpriceable": [
        {
          "kind": "feed",
          "source": "feeds",
          "name": "threat-register",
          "perspective": "driftwood",
          "currency": "GBP",
          "amount": 19558.549772440045
        },
        {
          "kind": "feed",
          "source": "feeds",
          "name": "cve",
          "perspective": "driftwood",
          "currency": "GBP",
          "amount": null
        }
      ],
      "sized": true,
      "basis": "re-composed with this publisher's feed edges dropped",
      "dropped_edges": [
        "feeds/feed:threat-register@v4",
        "feeds/feed:cve@v3"
      ]
    },
    {
      "source": "insurer",
      "kind": "switching",
      "perspective": "driftwood",
      "currency": "GBP",
      "amount": 0.0,
      "per_customer": {
        "amount": 0.0,
        "currency": "GBP"
      },
      "name": "quote-driftwood",
      "version": "v1",
      "since": "2026-08-28",
      "as_of": "2026-10-03",
      "pin_life_months": 2,
      "over_pin_life": 0.0,
      "could_not_look": null,
      "alternates": [],
      "unpriceable": [
        {
          "kind": "premium",
          "source": "insurer",
          "name": "quote-driftwood",
          "perspective": "driftwood",
          "currency": "GBP",
          "amount": 113403.3
        }
      ],
      "sized": true,
      "basis": "re-composed with this publisher's feed edges dropped",
      "dropped_edges": [
        "insurer/feed:quote-driftwood@v1"
      ]
    }
  ],
  "deltas": [],
  "floor_change": {
    "schema": 1,
    "before": {
      "known": false
    },
    "after": {
      "known": true,
      "value": null
    },
    "changed": null,
    "basis": "floor-only counterfactual at current publisher, scenario, appetite and selection inputs",
    "residual_basis": "platform-cage-tiers@1.0.0",
    "lines": [
      {
        "source": "ico",
        "kind": "feed",
        "name": "penalty-schema",
        "perspective": "driftwood",
        "currency": "GBP",
        "uncaged_amount": 1787177.0751717847,
        "before_tier": null,
        "after_tier": "isolated",
        "before_residual": null,
        "after_residual": 35743.54150343573,
        "residual_delta": null
      },
      {
        "source": "feeds",
        "kind": "feed",
        "name": "threat-register",
        "perspective": "driftwood",
        "currency": "GBP",
        "uncaged_amount": 19558.549772440045,
        "before_tier": null,
        "after_tier": "baseline",
        "before_residual": null,
        "after_residual": 13690.98484070803,
        "residual_delta": null
      },
      {
        "source": "feeds",
        "kind": "feed",
        "name": "cve",
        "perspective": "driftwood",
        "currency": "GBP",
        "uncaged_amount": null,
        "before_tier": null,
        "after_tier": null,
        "before_residual": null,
        "after_residual": null,
        "residual_delta": null
      }
    ],
    "could_not_look": "previous floor was not recorded; absence of history is not an absent floor",
    "limit": "selection evidence, not an enacted Namespace tier; platform reductions are self-declared calibration, not measured effectiveness"
  },
  "limits": [
    {
      "name": "two-publisher-conflict",
      "detail": "the cross-party rule-conflict path above is only exercised in the real estate once a second implementations publisher is pinned",
      "count": 1,
      "status": "open"
    },
    {
      "name": "pinned-parent-lacks-rendered-versions",
      "detail": "the composed set renders policy versions the pinned parent commit does not contain; the header names a parent release that holds none of these trees. every rendered version is present at the pinned commit",
      "count": 0,
      "checked": 3,
      "status": "closed"
    },
    {
      "name": "publisher-clone-absent",
      "detail": "every priced feed was read from its publisher's own pinned tree",
      "count": 0,
      "checked": 4,
      "status": "closed"
    }
  ],
  "vendored": [
    {
      "party": "ico",
      "kind": "feed",
      "name": "penalty-schema",
      "version": "v3",
      "sha": "e1fb8eb5663e50088b13d872a4e44112476f516e",
      "feed_path": "penalty-schema/v3/feed.json",
      "party_artefact": "party.yaml",
      "converter": "penalty-schema/to_fair_scenario.py",
      "converter_from": "ico",
      "invocation": [
        "build",
        "uk-gdpr",
        "lower-tier",
        "--turnover",
        "86000000.00"
      ],
      "scenario_sha256": "1a7219f32bce9410cd6bd7776360348e88d0a1c5058e6ee299743f4b086ab534",
      "payload_version_key": "schema_version",
      "published_at": "2026-08-28",
      "files": {
        "party.yaml": "6f7e82a9616ee49ba2bbe1f2824b43458f8f72fd859216e2d5ba32577364ac72",
        "penalty-schema/to_fair_scenario.py": "560a38c04397e8e98d56a279ca5b88cb2b2707a8a22a5c8d71a9be74946bb982",
        "penalty-schema/v3/feed.json": "e23318cb9b580b5e9bde3621720197af08aaceb7510e27b3c20d10b6fe783cda"
      },
      "publisher_observation": {
        "schema": 1,
        "party": "ico",
        "name": "penalty-schema",
        "version": "v3",
        "sha": "e1fb8eb5663e50088b13d872a4e44112476f516e",
        "pin_signature": {
          "state": "signed",
          "tag": "v3.0.0",
          "detail": "tag v3.0.0 on the ico checkout carries a signature block"
        },
        "newer": {
          "version": "v4",
          "tag": "v4.0.0",
          "tagged": "2026-09-10",
          "published_at": null,
          "readable": false,
          "since_tag": "v4.0.0",
          "since": "2026-09-10"
        },
        "superseded": {
          "state": "behind",
          "detail": "tag v4.0.0, signed 2026-09-10, publishes penalty-schema v4 ahead of the pinned v3; behind since 2026-09-10, the day v4.0.0 was cut; this checkout carries no directory for v4.0.0, so the line is priced from the signed tags alone"
        }
      },
      "path": "composed/feeds/ico/penalty-schema/v3"
    },
    {
      "party": "feeds",
      "kind": "feed",
      "name": "threat-register",
      "version": "v4",
      "sha": "37dfe4a2de50f1a1fd7aeb6348d819373188e0e6",
      "feed_path": "threat-register/v4/feed.json",
      "party_artefact": "party.yaml",
      "converter": "threat-register/to_fair_scenario.py",
      "converter_from": "feeds",
      "invocation": [
        "threat",
        "driftwood"
      ],
      "scenario_sha256": "c67b37e1b4f0d1e5c7c6f99fe0ef220c0a6e95c844d981ba054a12a3283c242a",
      "payload_version_key": "feed_version",
      "published_at": "2026-09-26",
      "files": {
        "party.yaml": "6d5211a16fe5bfbe6bd28fc0f4c876f9de8fca8a2a43d2750a4f855610ee0823",
        "threat-register/to_fair_scenario.py": "5b58162dd42404c0afc0ad3d063aeb4cd71a7076baca7ed7f7875e781d509d41",
        "threat-register/v4/feed.json": "e88332226c882103e469b43770bd177ff10384500825236f2fcdaf11dda168fd"
      },
      "publisher_observation": {
        "schema": 1,
        "party": "feeds",
        "name": "threat-register",
        "version": "v4",
        "sha": "37dfe4a2de50f1a1fd7aeb6348d819373188e0e6",
        "pin_signature": {
          "state": "signed",
          "tag": "threat-register/v4.0.0",
          "detail": "tag threat-register/v4.0.0 on the feeds checkout carries a signature block"
        },
        "newer": null,
        "superseded": {
          "state": "current",
          "detail": "no signed tag of the form threat-register/vN.x.y with N > 4 on the feeds checkout, so the pinned v4 is the newest published major"
        }
      },
      "path": "composed/feeds/feeds/threat-register/v4"
    },
    {
      "party": "feeds",
      "kind": "feed",
      "name": "cve",
      "version": "v3",
      "sha": "37dfe4a2de50f1a1fd7aeb6348d819373188e0e6",
      "feed_path": "cve/v3/feed.json",
      "party_artefact": "party.yaml",
      "converter": "cve/to_fair_scenario.py",
      "converter_from": "platform",
      "invocation": [
        "cve",
        "--inventory-json",
        "{\"images\":[{\"database_date\":\"2026-10-03T07:01:46.027466673Z\",\"digest\":\"sha256:90ccb85d903b8137863695681c2cf6b8cb85ba59835be5e24857e72895b977a3\",\"image\":\"ghcr.io/policy-as-versioned-driftwood/api:v1.0.1@sha256:90ccb85d903b8137863695681c2cf6b8cb85ba59835be5e24857e72895b977a3\",\"scanner_version\":\"0.69.3\",\"vulnerabilities\":[]},{\"database_date\":\"2026-10-03T07:01:46.027466673Z\",\"digest\":\"sha256:6affc441f4181ec9e43976ab4115e8b239fe5a73ba30de8f61f5ff691de303d6\",\"image\":\"ghcr.io/policy-as-versioned-driftwood/storefront:v1.0.1@sha256:6affc441f4181ec9e43976ab4115e8b239fe5a73ba30de8f61f5ff691de303d6\",\"scanner_version\":\"0.69.3\",\"vulnerabilities\":[{\"fixed_version\":\"2.6.9, 3.1.0, 3.2.7, 4.3.1\",\"id\":\"CVE-2017-16137\",\"installed_version\":\"4.1.1\",\"package\":\"debug\",\"severity\":\"LOW\"},{\"fixed_version\":\"11.0.5, 11.1.0-next.3, 10.2.5\",\"id\":\"CVE-2021-4231\",\"installed_version\":\"9.1.13\",\"package\":\"@angular/core\",\"severity\":\"MEDIUM\"},{\"fixed_version\":\"4.1.1\",\"id\":\"CVE-2022-25881\",\"installed_version\":\"3.8.1\",\"package\":\"http-cache-semantics\",\"severity\":\"HIGH\"},{\"fixed_version\":\"7.5.2, 6.3.1, 5.7.2\",\"id\":\"CVE-2022-25883\",\"installed_version\":\"7.1.3\",\"package\":\"semver\",\"severity\":\"HIGH\"},{\"fixed_version\":\"4.1.3\",\"id\":\"CVE-2023-26136\",\"installed_version\":\"2.5.0\",\"package\":\"tough-cookie\",\"severity\":\"MEDIUM\"},{\"fixed_version\":\"\",\"id\":\"CVE-2023-28155\",\"installed_version\":\"2.88.2\",\"package\":\"request\",\"severity\":\"MEDIUM\"},{\"fixed_version\":\"2.0.1, 1.1.9\",\"id\":\"CVE-2023-42282\",\"installed_version\":\"1.1.5\",\"package\":\"ip\",\"severity\":\"LOW\"},{\"fixed_version\":\"6.2.1\",\"id\":\"CVE-2024-28863\",\"installed_version\":\"4.4.19\",\"package\":\"tar\",\"severity\":\"MEDIUM\"},{\"fixed_version\":\"\",\"id\":\"CVE-2024-29415\",\"installed_version\":\"1.1.5\",\"package\":\"ip\",\"severity\":\"HIGH\"},{\"fixed_version\":\"1.37.0-r14\",\"id\":\"CVE-2024-58251\",\"installed_version\":\"1.37.0-r12\",\"package\":\"busybox\",\"severity\":\"MEDIUM\"},{\"fixed_version\":\"1.37.0-r14\",\"id\":\"CVE-2024-58251\",\"installed_version\":\"1.37.0-r12\",\"package\":\"busybox-binsh\",\"severity\":\"MEDIUM\"},{\"fixed_version\":\"1.37.0-r14\",\"id\":\"CVE-2024-58251\",\"installed_version\":\"1.37.0-r12\",\"package\":\"ssl_client\",\"severity\":\"MEDIUM\"},{\"fixed_version\":\"8.14.1-r2\",\"id\":\"CVE-2025-10148\",\"installed_version\":\"8.12.1-r1\",\"package\":\"curl\",\"severity\":\"LOW\"},{\"fixed_version\":\"8.14.1-r2\",\"id\":\"CVE-2025-10148\",\"installed_version\":\"8.12.1-r1\",\"package\":\"libcurl\",\"severity\":\"LOW\"},{\"fixed_version\":\"6.14.1\",\"id\":\"CVE-2025-15284\",\"installed_version\":\"6.5.5\",\"package\":\"qs\",\"severity\":\"MEDIUM\"},{\"fixed_version\":\"3.3.6-r0\",\"id\":\"CVE-2025-15467\",\"installed_version\":\"3.3.3-r0\",\"package\":\"libcrypto3\",\"severity\":\"HIGH\"},{\"fixed_version\":\"3.3.6-r0\",\"id\":\"CVE-2025-15467\",\"installed_version\":\"3.3.3-r0\",\"package\":\"libssl3\",\"severity\":\"HIGH\"},{\"fixed_version\":\"3.3.6-r0\",\"id\":\"CVE-2025-15468\",\"installed_version\":\"3.3.3-r0\",\"package\":\"libcrypto3\",\"severity\":\"LOW\"},{\"fixed_version\":\"3.3.6-r0\",\"id\":\"CVE-2025-15468\",\"installed_version\":\"3.3.3-r0\",\"package\":\"libssl3\",\"severity\":\"LOW\"},{\"fixed_version\":\"2.13.4-r6\",\"id\":\"CVE-2025-32414\",\"installed_version\":\"2.13.4-r5\",\"package\":\"libxml2\",\"severity\":\"HIGH\"},{\"fixed_version\":\"2.13.4-r6\",\"id\":\"CVE-2025-32415\",\"installed_version\":\"2.13.4-r5\",\"package\":\"libxml2\",\"severity\":\"HIGH\"},{\"fixed_version\":\"1.37.0-r14\",\"id\":\"CVE-2025-46394\",\"installed_version\":\"1.37.0-r12\",\"package\":\"busybox\",\"severity\":\"LOW\"},{\"fixed_version\":\"1.37.0-r14\",\"id\":\"CVE-2025-46394\",\"installed_version\":\"1.37.0-r12\",\"package\":\"busybox-binsh\",\"severity\":\"LOW\"},{\"fixed_version\":\"1.37.0-r14\",\"id\":\"CVE-2025-46394\",\"installed_version\":\"1.37.0-r12\",\"package\":\"ssl_client\",\"severity\":\"LOW\"},{\"fixed_version\":\"8.14.0-r0\",\"id\":\"CVE-2025-4947\",\"installed_version\":\"8.12.1-r1\",\"package\":\"curl\",\"severity\":\"MEDIUM\"},{\"fixed_version\":\"8.14.0-r0\",\"id\":\"CVE-2025-4947\",\"installed_version\":\"8.12.1-r1\",\"package\":\"libcurl\",\"severity\":\"MEDIUM\"},{\"fixed_version\":\"2.13.9-r0\",\"id\":\"CVE-2025-49794\",\"installed_version\":\"2.13.4-r5\",\"package\":\"libxml2\",\"severity\":\"HIGH\"},{\"fixed_version\":\"2.13.9-r0\",\"id\":\"CVE-2025-49795\",\"installed_version\":\"2.13.4-r5\",\"package\":\"libxml2\",\"severity\":\"HIGH\"},{\"fixed_version\":\"2.13.9-r0\",\"id\":\"CVE-2025-49796\",\"installed_version\":\"2.13.4-r5\",\"package\":\"libxml2\",\"severity\":\"HIGH\"},{\"fixed_version\":\"8.14.0-r0\",\"id\":\"CVE-2025-5025\",\"installed_version\":\"8.12.1-r1\",\"package\":\"curl\",\"severity\":\"MEDIUM\"},{\"fixed_version\":\"8.14.0-r0\",\"id\":\"CVE-2025-5025\",\"installed_version\":\"8.12.1-r1\",\"package\":\"libcurl\",\"severity\":\"MEDIUM\"},{\"fixed_version\":\"8.14.1-r0\",\"id\":\"CVE-2025-5399\",\"installed_version\":\"8.12.1-r1\",\"package\":\"curl\",\"severity\":\"MEDIUM\"},{\"fixed_version\":\"8.14.1-r0\",\"id\":\"CVE-2025-5399\",\"installed_version\":\"8.12.1-r1\",\"package\":\"libcurl\",\"severity\":\"MEDIUM\"},{\"fixed_version\":\"0.2.4\",\"id\":\"CVE-2025-54798\",\"installed_version\":\"0.0.33\",\"package\":\"tmp\",\"severity\":\"LOW\"},{\"fixed_version\":\"2.7.2-r0\",\"id\":\"CVE-2025-59375\",\"installed_version\":\"2.7.0-r0\",\"package\":\"libexpat\",\"severity\":\"HIGH\"},{\"fixed_version\":\"2.13.9-r0\",\"id\":\"CVE-2025-6021\",\"installed_version\":\"2.13.4-r5\",\"package\":\"libxml2\",\"severity\":\"MEDIUM\"},{\"fixed_version\":\"2.13.9-r0\",\"id\":\"CVE-2025-6170\",\"installed_version\":\"2.13.4-r5\",\"package\":\"libxml2\",\"severity\":\"LOW\"},{\"fixed_version\":\"1.34.6-r0\",\"id\":\"CVE-2025-62408\",\"installed_version\":\"1.34.5-r0\",\"package\":\"c-ares\",\"severity\":\"MEDIUM\"},{\"fixed_version\":\"1.6.53-r0\",\"id\":\"CVE-2025-64505\",\"installed_version\":\"1.6.47-r0\",\"package\":\"libpng\",\"severity\":\"MEDIUM\"},{\"fixed_version\":\"1.6.53-r0\",\"id\":\"CVE-2025-64506\",\"installed_version\":\"1.6.47-r0\",\"package\":\"libpng\",\"severity\":\"MEDIUM\"},{\"fixed_version\":\"1.6.53-r0\",\"id\":\"CVE-2025-64720\",\"installed_version\":\"1.6.47-r0\",\"package\":\"libpng\",\"severity\":\"HIGH\"},{\"fixed_version\":\"1.6.53-r0\",\"id\":\"CVE-2025-65018\",\"installed_version\":\"1.6.47-r0\",\"package\":\"libpng\",\"severity\":\"HIGH\"},{\"fixed_version\":\"21.0.1, 20.3.14, 19.2.16\",\"id\":\"CVE-2025-66035\",\"installed_version\":\"9.1.13\",\"package\":\"@angular/common\",\"severity\":\"HIGH\"},{\"fixed_version\":\"3.3.6-r0\",\"id\":\"CVE-2025-66199\",\"installed_version\":\"3.3.3-r0\",\"package\":\"libcrypto3\",\"severity\":\"LOW\"},{\"fixed_version\":\"3.3.6-r0\",\"id\":\"CVE-2025-66199\",\"installed_version\":\"3.3.3-r0\",\"package\":\"libssl3\",\"severity\":\"LOW\"},{\"fixed_version\":\"1.6.53-r0\",\"id\":\"CVE-2025-66293\",\"installed_version\":\"1.6.47-r0\",\"package\":\"libpng\",\"severity\":\"HIGH\"},{\"fixed_version\":\"21.0.2, 20.3.15, 19.2.17\",\"id\":\"CVE-2025-66412\",\"installed_version\":\"9.1.13\",\"package\":\"@angular/compiler\",\"severity\":\"HIGH\"},{\"fixed_version\":\"3.3.6-r0\",\"id\":\"CVE-2025-68160\",\"installed_version\":\"3.3.3-r0\",\"package\":\"libcrypto3\",\"severity\":\"LOW\"},{\"fixed_version\":\"3.3.6-r0\",\"id\":\"CVE-2025-68160\",\"installed_version\":\"3.3.3-r0\",\"package\":\"libssl3\",\"severity\":\"LOW\"},{\"fixed_version\":\"3.3.6-r0\",\"id\":\"CVE-2025-69418\",\"installed_version\":\"3.3.3-r0\",\"package\":\"libcrypto3\",\"severity\":\"LOW\"},{\"fixed_version\":\"3.3.6-r0\",\"id\":\"CVE-2025-69418\",\"installed_version\":\"3.3.3-r0\",\"package\":\"libssl3\",\"severity\":\"LOW\"},{\"fixed_version\":\"3.3.6-r0\",\"id\":\"CVE-2025-69419\",\"installed_version\":\"3.3.3-r0\",\"package\":\"libcrypto3\",\"severity\":\"MEDIUM\"},{\"fixed_version\":\"3.3.6-r0\",\"id\":\"CVE-2025-69419\",\"installed_version\":\"3.3.3-r0\",\"package\":\"libssl3\",\"severity\":\"MEDIUM\"},{\"fixed_version\":\"3.3.6-r0\",\"id\":\"CVE-2025-69420\",\"installed_version\":\"3.3.3-r0\",\"package\":\"libcrypto3\",\"severity\":\"LOW\"},{\"fixed_version\":\"3.3.6-r0\",\"id\":\"CVE-2025-69420\",\"installed_version\":\"3.3.3-r0\",\"package\":\"libssl3\",\"severity\":\"LOW\"},{\"fixed_version\":\"3.3.6-r0\",\"id\":\"CVE-2025-69421\",\"installed_version\":\"3.3.3-r0\",\"package\":\"libcrypto3\",\"severity\":\"HIGH\"},{\"fixed_version\":\"3.3.6-r0\",\"id\":\"CVE-2025-69421\",\"installed_version\":\"3.3.3-r0\",\"package\":\"libssl3\",\"severity\":\"HIGH\"},{\"fixed_version\":\"8.18.0, 6.14.0\",\"id\":\"CVE-2025-69873\",\"installed_version\":\"6.12.3\",\"package\":\"ajv\",\"severity\":\"MEDIUM\"},{\"fixed_version\":\"2.5.4, 3.0.4, 4.0.4\",\"id\":\"CVE-2025-7783\",\"installed_version\":\"2.3.3\",\"package\":\"form-data\",\"severity\":\"CRITICAL\"},{\"fixed_version\":\"4.7.1-r0\",\"id\":\"CVE-2025-8961\",\"installed_version\":\"4.7.0-r0\",\"package\":\"tiff\",\"severity\":\"LOW\"},{\"fixed_version\":\"8.14.1-r2\",\"id\":\"CVE-2025-9086\",\"installed_version\":\"8.12.1-r1\",\"package\":\"curl\",\"severity\":\"MEDIUM\"},{\"fixed_version\":\"8.14.1-r2\",\"id\":\"CVE-2025-9086\",\"installed_version\":\"8.12.1-r1\",\"package\":\"libcurl\",\"severity\":\"MEDIUM\"},{\"fixed_version\":\"4.7.1-r0\",\"id\":\"CVE-2025-9165\",\"installed_version\":\"4.7.0-r0\",\"package\":\"tiff\",\"severity\":\"LOW\"},{\"fixed_version\":\"3.3.5-r0\",\"id\":\"CVE-2025-9230\",\"installed_version\":\"3.3.3-r0\",\"package\":\"libcrypto3\",\"severity\":\"MEDIUM\"},{\"fixed_version\":\"3.3.5-r0\",\"id\":\"CVE-2025-9230\",\"installed_version\":\"3.3.3-r0\",\"package\":\"libssl3\",\"severity\":\"MEDIUM\"},{\"fixed_version\":\"3.3.5-r0\",\"id\":\"CVE-2025-9231\",\"installed_version\":\"3.3.3-r0\",\"package\":\"libcrypto3\",\"severity\":\"MEDIUM\"},{\"fixed_version\":\"3.3.5-r0\",\"id\":\"CVE-2025-9231\",\"installed_version\":\"3.3.3-r0\",\"package\":\"libssl3\",\"severity\":\"MEDIUM\"},{\"fixed_version\":\"3.3.5-r0\",\"id\":\"CVE-2025-9232\",\"installed_version\":\"3.3.3-r0\",\"package\":\"libcrypto3\",\"severity\":\"LOW\"},{\"fixed_version\":\"3.3.5-r0\",\"id\":\"CVE-2025-9232\",\"installed_version\":\"3.3.3-r0\",\"package\":\"libssl3\",\"severity\":\"LOW\"},{\"fixed_version\":\"22.2.0, 21.2.24, 20.3.32\",\"id\":\"CVE-2026-101896\",\"installed_version\":\"9.1.13\",\"package\":\"@angular/router\",\"severity\":\"HIGH\"},{\"fixed_version\":\"2.5.6, 3.0.5, 4.0.6\",\"id\":\"CVE-2026-12143\",\"installed_version\":\"2.3.3\",\"package\":\"form-data\",\"severity\":\"HIGH\"},{\"fixed_version\":\"1.3.2-r0\",\"id\":\"CVE-2026-22184\",\"installed_version\":\"1.3.1-r2\",\"package\":\"zlib\",\"severity\":\"HIGH\"},{\"fixed_version\":\"21.1.0-rc.0, 21.0.7, 20.3.16, 19.2.18\",\"id\":\"CVE-2026-22610\",\"installed_version\":\"9.1.13\",\"package\":\"@angular/compiler\",\"severity\":\"HIGH\"},{\"fixed_version\":\"21.1.0-rc.0, 21.0.7, 20.3.16, 19.2.18\",\"id\":\"CVE-2026-22610\",\"installed_version\":\"9.1.13\",\"package\":\"@angular/core\",\"severity\":\"HIGH\"},{\"fixed_version\":\"1.6.54-r0\",\"id\":\"CVE-2026-22695\",\"installed_version\":\"1.6.47-r0\",\"package\":\"libpng\",\"severity\":\"HIGH\"},{\"fixed_version\":\"3.3.6-r0\",\"id\":\"CVE-2026-22795\",\"installed_version\":\"3.3.3-r0\",\"package\":\"libcrypto3\",\"severity\":\"LOW\"},{\"fixed_version\":\"3.3.6-r0\",\"id\":\"CVE-2026-22795\",\"installed_version\":\"3.3.3-r0\",\"package\":\"libssl3\",\"severity\":\"LOW\"},{\"fixed_version\":\"3.3.6-r0\",\"id\":\"CVE-2026-22796\",\"installed_version\":\"3.3.3-r0\",\"package\":\"libcrypto3\",\"severity\":\"LOW\"},{\"fixed_version\":\"3.3.6-r0\",\"id\":\"CVE-2026-22796\",\"installed_version\":\"3.3.3-r0\",\"package\":\"libssl3\",\"severity\":\"LOW\"},{\"fixed_version\":\"1.6.54-r0\",\"id\":\"CVE-2026-22801\",\"installed_version\":\"1.6.47-r0\",\"package\":\"libpng\",\"severity\":\"HIGH\"},{\"fixed_version\":\"7.5.3\",\"id\":\"CVE-2026-23745\",\"installed_version\":\"4.4.19\",\"package\":\"tar\",\"severity\":\"HIGH\"},{\"fixed_version\":\"7.5.4\",\"id\":\"CVE-2026-23950\",\"installed_version\":\"4.4.19\",\"package\":\"tar\",\"severity\":\"HIGH\"},{\"fixed_version\":\"2.7.4-r0\",\"id\":\"CVE-2026-24515\",\"installed_version\":\"2.7.0-r0\",\"package\":\"libexpat\",\"severity\":\"LOW\"},{\"fixed_version\":\"7.5.7\",\"id\":\"CVE-2026-24842\",\"installed_version\":\"4.4.19\",\"package\":\"tar\",\"severity\":\"HIGH\"},{\"fixed_version\":\"2.7.4-r0\",\"id\":\"CVE-2026-25210\",\"installed_version\":\"2.7.0-r0\",\"package\":\"libexpat\",\"severity\":\"HIGH\"},{\"fixed_version\":\"1.6.55-r0\",\"id\":\"CVE-2026-25646\",\"installed_version\":\"1.6.47-r0\",\"package\":\"libpng\",\"severity\":\"HIGH\"},{\"fixed_version\":\"7.5.8\",\"id\":\"CVE-2026-26960\",\"installed_version\":\"4.4.19\",\"package\":\"tar\",\"severity\":\"HIGH\"},{\"fixed_version\":\"1.68.1\",\"id\":\"CVE-2026-27135\",\"installed_version\":\"1.64.0-r0\",\"package\":\"nghttp2-libs\",\"severity\":\"HIGH\"},{\"fixed_version\":\"1.3.2-r0\",\"id\":\"CVE-2026-27171\",\"installed_version\":\"1.3.1-r2\",\"package\":\"zlib\",\"severity\":\"MEDIUM\"},{\"fixed_version\":\"21.2.0, 21.1.6, 20.3.17, 19.2.19\",\"id\":\"CVE-2026-27970\",\"installed_version\":\"9.1.13\",\"package\":\"@angular/core\",\"severity\":\"HIGH\"},{\"fixed_version\":\"3.3.7-r0\",\"id\":\"CVE-2026-28387\",\"installed_version\":\"3.3.3-r0\",\"package\":\"libcrypto3\",\"severity\":\"HIGH\"},{\"fixed_version\":\"3.3.7-r0\",\"id\":\"CVE-2026-28387\",\"installed_version\":\"3.3.3-r0\",\"package\":\"libssl3\",\"severity\":\"HIGH\"},{\"fixed_version\":\"3.3.7-r0\",\"id\":\"CVE-2026-28388\",\"installed_version\":\"3.3.3-r0\",\"package\":\"libcrypto3\",\"severity\":\"HIGH\"},{\"fixed_version\":\"3.3.7-r0\",\"id\":\"CVE-2026-28388\",\"installed_version\":\"3.3.3-r0\",\"package\":\"libssl3\",\"severity\":\"HIGH\"},{\"fixed_version\":\"3.3.7-r0\",\"id\":\"CVE-2026-28389\",\"installed_version\":\"3.3.3-r0\",\"package\":\"libcrypto3\",\"severity\":\"HIGH\"},{\"fixed_version\":\"3.3.7-r0\",\"id\":\"CVE-2026-28389\",\"installed_version\":\"3.3.3-r0\",\"package\":\"libssl3\",\"severity\":\"HIGH\"},{\"fixed_version\":\"3.3.7-r0\",\"id\":\"CVE-2026-28390\",\"installed_version\":\"3.3.3-r0\",\"package\":\"libcrypto3\",\"severity\":\"HIGH\"},{\"fixed_version\":\"3.3.7-r0\",\"id\":\"CVE-2026-28390\",\"installed_version\":\"3.3.3-r0\",\"package\":\"libssl3\",\"severity\":\"HIGH\"},{\"fixed_version\":\"7.5.10\",\"id\":\"CVE-2026-29786\",\"installed_version\":\"4.4.19\",\"package\":\"tar\",\"severity\":\"HIGH\"},{\"fixed_version\":\"3.3.7-r0\",\"id\":\"CVE-2026-31789\",\"installed_version\":\"3.3.3-r0\",\"package\":\"libcrypto3\",\"severity\":\"CRITICAL\"},{\"fixed_version\":\"3.3.7-r0\",\"id\":\"CVE-2026-31789\",\"installed_version\":\"3.3.3-r0\",\"package\":\"libssl3\",\"severity\":\"CRITICAL\"},{\"fixed_version\":\"3.3.7-r0\",\"id\":\"CVE-2026-31790\",\"installed_version\":\"3.3.3-r0\",\"package\":\"libcrypto3\",\"severity\":\"MEDIUM\"},{\"fixed_version\":\"3.3.7-r0\",\"id\":\"CVE-2026-31790\",\"installed_version\":\"3.3.3-r0\",\"package\":\"libssl3\",\"severity\":\"MEDIUM\"},{\"fixed_version\":\"7.5.11\",\"id\":\"CVE-2026-31802\",\"installed_version\":\"4.4.19\",\"package\":\"tar\",\"severity\":\"HIGH\"},{\"fixed_version\":\"2.7.5-r0\",\"id\":\"CVE-2026-32776\",\"installed_version\":\"2.7.0-r0\",\"package\":\"libexpat\",\"severity\":\"MEDIUM\"},{\"fixed_version\":\"2.7.5-r0\",\"id\":\"CVE-2026-32777\",\"installed_version\":\"2.7.0-r0\",\"package\":\"libexpat\",\"severity\":\"MEDIUM\"},{\"fixed_version\":\"2.7.5-r0\",\"id\":\"CVE-2026-32778\",\"installed_version\":\"2.7.0-r0\",\"package\":\"libexpat\",\"severity\":\"MEDIUM\"},{\"fixed_version\":\"1.6.56-r0\",\"id\":\"CVE-2026-33416\",\"installed_version\":\"1.6.47-r0\",\"package\":\"libpng\",\"severity\":\"MEDIUM\"},{\"fixed_version\":\"1.34.8-r0\",\"id\":\"CVE-2026-33630\",\"installed_version\":\"1.34.5-r0\",\"package\":\"c-ares\",\"severity\":\"HIGH\"},{\"fixed_version\":\"1.6.56-r0\",\"id\":\"CVE-2026-33636\",\"installed_version\":\"1.6.47-r0\",\"package\":\"libpng\",\"severity\":\"MEDIUM\"},{\"fixed_version\":\"3.3.7-r1\",\"id\":\"CVE-2026-34182\",\"installed_version\":\"3.3.3-r0\",\"package\":\"libcrypto3\",\"severity\":\"MEDIUM\"},{\"fixed_version\":\"3.3.7-r1\",\"id\":\"CVE-2026-34182\",\"installed_version\":\"3.3.3-r0\",\"package\":\"libssl3\",\"severity\":\"MEDIUM\"},{\"fixed_version\":\"3.3.7-r1\",\"id\":\"CVE-2026-34183\",\"installed_version\":\"3.3.3-r0\",\"package\":\"libcrypto3\",\"severity\":\"MEDIUM\"},{\"fixed_version\":\"3.3.7-r1\",\"id\":\"CVE-2026-34183\",\"installed_version\":\"3.3.3-r0\",\"package\":\"libssl3\",\"severity\":\"MEDIUM\"},{\"fixed_version\":\"5.8.3-r0\",\"id\":\"CVE-2026-34743\",\"installed_version\":\"5.6.3-r1\",\"package\":\"xz-libs\",\"severity\":\"MEDIUM\"},{\"fixed_version\":\"1.6.57-r0\",\"id\":\"CVE-2026-34757\",\"installed_version\":\"1.6.47-r0\",\"package\":\"libpng\",\"severity\":\"MEDIUM\"},{\"fixed_version\":\"3.3.7-r2\",\"id\":\"CVE-2026-35189\",\"installed_version\":\"3.3.3-r0\",\"package\":\"libcrypto3\",\"severity\":\"LOW\"},{\"fixed_version\":\"3.3.7-r2\",\"id\":\"CVE-2026-35189\",\"installed_version\":\"3.3.3-r0\",\"package\":\"libssl3\",\"severity\":\"LOW\"},{\"fixed_version\":\"1.2.5-r11\",\"id\":\"CVE-2026-40200\",\"installed_version\":\"1.2.5-r9\",\"package\":\"musl\",\"severity\":\"HIGH\"},{\"fixed_version\":\"1.2.5-r11\",\"id\":\"CVE-2026-40200\",\"installed_version\":\"1.2.5-r9\",\"package\":\"musl-utils\",\"severity\":\"HIGH\"},{\"fixed_version\":\"1.6.59-r0\",\"id\":\"CVE-2026-40930\",\"installed_version\":\"1.6.47-r0\",\"package\":\"libpng\",\"severity\":\"MEDIUM\"},{\"fixed_version\":\"2.8.1-r0\",\"id\":\"CVE-2026-41080\",\"installed_version\":\"2.7.0-r0\",\"package\":\"libexpat\",\"severity\":\"LOW\"},{\"fixed_version\":\"11.1.1, 12.0.1, 13.0.1\",\"id\":\"CVE-2026-41907\",\"installed_version\":\"3.4.0\",\"package\":\"uuid\",\"severity\":\"MEDIUM\"},{\"fixed_version\":\"11.1.1, 12.0.1, 13.0.1\",\"id\":\"CVE-2026-41907\",\"installed_version\":\"7.0.2\",\"package\":\"uuid\",\"severity\":\"MEDIUM\"},{\"fixed_version\":\"3.3.7-r1\",\"id\":\"CVE-2026-42766\",\"installed_version\":\"3.3.3-r0\",\"package\":\"libcrypto3\",\"severity\":\"LOW\"},{\"fixed_version\":\"3.3.7-r1\",\"id\":\"CVE-2026-42766\",\"installed_version\":\"3.3.3-r0\",\"package\":\"libssl3\",\"severity\":\"LOW\"},{\"fixed_version\":\"3.3.7-r1\",\"id\":\"CVE-2026-42768\",\"installed_version\":\"3.3.3-r0\",\"package\":\"libcrypto3\",\"severity\":\"LOW\"},{\"fixed_version\":\"3.3.7-r1\",\"id\":\"CVE-2026-42768\",\"installed_version\":\"3.3.3-r0\",\"package\":\"libssl3\",\"severity\":\"LOW\"},{\"fixed_version\":\"3.3.7-r1\",\"id\":\"CVE-2026-42770\",\"installed_version\":\"3.3.3-r0\",\"package\":\"libcrypto3\",\"severity\":\"LOW\"},{\"fixed_version\":\"3.3.7-r1\",\"id\":\"CVE-2026-42770\",\"installed_version\":\"3.3.3-r0\",\"package\":\"libssl3\",\"severity\":\"LOW\"},{\"fixed_version\":\"3.5.19-r0\",\"id\":\"CVE-2026-4367\",\"installed_version\":\"3.5.17-r0\",\"package\":\"libxpm\",\"severity\":\"MEDIUM\"},{\"fixed_version\":\"0.2.6\",\"id\":\"CVE-2026-44705\",\"installed_version\":\"0.0.33\",\"package\":\"tmp\",\"severity\":\"HIGH\"},{\"fixed_version\":\"2.8.1-r0\",\"id\":\"CVE-2026-45186\",\"installed_version\":\"2.7.0-r0\",\"package\":\"libexpat\",\"severity\":\"HIGH\"},{\"fixed_version\":\"3.3.7-r1\",\"id\":\"CVE-2026-45445\",\"installed_version\":\"3.3.3-r0\",\"package\":\"libcrypto3\",\"severity\":\"MEDIUM\"},{\"fixed_version\":\"3.3.7-r1\",\"id\":\"CVE-2026-45445\",\"installed_version\":\"3.3.3-r0\",\"package\":\"libssl3\",\"severity\":\"MEDIUM\"},{\"fixed_version\":\"3.3.7-r1\",\"id\":\"CVE-2026-45446\",\"installed_version\":\"3.3.3-r0\",\"package\":\"libcrypto3\",\"severity\":\"LOW\"},{\"fixed_version\":\"3.3.7-r1\",\"id\":\"CVE-2026-45446\",\"installed_version\":\"3.3.3-r0\",\"package\":\"libssl3\",\"severity\":\"LOW\"},{\"fixed_version\":\"3.3.7-r1\",\"id\":\"CVE-2026-45447\",\"installed_version\":\"3.3.3-r0\",\"package\":\"libcrypto3\",\"severity\":\"HIGH\"},{\"fixed_version\":\"3.3.7-r1\",\"id\":\"CVE-2026-45447\",\"installed_version\":\"3.3.3-r0\",\"package\":\"libssl3\",\"severity\":\"HIGH\"},{\"fixed_version\":\"1.6.59-r0\",\"id\":\"CVE-2026-46675\",\"installed_version\":\"1.6.47-r0\",\"package\":\"libpng\",\"severity\":\"UNKNOWN\"},{\"fixed_version\":\"22.0.0-rc.2, 20.3.22, 19.2.23, 21.2.15\",\"id\":\"CVE-2026-50170\",\"installed_version\":\"9.1.13\",\"package\":\"@angular/common\",\"severity\":\"HIGH\"},{\"fixed_version\":\"22.0.0-rc.2, 20.3.22, 19.2.23, 21.2.15\",\"id\":\"CVE-2026-50171\",\"installed_version\":\"9.1.13\",\"package\":\"@angular/common\",\"severity\":\"HIGH\"},{\"fixed_version\":\"2.8.2-r0\",\"id\":\"CVE-2026-50219\",\"installed_version\":\"2.7.0-r0\",\"package\":\"libexpat\",\"severity\":\"MEDIUM\"},{\"fixed_version\":\"21.2.15, 22.0.0-rc.2, 20.3.22, 19.2.22\",\"id\":\"CVE-2026-50557\",\"installed_version\":\"9.1.13\",\"package\":\"@angular/compiler\",\"severity\":\"MEDIUM\"},{\"fixed_version\":\"21.2.15, 22.0.0-rc.2, 20.3.22, 19.2.22\",\"id\":\"CVE-2026-50557\",\"installed_version\":\"9.1.13\",\"package\":\"@angular/core\",\"severity\":\"MEDIUM\"},{\"fixed_version\":\"21.2.15, 22.0.0-rc.2, 19.2.23, 20.3.22\",\"id\":\"CVE-2026-52725\",\"installed_version\":\"9.1.13\",\"package\":\"@angular/core\",\"severity\":\"MEDIUM\"},{\"fixed_version\":\"7.5.16\",\"id\":\"CVE-2026-53655\",\"installed_version\":\"4.4.19\",\"package\":\"tar\",\"severity\":\"MEDIUM\"},{\"fixed_version\":\"22.0.1, 21.2.17, 20.3.25\",\"id\":\"CVE-2026-54265\",\"installed_version\":\"9.1.13\",\"package\":\"@angular/compiler\",\"severity\":\"MEDIUM\"},{\"fixed_version\":\"22.0.1, 21.2.17, 20.3.25\",\"id\":\"CVE-2026-54266\",\"installed_version\":\"9.1.13\",\"package\":\"@angular/common\",\"severity\":\"HIGH\"},{\"fixed_version\":\"22.0.1, 21.2.17, 20.3.25\",\"id\":\"CVE-2026-54267\",\"installed_version\":\"9.1.13\",\"package\":\"@angular/core\",\"severity\":\"HIGH\"},{\"fixed_version\":\"22.0.1, 21.2.17, 20.3.25\",\"id\":\"CVE-2026-54268\",\"installed_version\":\"9.1.13\",\"package\":\"@angular/common\",\"severity\":\"HIGH\"},{\"fixed_version\":\"3.3.7-r2\",\"id\":\"CVE-2026-54872\",\"installed_version\":\"3.3.3-r0\",\"package\":\"libcrypto3\",\"severity\":\"MEDIUM\"},{\"fixed_version\":\"3.3.7-r2\",\"id\":\"CVE-2026-54872\",\"installed_version\":\"3.3.3-r0\",\"package\":\"libssl3\",\"severity\":\"MEDIUM\"},{\"fixed_version\":\"3.3.7-r2\",\"id\":\"CVE-2026-54875\",\"installed_version\":\"3.3.3-r0\",\"package\":\"libcrypto3\",\"severity\":\"MEDIUM\"},{\"fixed_version\":\"3.3.7-r2\",\"id\":\"CVE-2026-54875\",\"installed_version\":\"3.3.3-r0\",\"package\":\"libssl3\",\"severity\":\"MEDIUM\"},{\"fixed_version\":\"2.8.2-r0\",\"id\":\"CVE-2026-56131\",\"installed_version\":\"2.7.0-r0\",\"package\":\"libexpat\",\"severity\":\"MEDIUM\"},{\"fixed_version\":\"2.8.2-r0\",\"id\":\"CVE-2026-56132\",\"installed_version\":\"2.7.0-r0\",\"package\":\"libexpat\",\"severity\":\"MEDIUM\"},{\"fixed_version\":\"2.8.2-r0\",\"id\":\"CVE-2026-56403\",\"installed_version\":\"2.7.0-r0\",\"package\":\"libexpat\",\"severity\":\"MEDIUM\"},{\"fixed_version\":\"2.8.2-r0\",\"id\":\"CVE-2026-56404\",\"installed_version\":\"2.7.0-r0\",\"package\":\"libexpat\",\"severity\":\"MEDIUM\"},{\"fixed_version\":\"2.8.2-r0\",\"id\":\"CVE-2026-56405\",\"installed_version\":\"2.7.0-r0\",\"package\":\"libexpat\",\"severity\":\"MEDIUM\"},{\"fixed_version\":\"2.8.2-r0\",\"id\":\"CVE-2026-56406\",\"installed_version\":\"2.7.0-r0\",\"package\":\"libexpat\",\"severity\":\"MEDIUM\"},{\"fixed_version\":\"2.8.2-r0\",\"id\":\"CVE-2026-56407\",\"installed_version\":\"2.7.0-r0\",\"package\":\"libexpat\",\"severity\":\"MEDIUM\"},{\"fixed_version\":\"2.8.2-r0\",\"id\":\"CVE-2026-56408\",\"installed_version\":\"2.7.0-r0\",\"package\":\"libexpat\",\"severity\":\"MEDIUM\"},{\"fixed_version\":\"2.8.2-r0\",\"id\":\"CVE-2026-56409\",\"installed_version\":\"2.7.0-r0\",\"package\":\"libexpat\",\"severity\":\"MEDIUM\"},{\"fixed_version\":\"2.8.2-r0\",\"id\":\"CVE-2026-56410\",\"installed_version\":\"2.7.0-r0\",\"package\":\"libexpat\",\"severity\":\"MEDIUM\"},{\"fixed_version\":\"2.8.2-r0\",\"id\":\"CVE-2026-56411\",\"installed_version\":\"2.7.0-r0\",\"package\":\"libexpat\",\"severity\":\"MEDIUM\"},{\"fixed_version\":\"2.8.2-r0\",\"id\":\"CVE-2026-56412\",\"installed_version\":\"2.7.0-r0\",\"package\":\"libexpat\",\"severity\":\"MEDIUM\"},{\"fixed_version\":\"7.5.18\",\"id\":\"CVE-2026-59871\",\"installed_version\":\"4.4.19\",\"package\":\"tar\",\"severity\":\"MEDIUM\"},{\"fixed_version\":\"7.5.19\",\"id\":\"CVE-2026-59873\",\"installed_version\":\"4.4.19\",\"package\":\"tar\",\"severity\":\"CRITICAL\"},{\"fixed_version\":\"7.5.18\",\"id\":\"CVE-2026-59874\",\"installed_version\":\"4.4.19\",\"package\":\"tar\",\"severity\":\"HIGH\"},{\"fixed_version\":\"7.5.17\",\"id\":\"CVE-2026-59875\",\"installed_version\":\"4.4.19\",\"package\":\"tar\",\"severity\":\"MEDIUM\"},{\"fixed_version\":\"1.2.5-r10\",\"id\":\"CVE-2026-6042\",\"installed_version\":\"1.2.5-r9\",\"package\":\"musl\",\"severity\":\"MEDIUM\"},{\"fixed_version\":\"1.2.5-r10\",\"id\":\"CVE-2026-6042\",\"installed_version\":\"1.2.5-r9\",\"package\":\"musl-utils\",\"severity\":\"MEDIUM\"},{\"fixed_version\":\"3.3.7-r1\",\"id\":\"CVE-2026-63072\",\"installed_version\":\"3.3.3-r0\",\"package\":\"libcrypto3\",\"severity\":\"MEDIUM\"},{\"fixed_version\":\"3.3.7-r1\",\"id\":\"CVE-2026-63072\",\"installed_version\":\"3.3.3-r0\",\"package\":\"libssl3\",\"severity\":\"MEDIUM\"},{\"fixed_version\":\"3.3.7-r1\",\"id\":\"CVE-2026-63073\",\"installed_version\":\"3.3.3-r0\",\"package\":\"libcrypto3\",\"severity\":\"LOW\"},{\"fixed_version\":\"3.3.7-r1\",\"id\":\"CVE-2026-63073\",\"installed_version\":\"3.3.3-r0\",\"package\":\"libssl3\",\"severity\":\"LOW\"},{\"fixed_version\":\"3.3.7-r1\",\"id\":\"CVE-2026-63076\",\"installed_version\":\"3.3.3-r0\",\"package\":\"libcrypto3\",\"severity\":\"MEDIUM\"},{\"fixed_version\":\"3.3.7-r1\",\"id\":\"CVE-2026-63076\",\"installed_version\":\"3.3.3-r0\",\"package\":\"libssl3\",\"severity\":\"MEDIUM\"},{\"fixed_version\":\"2.8.4-r0\",\"id\":\"CVE-2026-66046\",\"installed_version\":\"2.7.0-r0\",\"package\":\"libexpat\",\"severity\":\"HIGH\"},{\"fixed_version\":\"2.13.9-r1\",\"id\":\"CVE-2026-6732\",\"installed_version\":\"2.13.4-r5\",\"package\":\"libxml2\",\"severity\":\"HIGH\"},{\"fixed_version\":\"22.0.2, 21.2.19, 20.3.27\",\"id\":\"CVE-2026-68945\",\"installed_version\":\"9.1.13\",\"package\":\"@angular/common\",\"severity\":\"HIGH\"},{\"fixed_version\":\"22.0.1, 21.2.19, 20.3.27\",\"id\":\"CVE-2026-69151\",\"installed_version\":\"9.1.13\",\"package\":\"@angular/compiler\",\"severity\":\"HIGH\"},{\"fixed_version\":\"22.0.1, 21.2.19, 20.3.27\",\"id\":\"CVE-2026-69151\",\"installed_version\":\"9.1.13\",\"package\":\"@angular/core\",\"severity\":\"HIGH\"},{\"fixed_version\":\"3.3.7-r2\",\"id\":\"CVE-2026-72897\",\"installed_version\":\"3.3.3-r0\",\"package\":\"libcrypto3\",\"severity\":\"MEDIUM\"},{\"fixed_version\":\"3.3.7-r2\",\"id\":\"CVE-2026-72897\",\"installed_version\":\"3.3.3-r0\",\"package\":\"libssl3\",\"severity\":\"MEDIUM\"},{\"fixed_version\":\"7.5.21\",\"id\":\"CVE-2026-73566\",\"installed_version\":\"4.4.19\",\"package\":\"tar\",\"severity\":\"HIGH\"},{\"fixed_version\":\"3.3.7-r1\",\"id\":\"CVE-2026-75803\",\"installed_version\":\"3.3.3-r0\",\"package\":\"libcrypto3\",\"severity\":\"LOW\"},{\"fixed_version\":\"3.3.7-r1\",\"id\":\"CVE-2026-75803\",\"installed_version\":\"3.3.3-r0\",\"package\":\"libssl3\",\"severity\":\"LOW\"},{\"fixed_version\":\"3.3.7-r2\",\"id\":\"CVE-2026-75804\",\"installed_version\":\"3.3.3-r0\",\"package\":\"libcrypto3\",\"severity\":\"HIGH\"},{\"fixed_version\":\"3.3.7-r2\",\"id\":\"CVE-2026-75804\",\"installed_version\":\"3.3.3-r0\",\"package\":\"libssl3\",\"severity\":\"HIGH\"},{\"fixed_version\":\"3.3.7-r2\",\"id\":\"CVE-2026-75805\",\"installed_version\":\"3.3.3-r0\",\"package\":\"libcrypto3\",\"severity\":\"MEDIUM\"},{\"fixed_version\":\"3.3.7-r2\",\"id\":\"CVE-2026-75805\",\"installed_version\":\"3.3.3-r0\",\"package\":\"libssl3\",\"severity\":\"MEDIUM\"},{\"fixed_version\":\"3.3.7-r2\",\"id\":\"CVE-2026-75806\",\"installed_version\":\"3.3.3-r0\",\"package\":\"libcrypto3\",\"severity\":\"MEDIUM\"},{\"fixed_version\":\"3.3.7-r2\",\"id\":\"CVE-2026-75806\",\"installed_version\":\"3.3.3-r0\",\"package\":\"libssl3\",\"severity\":\"MEDIUM\"},{\"fixed_version\":\"2.8.4-r0\",\"id\":\"CVE-2026-76641\",\"installed_version\":\"2.7.0-r0\",\"package\":\"libexpat\",\"severity\":\"HIGH\"},{\"fixed_version\":\"2.8.4-r0\",\"id\":\"CVE-2026-76956\",\"installed_version\":\"2.7.0-r0\",\"package\":\"libexpat\",\"severity\":\"HIGH\"},{\"fixed_version\":\"2.8.4-r0\",\"id\":\"CVE-2026-76957\",\"installed_version\":\"2.7.0-r0\",\"package\":\"libexpat\",\"severity\":\"HIGH\"},{\"fixed_version\":\"3.3.7-r2\",\"id\":\"CVE-2026-77696\",\"installed_version\":\"3.3.3-r0\",\"package\":\"libcrypto3\",\"severity\":\"MEDIUM\"},{\"fixed_version\":\"3.3.7-r2\",\"id\":\"CVE-2026-77696\",\"installed_version\":\"3.3.3-r0\",\"package\":\"libssl3\",\"severity\":\"MEDIUM\"},{\"fixed_version\":\"6.16.0\",\"id\":\"CVE-2026-82417\",\"installed_version\":\"6.5.5\",\"package\":\"qs\",\"severity\":\"MEDIUM\"},{\"fixed_version\":\"3.3.7-r2\",\"id\":\"CVE-2026-84782\",\"installed_version\":\"3.3.3-r0\",\"package\":\"libcrypto3\",\"severity\":\"HIGH\"},{\"fixed_version\":\"3.3.7-r2\",\"id\":\"CVE-2026-84782\",\"installed_version\":\"3.3.3-r0\",\"package\":\"libssl3\",\"severity\":\"HIGH\"},{\"fixed_version\":\"3.3.7-r2\",\"id\":\"CVE-2026-84784\",\"installed_version\":\"3.3.3-r0\",\"package\":\"libcrypto3\",\"severity\":\"MEDIUM\"},{\"fixed_version\":\"3.3.7-r2\",\"id\":\"CVE-2026-84784\",\"installed_version\":\"3.3.3-r0\",\"package\":\"libssl3\",\"severity\":\"MEDIUM\"},{\"fixed_version\":\"22.1.0, 21.2.20, 20.3.28\",\"id\":\"CVE-2026-88057\",\"installed_version\":\"9.1.13\",\"package\":\"@angular/compiler\",\"severity\":\"MEDIUM\"},{\"fixed_version\":\"22.1.0, 21.2.20, 20.3.28\",\"id\":\"CVE-2026-88057\",\"installed_version\":\"9.1.13\",\"package\":\"@angular/core\",\"severity\":\"MEDIUM\"},{\"fixed_version\":\"22.1.1, 21.2.20, 20.3.28\",\"id\":\"CVE-2026-88059\",\"installed_version\":\"9.1.13\",\"package\":\"@angular/common\",\"severity\":\"MEDIUM\"},{\"fixed_version\":\"3.3.7-r1\",\"id\":\"CVE-2026-9076\",\"installed_version\":\"3.3.3-r0\",\"package\":\"libcrypto3\",\"severity\":\"LOW\"},{\"fixed_version\":\"3.3.7-r1\",\"id\":\"CVE-2026-9076\",\"installed_version\":\"3.3.3-r0\",\"package\":\"libssl3\",\"severity\":\"LOW\"},{\"fixed_version\":\"\",\"id\":\"CVE-2026-93687\",\"installed_version\":\"3.0.3\",\"package\":\"braces\",\"severity\":\"HIGH\"},{\"fixed_version\":\"\",\"id\":\"CVE-2026-93748\",\"installed_version\":\"3.8.1\",\"package\":\"http-cache-semantics\",\"severity\":\"HIGH\"}]},{\"database_date\":\"2026-10-03T07:01:46.027466673Z\",\"digest\":\"sha256:abe47724e466aeab9a345d8e46a221c2fa8953c7848bb4a3bd9976a7199f8cf2\",\"image\":\"nginx@sha256:abe47724e466aeab9a345d8e46a221c2fa8953c7848bb4a3bd9976a7199f8cf2\",\"scanner_version\":\"0.69.3\",\"vulnerabilities\":[{\"fixed_version\":\"\",\"id\":\"CVE-2005-2541\",\"installed_version\":\"1.35+dfsg-3.1\",\"package\":\"tar\",\"severity\":\"LOW\"},{\"fixed_version\":\"\",\"id\":\"CVE-2007-5686\",\"installed_version\":\"1:4.17.4-2\",\"package\":\"login.defs\",\"severity\":\"LOW\"},{\"fixed_version\":\"\",\"id\":\"CVE-2007-5686\",\"installed_version\":\"1:4.17.4-2\",\"package\":\"passwd\",\"severity\":\"LOW\"},{\"fixed_version\":\"\",\"id\":\"CVE-2010-4756\",\"installed_version\":\"2.41-12+deb13u4\",\"package\":\"libc-bin\",\"severity\":\"LOW\"},{\"fixed_version\":\"\",\"id\":\"CVE-2010-4756\",\"installed_version\":\"2.41-12+deb13u4\",\"package\":\"libc6\",\"severity\":\"LOW\"},{\"fixed_version\":\"\",\"id\":\"CVE-2011-3374\",\"installed_version\":\"3.0.3\",\"package\":\"apt\",\"severity\":\"LOW\"},{\"fixed_version\":\"\",\"id\":\"CVE-2011-3374\",\"installed_version\":\"3.0.3\",\"package\":\"libapt-pkg7.0\",\"severity\":\"LOW\"},{\"fixed_version\":\"\",\"id\":\"CVE-2011-3389\",\"installed_version\":\"3.8.9-3+deb13u4\",\"package\":\"libgnutls30t64\",\"severity\":\"LOW\"},{\"fixed_version\":\"\",\"id\":\"CVE-2011-4116\",\"installed_version\":\"5.40.1-6+deb13u1\",\"package\":\"perl-base\",\"severity\":\"LOW\"},{\"fixed_version\":\"\",\"id\":\"CVE-2013-4392\",\"installed_version\":\"257.13-1~deb13u1\",\"package\":\"libsystemd0\",\"severity\":\"LOW\"},{\"fixed_version\":\"\",\"id\":\"CVE-2013-4392\",\"installed_version\":\"257.13-1~deb13u1\",\"package\":\"libudev1\",\"severity\":\"LOW\"},{\"fixed_version\":\"\",\"id\":\"CVE-2015-3276\",\"installed_version\":\"2.6.10+dfsg-1\",\"package\":\"libldap2\",\"severity\":\"LOW\"},{\"fixed_version\":\"\",\"id\":\"CVE-2015-9019\",\"installed_version\":\"1.1.35-1.2+deb13u3\",\"package\":\"libxslt1.1\",\"severity\":\"LOW\"},{\"fixed_version\":\"\",\"id\":\"CVE-2017-14159\",\"installed_version\":\"2.6.10+dfsg-1\",\"package\":\"libldap2\",\"severity\":\"LOW\"},{\"fixed_version\":\"\",\"id\":\"CVE-2017-16232\",\"installed_version\":\"4.7.0-3+deb13u3\",\"package\":\"libtiff6\",\"severity\":\"LOW\"},{\"fixed_version\":\"\",\"id\":\"CVE-2017-17740\",\"installed_version\":\"2.6.10+dfsg-1\",\"package\":\"libldap2\",\"severity\":\"LOW\"},{\"fixed_version\":\"\",\"id\":\"CVE-2017-18018\",\"installed_version\":\"9.7-3\",\"package\":\"coreutils\",\"severity\":\"LOW\"},{\"fixed_version\":\"\",\"id\":\"CVE-2017-9937\",\"installed_version\":\"2.1-6.1+b2\",\"package\":\"libjbig0\",\"severity\":\"LOW\"},{\"fixed_version\":\"\",\"id\":\"CVE-2018-10126\",\"installed_version\":\"4.7.0-3+deb13u3\",\"package\":\"libtiff6\",\"severity\":\"LOW\"},{\"fixed_version\":\"\",\"id\":\"CVE-2018-20796\",\"installed_version\":\"2.41-12+deb13u4\",\"package\":\"libc-bin\",\"severity\":\"LOW\"},{\"fixed_version\":\"\",\"id\":\"CVE-2018-20796\",\"installed_version\":\"2.41-12+deb13u4\",\"package\":\"libc6\",\"severity\":\"LOW\"},{\"fixed_version\":\"\",\"id\":\"CVE-2018-5709\",\"installed_version\":\"1.21.3-5+deb13u1\",\"package\":\"libgssapi-krb5-2\",\"severity\":\"LOW\"},{\"fixed_version\":\"\",\"id\":\"CVE-2018-5709\",\"installed_version\":\"1.21.3-5+deb13u1\",\"package\":\"libk5crypto3\",\"severity\":\"LOW\"},{\"fixed_version\":\"\",\"id\":\"CVE-2018-5709\",\"installed_version\":\"1.21.3-5+deb13u1\",\"package\":\"libkrb5-3\",\"severity\":\"LOW\"},{\"fixed_version\":\"\",\"id\":\"CVE-2018-5709\",\"installed_version\":\"1.21.3-5+deb13u1\",\"package\":\"libkrb5support0\",\"severity\":\"LOW\"},{\"fixed_version\":\"\",\"id\":\"CVE-2018-6829\",\"installed_version\":\"1.11.0-7+deb13u1\",\"package\":\"libgcrypt20\",\"severity\":\"LOW\"},{\"fixed_version\":\"\",\"id\":\"CVE-2019-1010022\",\"installed_version\":\"2.41-12+deb13u4\",\"package\":\"libc-bin\",\"severity\":\"LOW\"},{\"fixed_version\":\"\",\"id\":\"CVE-2019-1010022\",\"installed_version\":\"2.41-12+deb13u4\",\"package\":\"libc6\",\"severity\":\"LOW\"},{\"fixed_version\":\"\",\"id\":\"CVE-2019-1010023\",\"installed_version\":\"2.41-12+deb13u4\",\"package\":\"libc-bin\",\"severity\":\"LOW\"},{\"fixed_version\":\"\",\"id\":\"CVE-2019-1010023\",\"installed_version\":\"2.41-12+deb13u4\",\"package\":\"libc6\",\"severity\":\"LOW\"},{\"fixed_version\":\"\",\"id\":\"CVE-2019-1010024\",\"installed_version\":\"2.41-12+deb13u4\",\"package\":\"libc-bin\",\"severity\":\"LOW\"},{\"fixed_version\":\"\",\"id\":\"CVE-2019-1010024\",\"installed_version\":\"2.41-12+deb13u4\",\"package\":\"libc6\",\"severity\":\"LOW\"},{\"fixed_version\":\"\",\"id\":\"CVE-2019-1010025\",\"installed_version\":\"2.41-12+deb13u4\",\"package\":\"libc-bin\",\"severity\":\"LOW\"},{\"fixed_version\":\"\",\"id\":\"CVE-2019-1010025\",\"installed_version\":\"2.41-12+deb13u4\",\"package\":\"libc6\",\"severity\":\"LOW\"},{\"fixed_version\":\"\",\"id\":\"CVE-2019-9192\",\"installed_version\":\"2.41-12+deb13u4\",\"package\":\"libc-bin\",\"severity\":\"LOW\"},{\"fixed_version\":\"\",\"id\":\"CVE-2019-9192\",\"installed_version\":\"2.41-12+deb13u4\",\"package\":\"libc6\",\"severity\":\"LOW\"},{\"fixed_version\":\"\",\"id\":\"CVE-2020-15719\",\"installed_version\":\"2.6.10+dfsg-1\",\"package\":\"libldap2\",\"severity\":\"LOW\"},{\"fixed_version\":\"\",\"id\":\"CVE-2021-4214\",\"installed_version\":\"1.6.48-1+deb13u5\",\"package\":\"libpng16-16t64\",\"severity\":\"LOW\"},{\"fixed_version\":\"\",\"id\":\"CVE-2021-45346\",\"installed_version\":\"3.46.1-7+deb13u2\",\"package\":\"libsqlite3-0\",\"severity\":\"LOW\"},{\"fixed_version\":\"\",\"id\":\"CVE-2022-0563\",\"installed_version\":\"1:2.41.5-0+deb13u1\",\"package\":\"bsdutils\",\"severity\":\"LOW\"},{\"fixed_version\":\"\",\"id\":\"CVE-2022-0563\",\"installed_version\":\"2.41.5-0+deb13u1\",\"package\":\"libblkid1\",\"severity\":\"LOW\"},{\"fixed_version\":\"\",\"id\":\"CVE-2022-0563\",\"installed_version\":\"2.41.5-0+deb13u1\",\"package\":\"liblastlog2-2\",\"severity\":\"LOW\"},{\"fixed_version\":\"\",\"id\":\"CVE-2022-0563\",\"installed_version\":\"2.41.5-0+deb13u1\",\"package\":\"libmount1\",\"severity\":\"LOW\"},{\"fixed_version\":\"\",\"id\":\"CVE-2022-0563\",\"installed_version\":\"2.41.5-0+deb13u1\",\"package\":\"libsmartcols1\",\"severity\":\"LOW\"},{\"fixed_version\":\"\",\"id\":\"CVE-2022-0563\",\"installed_version\":\"2.41.5-0+deb13u1\",\"package\":\"libuuid1\",\"severity\":\"LOW\"},{\"fixed_version\":\"\",\"id\":\"CVE-2022-0563\",\"installed_version\":\"1:4.16.0-2+really2.41.5-0+deb13u1\",\"package\":\"login\",\"severity\":\"LOW\"},{\"fixed_version\":\"\",\"id\":\"CVE-2022-0563\",\"installed_version\":\"2.41.5-0+deb13u1\",\"package\":\"mount\",\"severity\":\"LOW\"},{\"fixed_version\":\"\",\"id\":\"CVE-2022-0563\",\"installed_version\":\"2.41.5-0+deb13u1\",\"package\":\"util-linux\",\"severity\":\"LOW\"},{\"fixed_version\":\"\",\"id\":\"CVE-2022-1210\",\"installed_version\":\"4.7.0-3+deb13u3\",\"package\":\"libtiff6\",\"severity\":\"LOW\"},{\"fixed_version\":\"\",\"id\":\"CVE-2023-31437\",\"installed_version\":\"257.13-1~deb13u1\",\"package\":\"libsystemd0\",\"severity\":\"LOW\"},{\"fixed_version\":\"\",\"id\":\"CVE-2023-31437\",\"installed_version\":\"257.13-1~deb13u1\",\"package\":\"libudev1\",\"severity\":\"LOW\"},{\"fixed_version\":\"\",\"id\":\"CVE-2023-31438\",\"installed_version\":\"257.13-1~deb13u1\",\"package\":\"libsystemd0\",\"severity\":\"LOW\"},{\"fixed_version\":\"\",\"id\":\"CVE-2023-31438\",\"installed_version\":\"257.13-1~deb13u1\",\"package\":\"libudev1\",\"severity\":\"LOW\"},{\"fixed_version\":\"\",\"id\":\"CVE-2023-31439\",\"installed_version\":\"257.13-1~deb13u1\",\"package\":\"libsystemd0\",\"severity\":\"LOW\"},{\"fixed_version\":\"\",\"id\":\"CVE-2023-31439\",\"installed_version\":\"257.13-1~deb13u1\",\"package\":\"libudev1\",\"severity\":\"LOW\"},{\"fixed_version\":\"\",\"id\":\"CVE-2024-2236\",\"installed_version\":\"1.11.0-7+deb13u1\",\"package\":\"libgcrypt20\",\"severity\":\"LOW\"},{\"fixed_version\":\"\",\"id\":\"CVE-2024-26458\",\"installed_version\":\"1.21.3-5+deb13u1\",\"package\":\"libgssapi-krb5-2\",\"severity\":\"LOW\"},{\"fixed_version\":\"\",\"id\":\"CVE-2024-26458\",\"installed_version\":\"1.21.3-5+deb13u1\",\"package\":\"libk5crypto3\",\"severity\":\"LOW\"},{\"fixed_version\":\"\",\"id\":\"CVE-2024-26458\",\"installed_version\":\"1.21.3-5+deb13u1\",\"package\":\"libkrb5-3\",\"severity\":\"LOW\"},{\"fixed_version\":\"\",\"id\":\"CVE-2024-26458\",\"installed_version\":\"1.21.3-5+deb13u1\",\"package\":\"libkrb5support0\",\"severity\":\"LOW\"},{\"fixed_version\":\"\",\"id\":\"CVE-2024-26461\",\"installed_version\":\"1.21.3-5+deb13u1\",\"package\":\"libgssapi-krb5-2\",\"severity\":\"LOW\"},{\"fixed_version\":\"\",\"id\":\"CVE-2024-26461\",\"installed_version\":\"1.21.3-5+deb13u1\",\"package\":\"libk5crypto3\",\"severity\":\"LOW\"},{\"fixed_version\":\"\",\"id\":\"CVE-2024-26461\",\"installed_version\":\"1.21.3-5+deb13u1\",\"package\":\"libkrb5-3\",\"severity\":\"LOW\"},{\"fixed_version\":\"\",\"id\":\"CVE-2024-26461\",\"installed_version\":\"1.21.3-5+deb13u1\",\"package\":\"libkrb5support0\",\"severity\":\"LOW\"},{\"fixed_version\":\"\",\"id\":\"CVE-2024-56433\",\"installed_version\":\"1:4.17.4-2\",\"package\":\"login.defs\",\"severity\":\"LOW\"},{\"fixed_version\":\"\",\"id\":\"CVE-2024-56433\",\"installed_version\":\"1:4.17.4-2\",\"package\":\"passwd\",\"severity\":\"LOW\"},{\"fixed_version\":\"\",\"id\":\"CVE-2025-10911\",\"installed_version\":\"1.1.35-1.2+deb13u3\",\"package\":\"libxslt1.1\",\"severity\":\"MEDIUM\"},{\"fixed_version\":\"\",\"id\":\"CVE-2025-10966\",\"installed_version\":\"8.14.1-2+deb13u5\",\"package\":\"curl\",\"severity\":\"LOW\"},{\"fixed_version\":\"\",\"id\":\"CVE-2025-10966\",\"installed_version\":\"8.14.1-2+deb13u5\",\"package\":\"libcurl4t64\",\"severity\":\"LOW\"},{\"fixed_version\":\"\",\"id\":\"CVE-2025-11731\",\"installed_version\":\"1.1.35-1.2+deb13u3\",\"package\":\"libxslt1.1\",\"severity\":\"LOW\"},{\"fixed_version\":\"\",\"id\":\"CVE-2025-14017\",\"installed_version\":\"8.14.1-2+deb13u5\",\"package\":\"curl\",\"severity\":\"LOW\"},{\"fixed_version\":\"\",\"id\":\"CVE-2025-14017\",\"installed_version\":\"8.14.1-2+deb13u5\",\"package\":\"libcurl4t64\",\"severity\":\"LOW\"},{\"fixed_version\":\"\",\"id\":\"CVE-2025-15079\",\"installed_version\":\"8.14.1-2+deb13u5\",\"package\":\"curl\",\"severity\":\"LOW\"},{\"fixed_version\":\"\",\"id\":\"CVE-2025-15079\",\"installed_version\":\"8.14.1-2+deb13u5\",\"package\":\"libcurl4t64\",\"severity\":\"LOW\"},{\"fixed_version\":\"\",\"id\":\"CVE-2025-15224\",\"installed_version\":\"8.14.1-2+deb13u5\",\"package\":\"curl\",\"severity\":\"LOW\"},{\"fixed_version\":\"\",\"id\":\"CVE-2025-15224\",\"installed_version\":\"8.14.1-2+deb13u5\",\"package\":\"libcurl4t64\",\"severity\":\"LOW\"},{\"fixed_version\":\"\",\"id\":\"CVE-2025-5278\",\"installed_version\":\"9.7-3\",\"package\":\"coreutils\",\"severity\":\"LOW\"},{\"fixed_version\":\"\",\"id\":\"CVE-2025-61143\",\"installed_version\":\"4.7.0-3+deb13u3\",\"package\":\"libtiff6\",\"severity\":\"LOW\"},{\"fixed_version\":\"\",\"id\":\"CVE-2025-61144\",\"installed_version\":\"4.7.0-3+deb13u3\",\"package\":\"libtiff6\",\"severity\":\"LOW\"},{\"fixed_version\":\"\",\"id\":\"CVE-2025-61145\",\"installed_version\":\"4.7.0-3+deb13u3\",\"package\":\"libtiff6\",\"severity\":\"LOW\"},{\"fixed_version\":\"\",\"id\":\"CVE-2025-6141\",\"installed_version\":\"6.5+20250216-2\",\"package\":\"libtinfo6\",\"severity\":\"LOW\"},{\"fixed_version\":\"\",\"id\":\"CVE-2025-6141\",\"installed_version\":\"6.5+20250216-2\",\"package\":\"ncurses-base\",\"severity\":\"LOW\"},{\"fixed_version\":\"\",\"id\":\"CVE-2025-6141\",\"installed_version\":\"6.5+20250216-2\",\"package\":\"ncurses-bin\",\"severity\":\"LOW\"},{\"fixed_version\":\"\",\"id\":\"CVE-2025-66382\",\"installed_version\":\"2.8.3-1~deb13u1\",\"package\":\"libexpat1\",\"severity\":\"MEDIUM\"},{\"fixed_version\":\"\",\"id\":\"CVE-2025-69720\",\"installed_version\":\"6.5+20250216-2\",\"package\":\"libtinfo6\",\"severity\":\"HIGH\"},{\"fixed_version\":\"\",\"id\":\"CVE-2025-69720\",\"installed_version\":\"6.5+20250216-2\",\"package\":\"ncurses-base\",\"severity\":\"HIGH\"},{\"fixed_version\":\"\",\"id\":\"CVE-2025-69720\",\"installed_version\":\"6.5+20250216-2\",\"package\":\"ncurses-bin\",\"severity\":\"HIGH\"},{\"fixed_version\":\"\",\"id\":\"CVE-2025-70873\",\"installed_version\":\"3.46.1-7+deb13u2\",\"package\":\"libsqlite3-0\",\"severity\":\"LOW\"},{\"fixed_version\":\"\",\"id\":\"CVE-2025-8176\",\"installed_version\":\"4.7.0-3+deb13u3\",\"package\":\"libtiff6\",\"severity\":\"LOW\"},{\"fixed_version\":\"\",\"id\":\"CVE-2025-8177\",\"installed_version\":\"4.7.0-3+deb13u3\",\"package\":\"libtiff6\",\"severity\":\"LOW\"},{\"fixed_version\":\"\",\"id\":\"CVE-2025-8534\",\"installed_version\":\"4.7.0-3+deb13u3\",\"package\":\"libtiff6\",\"severity\":\"LOW\"},{\"fixed_version\":\"\",\"id\":\"CVE-2026-102010\",\"installed_version\":\"14.2.0-19\",\"package\":\"gcc-14-base\",\"severity\":\"MEDIUM\"},{\"fixed_version\":\"\",\"id\":\"CVE-2026-102010\",\"installed_version\":\"14.2.0-19\",\"package\":\"libgcc-s1\",\"severity\":\"MEDIUM\"},{\"fixed_version\":\"\",\"id\":\"CVE-2026-102010\",\"installed_version\":\"14.2.0-19\",\"package\":\"libgomp1\",\"severity\":\"MEDIUM\"},{\"fixed_version\":\"\",\"id\":\"CVE-2026-102010\",\"installed_version\":\"14.2.0-19\",\"package\":\"libstdc++6\",\"severity\":\"MEDIUM\"},{\"fixed_version\":\"\",\"id\":\"CVE-2026-102473\",\"installed_version\":\"0.5.12-12\",\"package\":\"dash\",\"severity\":\"MEDIUM\"},{\"fixed_version\":\"\",\"id\":\"CVE-2026-102474\",\"installed_version\":\"0.5.12-12\",\"package\":\"dash\",\"severity\":\"LOW\"},{\"fixed_version\":\"\",\"id\":\"CVE-2026-102633\",\"installed_version\":\"2.8.3-1~deb13u1\",\"package\":\"libexpat1\",\"severity\":\"MEDIUM\"},{\"fixed_version\":\"10.46-1~deb13u3\",\"id\":\"CVE-2026-103111\",\"installed_version\":\"10.46-1~deb13u2\",\"package\":\"libpcre2-8-0\",\"severity\":\"HIGH\"},{\"fixed_version\":\"\",\"id\":\"CVE-2026-10536\",\"installed_version\":\"8.14.1-2+deb13u5\",\"package\":\"curl\",\"severity\":\"MEDIUM\"},{\"fixed_version\":\"\",\"id\":\"CVE-2026-10536\",\"installed_version\":\"8.14.1-2+deb13u5\",\"package\":\"libcurl4t64\",\"severity\":\"MEDIUM\"},{\"fixed_version\":\"\",\"id\":\"CVE-2026-11850\",\"installed_version\":\"1.21.3-5+deb13u1\",\"package\":\"libgssapi-krb5-2\",\"severity\":\"LOW\"},{\"fixed_version\":\"\",\"id\":\"CVE-2026-11850\",\"installed_version\":\"1.21.3-5+deb13u1\",\"package\":\"libk5crypto3\",\"severity\":\"LOW\"},{\"fixed_version\":\"\",\"id\":\"CVE-2026-11850\",\"installed_version\":\"1.21.3-5+deb13u1\",\"package\":\"libkrb5-3\",\"severity\":\"LOW\"},{\"fixed_version\":\"\",\"id\":\"CVE-2026-11850\",\"installed_version\":\"1.21.3-5+deb13u1\",\"package\":\"libkrb5support0\",\"severity\":\"LOW\"},{\"fixed_version\":\"\",\"id\":\"CVE-2026-11856\",\"installed_version\":\"8.14.1-2+deb13u5\",\"package\":\"curl\",\"severity\":\"MEDIUM\"},{\"fixed_version\":\"\",\"id\":\"CVE-2026-11856\",\"installed_version\":\"8.14.1-2+deb13u5\",\"package\":\"libcurl4t64\",\"severity\":\"MEDIUM\"},{\"fixed_version\":\"\",\"id\":\"CVE-2026-11979\",\"installed_version\":\"2.12.7+dfsg+really2.9.14-2.1+deb13u3\",\"package\":\"libxml2\",\"severity\":\"LOW\"},{\"fixed_version\":\"\",\"id\":\"CVE-2026-12064\",\"installed_version\":\"8.14.1-2+deb13u5\",\"package\":\"curl\",\"severity\":\"HIGH\"},{\"fixed_version\":\"\",\"id\":\"CVE-2026-12064\",\"installed_version\":\"8.14.1-2+deb13u5\",\"package\":\"libcurl4t64\",\"severity\":\"HIGH\"},{\"fixed_version\":\"\",\"id\":\"CVE-2026-13608\",\"installed_version\":\"8.14.1-2+deb13u5\",\"package\":\"curl\",\"severity\":\"LOW\"},{\"fixed_version\":\"\",\"id\":\"CVE-2026-13608\",\"installed_version\":\"8.14.1-2+deb13u5\",\"package\":\"libcurl4t64\",\"severity\":\"LOW\"},{\"fixed_version\":\"\",\"id\":\"CVE-2026-13757\",\"installed_version\":\"0.25.5-3\",\"package\":\"libp11-kit0\",\"severity\":\"MEDIUM\"},{\"fixed_version\":\"\",\"id\":\"CVE-2026-15059\",\"installed_version\":\"257.13-1~deb13u1\",\"package\":\"libsystemd0\",\"severity\":\"MEDIUM\"},{\"fixed_version\":\"\",\"id\":\"CVE-2026-15059\",\"installed_version\":\"257.13-1~deb13u1\",\"package\":\"libudev1\",\"severity\":\"MEDIUM\"},{\"fixed_version\":\"\",\"id\":\"CVE-2026-15534\",\"installed_version\":\"5.40.1-6+deb13u1\",\"package\":\"perl-base\",\"severity\":\"MEDIUM\"},{\"fixed_version\":\"\",\"id\":\"CVE-2026-16742\",\"installed_version\":\"257.13-1~deb13u1\",\"package\":\"libsystemd0\",\"severity\":\"HIGH\"},{\"fixed_version\":\"\",\"id\":\"CVE-2026-16742\",\"installed_version\":\"257.13-1~deb13u1\",\"package\":\"libudev1\",\"severity\":\"HIGH\"},{\"fixed_version\":\"\",\"id\":\"CVE-2026-18374\",\"installed_version\":\"2.41-12+deb13u4\",\"package\":\"libc-bin\",\"severity\":\"MEDIUM\"},{\"fixed_version\":\"\",\"id\":\"CVE-2026-18374\",\"installed_version\":\"2.41-12+deb13u4\",\"package\":\"libc6\",\"severity\":\"MEDIUM\"},{\"fixed_version\":\"\",\"id\":\"CVE-2026-18477\",\"installed_version\":\"1.35+dfsg-3.1\",\"package\":\"tar\",\"severity\":\"MEDIUM\"},{\"fixed_version\":\"\",\"id\":\"CVE-2026-18495\",\"installed_version\":\"4.7.0-3+deb13u3\",\"package\":\"libtiff6\",\"severity\":\"MEDIUM\"},{\"fixed_version\":\"\",\"id\":\"CVE-2026-18508\",\"installed_version\":\"1.35+dfsg-3.1\",\"package\":\"tar\",\"severity\":\"MEDIUM\"},{\"fixed_version\":\"\",\"id\":\"CVE-2026-18924\",\"installed_version\":\"8.14.1-2+deb13u5\",\"package\":\"curl\",\"severity\":\"LOW\"},{\"fixed_version\":\"\",\"id\":\"CVE-2026-18924\",\"installed_version\":\"8.14.1-2+deb13u5\",\"package\":\"libcurl4t64\",\"severity\":\"LOW\"},{\"fixed_version\":\"\",\"id\":\"CVE-2026-18938\",\"installed_version\":\"0.25.5-3\",\"package\":\"libp11-kit0\",\"severity\":\"MEDIUM\"},{\"fixed_version\":\"\",\"id\":\"CVE-2026-19487\",\"installed_version\":\"5.40.1-6+deb13u1\",\"package\":\"perl-base\",\"severity\":\"MEDIUM\"},{\"fixed_version\":\"\",\"id\":\"CVE-2026-19499\",\"installed_version\":\"2.41-12+deb13u4\",\"package\":\"libc-bin\",\"severity\":\"MEDIUM\"},{\"fixed_version\":\"\",\"id\":\"CVE-2026-19499\",\"installed_version\":\"2.41-12+deb13u4\",\"package\":\"libc6\",\"severity\":\"MEDIUM\"},{\"fixed_version\":\"\",\"id\":\"CVE-2026-19542\",\"installed_version\":\"2.41-12+deb13u4\",\"package\":\"libc-bin\",\"severity\":\"MEDIUM\"},{\"fixed_version\":\"\",\"id\":\"CVE-2026-19542\",\"installed_version\":\"2.41-12+deb13u4\",\"package\":\"libc6\",\"severity\":\"MEDIUM\"},{\"fixed_version\":\"\",\"id\":\"CVE-2026-19931\",\"installed_version\":\"8.14.1-2+deb13u5\",\"package\":\"curl\",\"severity\":\"MEDIUM\"},{\"fixed_version\":\"\",\"id\":\"CVE-2026-19931\",\"installed_version\":\"8.14.1-2+deb13u5\",\"package\":\"libcurl4t64\",\"severity\":\"MEDIUM\"},{\"fixed_version\":\"\",\"id\":\"CVE-2026-22185\",\"installed_version\":\"2.6.10+dfsg-1\",\"package\":\"libldap2\",\"severity\":\"LOW\"},{\"fixed_version\":\"\",\"id\":\"CVE-2026-27171\",\"installed_version\":\"1:1.3.dfsg+really1.3.1-1+b1\",\"package\":\"zlib1g\",\"severity\":\"MEDIUM\"},{\"fixed_version\":\"\",\"id\":\"CVE-2026-3184\",\"installed_version\":\"1:2.41.5-0+deb13u1\",\"package\":\"bsdutils\",\"severity\":\"MEDIUM\"},{\"fixed_version\":\"\",\"id\":\"CVE-2026-3184\",\"installed_version\":\"2.41.5-0+deb13u1\",\"package\":\"libblkid1\",\"severity\":\"MEDIUM\"},{\"fixed_version\":\"\",\"id\":\"CVE-2026-3184\",\"installed_version\":\"2.41.5-0+deb13u1\",\"package\":\"liblastlog2-2\",\"severity\":\"MEDIUM\"},{\"fixed_version\":\"\",\"id\":\"CVE-2026-3184\",\"installed_version\":\"2.41.5-0+deb13u1\",\"package\":\"libmount1\",\"severity\":\"MEDIUM\"},{\"fixed_version\":\"\",\"id\":\"CVE-2026-3184\",\"installed_version\":\"2.41.5-0+deb13u1\",\"package\":\"libsmartcols1\",\"severity\":\"MEDIUM\"},{\"fixed_version\":\"\",\"id\":\"CVE-2026-3184\",\"installed_version\":\"2.41.5-0+deb13u1\",\"package\":\"libuuid1\",\"severity\":\"MEDIUM\"},{\"fixed_version\":\"\",\"id\":\"CVE-2026-3184\",\"installed_version\":\"1:4.16.0-2+really2.41.5-0+deb13u1\",\"package\":\"login\",\"severity\":\"MEDIUM\"},{\"fixed_version\":\"\",\"id\":\"CVE-2026-3184\",\"installed_version\":\"2.41.5-0+deb13u1\",\"package\":\"mount\",\"severity\":\"MEDIUM\"},{\"fixed_version\":\"\",\"id\":\"CVE-2026-3184\",\"installed_version\":\"2.41.5-0+deb13u1\",\"package\":\"util-linux\",\"severity\":\"MEDIUM\"},{\"fixed_version\":\"3.5.7-1~deb13u3\",\"id\":\"CVE-2026-35189\",\"installed_version\":\"3.5.7-1~deb13u2\",\"package\":\"libssl3t64\",\"severity\":\"LOW\"},{\"fixed_version\":\"3.5.7-1~deb13u3\",\"id\":\"CVE-2026-35189\",\"installed_version\":\"3.5.7-1~deb13u2\",\"package\":\"openssl\",\"severity\":\"LOW\"},{\"fixed_version\":\"3.5.7-1~deb13u3\",\"id\":\"CVE-2026-35189\",\"installed_version\":\"3.5.7-1~deb13u2\",\"package\":\"openssl-provider-legacy\",\"severity\":\"LOW\"},{\"fixed_version\":\"3.5.7-1~deb13u3\",\"id\":\"CVE-2026-35191\",\"installed_version\":\"3.5.7-1~deb13u2\",\"package\":\"libssl3t64\",\"severity\":\"LOW\"},{\"fixed_version\":\"3.5.7-1~deb13u3\",\"id\":\"CVE-2026-35191\",\"installed_version\":\"3.5.7-1~deb13u2\",\"package\":\"openssl\",\"severity\":\"LOW\"},{\"fixed_version\":\"3.5.7-1~deb13u3\",\"id\":\"CVE-2026-35191\",\"installed_version\":\"3.5.7-1~deb13u2\",\"package\":\"openssl-provider-legacy\",\"severity\":\"LOW\"},{\"fixed_version\":\"\",\"id\":\"CVE-2026-36849\",\"installed_version\":\"4.7.0-3+deb13u3\",\"package\":\"libtiff6\",\"severity\":\"HIGH\"},{\"fixed_version\":\"\",\"id\":\"CVE-2026-3713\",\"installed_version\":\"1.6.48-1+deb13u5\",\"package\":\"libpng16-16t64\",\"severity\":\"LOW\"},{\"fixed_version\":\"1.23.1-1\",\"id\":\"CVE-2026-3949\",\"installed_version\":\"1.19.8-1+deb13u1\",\"package\":\"libheif-plugin-dav1d\",\"severity\":\"LOW\"},{\"fixed_version\":\"1.23.1-1\",\"id\":\"CVE-2026-3949\",\"installed_version\":\"1.19.8-1+deb13u1\",\"package\":\"libheif-plugin-libde265\",\"severity\":\"LOW\"},{\"fixed_version\":\"1.23.1-1\",\"id\":\"CVE-2026-3949\",\"installed_version\":\"1.19.8-1+deb13u1\",\"package\":\"libheif1\",\"severity\":\"LOW\"},{\"fixed_version\":\"\",\"id\":\"CVE-2026-40228\",\"installed_version\":\"257.13-1~deb13u1\",\"package\":\"libsystemd0\",\"severity\":\"LOW\"},{\"fixed_version\":\"\",\"id\":\"CVE-2026-40228\",\"installed_version\":\"257.13-1~deb13u1\",\"package\":\"libudev1\",\"severity\":\"LOW\"},{\"fixed_version\":\"\",\"id\":\"CVE-2026-42250\",\"installed_version\":\"1.0.8-6\",\"package\":\"libbz2-1.0\",\"severity\":\"MEDIUM\"},{\"fixed_version\":\"3.5.7-1~deb13u3\",\"id\":\"CVE-2026-42772\",\"installed_version\":\"3.5.7-1~deb13u2\",\"package\":\"libssl3t64\",\"severity\":\"MEDIUM\"},{\"fixed_version\":\"3.5.7-1~deb13u3\",\"id\":\"CVE-2026-42772\",\"installed_version\":\"3.5.7-1~deb13u2\",\"package\":\"openssl\",\"severity\":\"MEDIUM\"},{\"fixed_version\":\"3.5.7-1~deb13u3\",\"id\":\"CVE-2026-42772\",\"installed_version\":\"3.5.7-1~deb13u2\",\"package\":\"openssl-provider-legacy\",\"severity\":\"MEDIUM\"},{\"fixed_version\":\"1.6.48-1+deb13u6\",\"id\":\"CVE-2026-46675\",\"installed_version\":\"1.6.48-1+deb13u5\",\"package\":\"libpng16-16t64\",\"severity\":\"UNKNOWN\"},{\"fixed_version\":\"\",\"id\":\"CVE-2026-50812\",\"installed_version\":\"3.46.1-7+deb13u2\",\"package\":\"libsqlite3-0\",\"severity\":\"MEDIUM\"},{\"fixed_version\":\"\",\"id\":\"CVE-2026-50813\",\"installed_version\":\"3.46.1-7+deb13u2\",\"package\":\"libsqlite3-0\",\"severity\":\"MEDIUM\"},{\"fixed_version\":\"\",\"id\":\"CVE-2026-52490\",\"installed_version\":\"4.7.0-3+deb13u3\",\"package\":\"libtiff6\",\"severity\":\"HIGH\"},{\"fixed_version\":\"\",\"id\":\"CVE-2026-52491\",\"installed_version\":\"4.7.0-3+deb13u3\",\"package\":\"libtiff6\",\"severity\":\"LOW\"},{\"fixed_version\":\"\",\"id\":\"CVE-2026-52492\",\"installed_version\":\"4.7.0-3+deb13u3\",\"package\":\"libtiff6\",\"severity\":\"LOW\"},{\"fixed_version\":\"\",\"id\":\"CVE-2026-53910\",\"installed_version\":\"1:3.10-4\",\"package\":\"diffutils\",\"severity\":\"LOW\"},{\"fixed_version\":\"\",\"id\":\"CVE-2026-5435\",\"installed_version\":\"2.41-12+deb13u4\",\"package\":\"libc-bin\",\"severity\":\"MEDIUM\"},{\"fixed_version\":\"\",\"id\":\"CVE-2026-5435\",\"installed_version\":\"2.41-12+deb13u4\",\"package\":\"libc6\",\"severity\":\"MEDIUM\"},{\"fixed_version\":\"\",\"id\":\"CVE-2026-54369\",\"installed_version\":\"2.3.2-2+b1\",\"package\":\"libacl1\",\"severity\":\"HIGH\"},{\"fixed_version\":\"\",\"id\":\"CVE-2026-54370\",\"installed_version\":\"2.3.2-2+b1\",\"package\":\"libacl1\",\"severity\":\"MEDIUM\"},{\"fixed_version\":\"\",\"id\":\"CVE-2026-54371\",\"installed_version\":\"1:2.5.2-3\",\"package\":\"libattr1\",\"severity\":\"MEDIUM\"},{\"fixed_version\":\"\",\"id\":\"CVE-2026-54411\",\"installed_version\":\"1.7.0-5\",\"package\":\"libpam-modules\",\"severity\":\"MEDIUM\"},{\"fixed_version\":\"\",\"id\":\"CVE-2026-54411\",\"installed_version\":\"1.7.0-5\",\"package\":\"libpam-modules-bin\",\"severity\":\"MEDIUM\"},{\"fixed_version\":\"\",\"id\":\"CVE-2026-54411\",\"installed_version\":\"1.7.0-5\",\"package\":\"libpam-runtime\",\"severity\":\"MEDIUM\"},{\"fixed_version\":\"\",\"id\":\"CVE-2026-54411\",\"installed_version\":\"1.7.0-5\",\"package\":\"libpam0g\",\"severity\":\"MEDIUM\"},{\"fixed_version\":\"3.5.7-1~deb13u3\",\"id\":\"CVE-2026-54872\",\"installed_version\":\"3.5.7-1~deb13u2\",\"package\":\"libssl3t64\",\"severity\":\"MEDIUM\"},{\"fixed_version\":\"3.5.7-1~deb13u3\",\"id\":\"CVE-2026-54872\",\"installed_version\":\"3.5.7-1~deb13u2\",\"package\":\"openssl\",\"severity\":\"MEDIUM\"},{\"fixed_version\":\"3.5.7-1~deb13u3\",\"id\":\"CVE-2026-54872\",\"installed_version\":\"3.5.7-1~deb13u2\",\"package\":\"openssl-provider-legacy\",\"severity\":\"MEDIUM\"},{\"fixed_version\":\"3.5.7-1~deb13u3\",\"id\":\"CVE-2026-54873\",\"installed_version\":\"3.5.7-1~deb13u2\",\"package\":\"libssl3t64\",\"severity\":\"MEDIUM\"},{\"fixed_version\":\"3.5.7-1~deb13u3\",\"id\":\"CVE-2026-54873\",\"installed_version\":\"3.5.7-1~deb13u2\",\"package\":\"openssl\",\"severity\":\"MEDIUM\"},{\"fixed_version\":\"3.5.7-1~deb13u3\",\"id\":\"CVE-2026-54873\",\"installed_version\":\"3.5.7-1~deb13u2\",\"package\":\"openssl-provider-legacy\",\"severity\":\"MEDIUM\"},{\"fixed_version\":\"3.5.7-1~deb13u3\",\"id\":\"CVE-2026-54875\",\"installed_version\":\"3.5.7-1~deb13u2\",\"package\":\"libssl3t64\",\"severity\":\"MEDIUM\"},{\"fixed_version\":\"3.5.7-1~deb13u3\",\"id\":\"CVE-2026-54875\",\"installed_version\":\"3.5.7-1~deb13u2\",\"package\":\"openssl\",\"severity\":\"MEDIUM\"},{\"fixed_version\":\"3.5.7-1~deb13u3\",\"id\":\"CVE-2026-54875\",\"installed_version\":\"3.5.7-1~deb13u2\",\"package\":\"openssl-provider-legacy\",\"severity\":\"MEDIUM\"},{\"fixed_version\":\"\",\"id\":\"CVE-2026-56391\",\"installed_version\":\"9.7-3\",\"package\":\"coreutils\",\"severity\":\"LOW\"},{\"fixed_version\":\"\",\"id\":\"CVE-2026-56392\",\"installed_version\":\"9.7-3\",\"package\":\"coreutils\",\"severity\":\"LOW\"},{\"fixed_version\":\"\",\"id\":\"CVE-2026-5704\",\"installed_version\":\"1.35+dfsg-3.1\",\"package\":\"tar\",\"severity\":\"MEDIUM\"},{\"fixed_version\":\"\",\"id\":\"CVE-2026-58055\",\"installed_version\":\"1.64.0-1.1+deb13u1\",\"package\":\"libnghttp2-14\",\"severity\":\"MEDIUM\"},{\"fixed_version\":\"\",\"id\":\"CVE-2026-6238\",\"installed_version\":\"2.41-12+deb13u4\",\"package\":\"libc-bin\",\"severity\":\"MEDIUM\"},{\"fixed_version\":\"\",\"id\":\"CVE-2026-6238\",\"installed_version\":\"2.41-12+deb13u4\",\"package\":\"libc6\",\"severity\":\"MEDIUM\"},{\"fixed_version\":\"\",\"id\":\"CVE-2026-6368\",\"installed_version\":\"2.41-12+deb13u4\",\"package\":\"libc-bin\",\"severity\":\"MEDIUM\"},{\"fixed_version\":\"\",\"id\":\"CVE-2026-6368\",\"installed_version\":\"2.41-12+deb13u4\",\"package\":\"libc6\",\"severity\":\"MEDIUM\"},{\"fixed_version\":\"\",\"id\":\"CVE-2026-66046\",\"installed_version\":\"2.8.3-1~deb13u1\",\"package\":\"libexpat1\",\"severity\":\"HIGH\"},{\"fixed_version\":\"\",\"id\":\"CVE-2026-6653\",\"installed_version\":\"2.12.7+dfsg+really2.9.14-2.1+deb13u3\",\"package\":\"libxml2\",\"severity\":\"CRITICAL\"},{\"fixed_version\":\"\",\"id\":\"CVE-2026-6791\",\"installed_version\":\"2.41-12+deb13u4\",\"package\":\"libc-bin\",\"severity\":\"MEDIUM\"},{\"fixed_version\":\"\",\"id\":\"CVE-2026-6791\",\"installed_version\":\"2.41-12+deb13u4\",\"package\":\"libc6\",\"severity\":\"MEDIUM\"},{\"fixed_version\":\"3.5.7-1~deb13u3\",\"id\":\"CVE-2026-72897\",\"installed_version\":\"3.5.7-1~deb13u2\",\"package\":\"libssl3t64\",\"severity\":\"MEDIUM\"},{\"fixed_version\":\"3.5.7-1~deb13u3\",\"id\":\"CVE-2026-72897\",\"installed_version\":\"3.5.7-1~deb13u2\",\"package\":\"openssl\",\"severity\":\"MEDIUM\"},{\"fixed_version\":\"3.5.7-1~deb13u3\",\"id\":\"CVE-2026-72897\",\"installed_version\":\"3.5.7-1~deb13u2\",\"package\":\"openssl-provider-legacy\",\"severity\":\"MEDIUM\"},{\"fixed_version\":\"\",\"id\":\"CVE-2026-74860\",\"installed_version\":\"2.12.7+dfsg+really2.9.14-2.1+deb13u3\",\"package\":\"libxml2\",\"severity\":\"HIGH\"},{\"fixed_version\":\"3.5.7-1~deb13u3\",\"id\":\"CVE-2026-75804\",\"installed_version\":\"3.5.7-1~deb13u2\",\"package\":\"libssl3t64\",\"severity\":\"HIGH\"},{\"fixed_version\":\"3.5.7-1~deb13u3\",\"id\":\"CVE-2026-75804\",\"installed_version\":\"3.5.7-1~deb13u2\",\"package\":\"openssl\",\"severity\":\"HIGH\"},{\"fixed_version\":\"3.5.7-1~deb13u3\",\"id\":\"CVE-2026-75804\",\"installed_version\":\"3.5.7-1~deb13u2\",\"package\":\"openssl-provider-legacy\",\"severity\":\"HIGH\"},{\"fixed_version\":\"3.5.7-1~deb13u3\",\"id\":\"CVE-2026-75805\",\"installed_version\":\"3.5.7-1~deb13u2\",\"package\":\"libssl3t64\",\"severity\":\"MEDIUM\"},{\"fixed_version\":\"3.5.7-1~deb13u3\",\"id\":\"CVE-2026-75805\",\"installed_version\":\"3.5.7-1~deb13u2\",\"package\":\"openssl\",\"severity\":\"MEDIUM\"},{\"fixed_version\":\"3.5.7-1~deb13u3\",\"id\":\"CVE-2026-75805\",\"installed_version\":\"3.5.7-1~deb13u2\",\"package\":\"openssl-provider-legacy\",\"severity\":\"MEDIUM\"},{\"fixed_version\":\"3.5.7-1~deb13u3\",\"id\":\"CVE-2026-75806\",\"installed_version\":\"3.5.7-1~deb13u2\",\"package\":\"libssl3t64\",\"severity\":\"MEDIUM\"},{\"fixed_version\":\"3.5.7-1~deb13u3\",\"id\":\"CVE-2026-75806\",\"installed_version\":\"3.5.7-1~deb13u2\",\"package\":\"openssl\",\"severity\":\"MEDIUM\"},{\"fixed_version\":\"3.5.7-1~deb13u3\",\"id\":\"CVE-2026-75806\",\"installed_version\":\"3.5.7-1~deb13u2\",\"package\":\"openssl-provider-legacy\",\"severity\":\"MEDIUM\"},{\"fixed_version\":\"\",\"id\":\"CVE-2026-76642\",\"installed_version\":\"1:2.41.5-0+deb13u1\",\"package\":\"bsdutils\",\"severity\":\"HIGH\"},{\"fixed_version\":\"\",\"id\":\"CVE-2026-76642\",\"installed_version\":\"2.41.5-0+deb13u1\",\"package\":\"libblkid1\",\"severity\":\"HIGH\"},{\"fixed_version\":\"\",\"id\":\"CVE-2026-76642\",\"installed_version\":\"2.41.5-0+deb13u1\",\"package\":\"liblastlog2-2\",\"severity\":\"HIGH\"},{\"fixed_version\":\"\",\"id\":\"CVE-2026-76642\",\"installed_version\":\"2.41.5-0+deb13u1\",\"package\":\"libmount1\",\"severity\":\"HIGH\"},{\"fixed_version\":\"\",\"id\":\"CVE-2026-76642\",\"installed_version\":\"2.41.5-0+deb13u1\",\"package\":\"libsmartcols1\",\"severity\":\"HIGH\"},{\"fixed_version\":\"\",\"id\":\"CVE-2026-76642\",\"installed_version\":\"2.41.5-0+deb13u1\",\"package\":\"libuuid1\",\"severity\":\"HIGH\"},{\"fixed_version\":\"\",\"id\":\"CVE-2026-76642\",\"installed_version\":\"1:4.16.0-2+really2.41.5-0+deb13u1\",\"package\":\"login\",\"severity\":\"HIGH\"},{\"fixed_version\":\"\",\"id\":\"CVE-2026-76642\",\"installed_version\":\"2.41.5-0+deb13u1\",\"package\":\"mount\",\"severity\":\"HIGH\"},{\"fixed_version\":\"\",\"id\":\"CVE-2026-76642\",\"installed_version\":\"2.41.5-0+deb13u1\",\"package\":\"util-linux\",\"severity\":\"HIGH\"},{\"fixed_version\":\"\",\"id\":\"CVE-2026-76781\",\"installed_version\":\"2.12.7+dfsg+really2.9.14-2.1+deb13u3\",\"package\":\"libxml2\",\"severity\":\"MEDIUM\"},{\"fixed_version\":\"\",\"id\":\"CVE-2026-76956\",\"installed_version\":\"2.8.3-1~deb13u1\",\"package\":\"libexpat1\",\"severity\":\"HIGH\"},{\"fixed_version\":\"\",\"id\":\"CVE-2026-76957\",\"installed_version\":\"2.8.3-1~deb13u1\",\"package\":\"libexpat1\",\"severity\":\"HIGH\"},{\"fixed_version\":\"\",\"id\":\"CVE-2026-77117\",\"installed_version\":\"2.41-12+deb13u4\",\"package\":\"libc-bin\",\"severity\":\"MEDIUM\"},{\"fixed_version\":\"\",\"id\":\"CVE-2026-77117\",\"installed_version\":\"2.41-12+deb13u4\",\"package\":\"libc6\",\"severity\":\"MEDIUM\"},{\"fixed_version\":\"3.5.7-1~deb13u3\",\"id\":\"CVE-2026-77696\",\"installed_version\":\"3.5.7-1~deb13u2\",\"package\":\"libssl3t64\",\"severity\":\"MEDIUM\"},{\"fixed_version\":\"3.5.7-1~deb13u3\",\"id\":\"CVE-2026-77696\",\"installed_version\":\"3.5.7-1~deb13u2\",\"package\":\"openssl\",\"severity\":\"MEDIUM\"},{\"fixed_version\":\"3.5.7-1~deb13u3\",\"id\":\"CVE-2026-77696\",\"installed_version\":\"3.5.7-1~deb13u2\",\"package\":\"openssl-provider-legacy\",\"severity\":\"MEDIUM\"},{\"fixed_version\":\"\",\"id\":\"CVE-2026-78408\",\"installed_version\":\"1:2.41.5-0+deb13u1\",\"package\":\"bsdutils\",\"severity\":\"HIGH\"},{\"fixed_version\":\"\",\"id\":\"CVE-2026-78408\",\"installed_version\":\"2.41.5-0+deb13u1\",\"package\":\"libblkid1\",\"severity\":\"HIGH\"},{\"fixed_version\":\"\",\"id\":\"CVE-2026-78408\",\"installed_version\":\"2.41.5-0+deb13u1\",\"package\":\"liblastlog2-2\",\"severity\":\"HIGH\"},{\"fixed_version\":\"\",\"id\":\"CVE-2026-78408\",\"installed_version\":\"2.41.5-0+deb13u1\",\"package\":\"libmount1\",\"severity\":\"HIGH\"},{\"fixed_version\":\"\",\"id\":\"CVE-2026-78408\",\"installed_version\":\"2.41.5-0+deb13u1\",\"package\":\"libsmartcols1\",\"severity\":\"HIGH\"},{\"fixed_version\":\"\",\"id\":\"CVE-2026-78408\",\"installed_version\":\"2.41.5-0+deb13u1\",\"package\":\"libuuid1\",\"severity\":\"HIGH\"},{\"fixed_version\":\"\",\"id\":\"CVE-2026-78408\",\"installed_version\":\"1:4.16.0-2+really2.41.5-0+deb13u1\",\"package\":\"login\",\"severity\":\"HIGH\"},{\"fixed_version\":\"\",\"id\":\"CVE-2026-78408\",\"installed_version\":\"2.41.5-0+deb13u1\",\"package\":\"mount\",\"severity\":\"HIGH\"},{\"fixed_version\":\"\",\"id\":\"CVE-2026-78408\",\"installed_version\":\"2.41.5-0+deb13u1\",\"package\":\"util-linux\",\"severity\":\"HIGH\"},{\"fixed_version\":\"\",\"id\":\"CVE-2026-78409\",\"installed_version\":\"1:2.41.5-0+deb13u1\",\"package\":\"bsdutils\",\"severity\":\"HIGH\"},{\"fixed_version\":\"\",\"id\":\"CVE-2026-78409\",\"installed_version\":\"2.41.5-0+deb13u1\",\"package\":\"libblkid1\",\"severity\":\"HIGH\"},{\"fixed_version\":\"\",\"id\":\"CVE-2026-78409\",\"installed_version\":\"2.41.5-0+deb13u1\",\"package\":\"liblastlog2-2\",\"severity\":\"HIGH\"},{\"fixed_version\":\"\",\"id\":\"CVE-2026-78409\",\"installed_version\":\"2.41.5-0+deb13u1\",\"package\":\"libmount1\",\"severity\":\"HIGH\"},{\"fixed_version\":\"\",\"id\":\"CVE-2026-78409\",\"installed_version\":\"2.41.5-0+deb13u1\",\"package\":\"libsmartcols1\",\"severity\":\"HIGH\"},{\"fixed_version\":\"\",\"id\":\"CVE-2026-78409\",\"installed_version\":\"2.41.5-0+deb13u1\",\"package\":\"libuuid1\",\"severity\":\"HIGH\"},{\"fixed_version\":\"\",\"id\":\"CVE-2026-78409\",\"installed_version\":\"1:4.16.0-2+really2.41.5-0+deb13u1\",\"package\":\"login\",\"severity\":\"HIGH\"},{\"fixed_version\":\"\",\"id\":\"CVE-2026-78409\",\"installed_version\":\"2.41.5-0+deb13u1\",\"package\":\"mount\",\"severity\":\"HIGH\"},{\"fixed_version\":\"\",\"id\":\"CVE-2026-78409\",\"installed_version\":\"2.41.5-0+deb13u1\",\"package\":\"util-linux\",\"severity\":\"HIGH\"},{\"fixed_version\":\"\",\"id\":\"CVE-2026-78410\",\"installed_version\":\"1:2.41.5-0+deb13u1\",\"package\":\"bsdutils\",\"severity\":\"HIGH\"},{\"fixed_version\":\"\",\"id\":\"CVE-2026-78410\",\"installed_version\":\"2.41.5-0+deb13u1\",\"package\":\"libblkid1\",\"severity\":\"HIGH\"},{\"fixed_version\":\"\",\"id\":\"CVE-2026-78410\",\"installed_version\":\"2.41.5-0+deb13u1\",\"package\":\"liblastlog2-2\",\"severity\":\"HIGH\"},{\"fixed_version\":\"\",\"id\":\"CVE-2026-78410\",\"installed_version\":\"2.41.5-0+deb13u1\",\"package\":\"libmount1\",\"severity\":\"HIGH\"},{\"fixed_version\":\"\",\"id\":\"CVE-2026-78410\",\"installed_version\":\"2.41.5-0+deb13u1\",\"package\":\"libsmartcols1\",\"severity\":\"HIGH\"},{\"fixed_version\":\"\",\"id\":\"CVE-2026-78410\",\"installed_version\":\"2.41.5-0+deb13u1\",\"package\":\"libuuid1\",\"severity\":\"HIGH\"},{\"fixed_version\":\"\",\"id\":\"CVE-2026-78410\",\"installed_version\":\"1:4.16.0-2+really2.41.5-0+deb13u1\",\"package\":\"login\",\"severity\":\"HIGH\"},{\"fixed_version\":\"\",\"id\":\"CVE-2026-78410\",\"installed_version\":\"2.41.5-0+deb13u1\",\"package\":\"mount\",\"severity\":\"HIGH\"},{\"fixed_version\":\"\",\"id\":\"CVE-2026-78410\",\"installed_version\":\"2.41.5-0+deb13u1\",\"package\":\"util-linux\",\"severity\":\"HIGH\"},{\"fixed_version\":\"\",\"id\":\"CVE-2026-80229\",\"installed_version\":\"8.14.1-2+deb13u5\",\"package\":\"curl\",\"severity\":\"MEDIUM\"},{\"fixed_version\":\"\",\"id\":\"CVE-2026-80229\",\"installed_version\":\"8.14.1-2+deb13u5\",\"package\":\"libcurl4t64\",\"severity\":\"MEDIUM\"},{\"fixed_version\":\"\",\"id\":\"CVE-2026-80230\",\"installed_version\":\"8.14.1-2+deb13u5\",\"package\":\"curl\",\"severity\":\"LOW\"},{\"fixed_version\":\"\",\"id\":\"CVE-2026-80230\",\"installed_version\":\"8.14.1-2+deb13u5\",\"package\":\"libcurl4t64\",\"severity\":\"LOW\"},{\"fixed_version\":\"\",\"id\":\"CVE-2026-80255\",\"installed_version\":\"8.14.1-2+deb13u5\",\"package\":\"curl\",\"severity\":\"LOW\"},{\"fixed_version\":\"\",\"id\":\"CVE-2026-80255\",\"installed_version\":\"8.14.1-2+deb13u5\",\"package\":\"libcurl4t64\",\"severity\":\"LOW\"},{\"fixed_version\":\"\",\"id\":\"CVE-2026-80489\",\"installed_version\":\"2.41-12+deb13u4\",\"package\":\"libc-bin\",\"severity\":\"MEDIUM\"},{\"fixed_version\":\"\",\"id\":\"CVE-2026-80489\",\"installed_version\":\"2.41-12+deb13u4\",\"package\":\"libc6\",\"severity\":\"MEDIUM\"},{\"fixed_version\":\"\",\"id\":\"CVE-2026-82208\",\"installed_version\":\"8.14.1-2+deb13u5\",\"package\":\"curl\",\"severity\":\"LOW\"},{\"fixed_version\":\"\",\"id\":\"CVE-2026-82208\",\"installed_version\":\"8.14.1-2+deb13u5\",\"package\":\"libcurl4t64\",\"severity\":\"LOW\"},{\"fixed_version\":\"\",\"id\":\"CVE-2026-82209\",\"installed_version\":\"8.14.1-2+deb13u5\",\"package\":\"curl\",\"severity\":\"LOW\"},{\"fixed_version\":\"\",\"id\":\"CVE-2026-82209\",\"installed_version\":\"8.14.1-2+deb13u5\",\"package\":\"libcurl4t64\",\"severity\":\"LOW\"},{\"fixed_version\":\"\",\"id\":\"CVE-2026-82560\",\"installed_version\":\"5.40.1-6+deb13u1\",\"package\":\"perl-base\",\"severity\":\"UNKNOWN\"},{\"fixed_version\":\"\",\"id\":\"CVE-2026-8286\",\"installed_version\":\"8.14.1-2+deb13u5\",\"package\":\"curl\",\"severity\":\"HIGH\"},{\"fixed_version\":\"\",\"id\":\"CVE-2026-8286\",\"installed_version\":\"8.14.1-2+deb13u5\",\"package\":\"libcurl4t64\",\"severity\":\"HIGH\"},{\"fixed_version\":\"1.23.4-1~deb13u1\",\"id\":\"CVE-2026-84384\",\"installed_version\":\"1.19.8-1+deb13u1\",\"package\":\"libheif-plugin-dav1d\",\"severity\":\"MEDIUM\"},{\"fixed_version\":\"1.23.4-1~deb13u1\",\"id\":\"CVE-2026-84384\",\"installed_version\":\"1.19.8-1+deb13u1\",\"package\":\"libheif-plugin-libde265\",\"severity\":\"MEDIUM\"},{\"fixed_version\":\"1.23.4-1~deb13u1\",\"id\":\"CVE-2026-84384\",\"installed_version\":\"1.19.8-1+deb13u1\",\"package\":\"libheif1\",\"severity\":\"MEDIUM\"},{\"fixed_version\":\"1.23.4-1~deb13u1\",\"id\":\"CVE-2026-84444\",\"installed_version\":\"1.19.8-1+deb13u1\",\"package\":\"libheif-plugin-dav1d\",\"severity\":\"UNKNOWN\"},{\"fixed_version\":\"1.23.4-1~deb13u1\",\"id\":\"CVE-2026-84444\",\"installed_version\":\"1.19.8-1+deb13u1\",\"package\":\"libheif-plugin-libde265\",\"severity\":\"UNKNOWN\"},{\"fixed_version\":\"1.23.4-1~deb13u1\",\"id\":\"CVE-2026-84444\",\"installed_version\":\"1.19.8-1+deb13u1\",\"package\":\"libheif1\",\"severity\":\"UNKNOWN\"},{\"fixed_version\":\"1.23.4-1~deb13u1\",\"id\":\"CVE-2026-84446\",\"installed_version\":\"1.19.8-1+deb13u1\",\"package\":\"libheif-plugin-dav1d\",\"severity\":\"MEDIUM\"},{\"fixed_version\":\"1.23.4-1~deb13u1\",\"id\":\"CVE-2026-84446\",\"installed_version\":\"1.19.8-1+deb13u1\",\"package\":\"libheif-plugin-libde265\",\"severity\":\"MEDIUM\"},{\"fixed_version\":\"1.23.4-1~deb13u1\",\"id\":\"CVE-2026-84446\",\"installed_version\":\"1.19.8-1+deb13u1\",\"package\":\"libheif1\",\"severity\":\"MEDIUM\"},{\"fixed_version\":\"1.23.4-1~deb13u1\",\"id\":\"CVE-2026-84447\",\"installed_version\":\"1.19.8-1+deb13u1\",\"package\":\"libheif-plugin-dav1d\",\"severity\":\"MEDIUM\"},{\"fixed_version\":\"1.23.4-1~deb13u1\",\"id\":\"CVE-2026-84447\",\"installed_version\":\"1.19.8-1+deb13u1\",\"package\":\"libheif-plugin-libde265\",\"severity\":\"MEDIUM\"},{\"fixed_version\":\"1.23.4-1~deb13u1\",\"id\":\"CVE-2026-84447\",\"installed_version\":\"1.19.8-1+deb13u1\",\"package\":\"libheif1\",\"severity\":\"MEDIUM\"},{\"fixed_version\":\"1.23.4-1~deb13u1\",\"id\":\"CVE-2026-84448\",\"installed_version\":\"1.19.8-1+deb13u1\",\"package\":\"libheif-plugin-dav1d\",\"severity\":\"MEDIUM\"},{\"fixed_version\":\"1.23.4-1~deb13u1\",\"id\":\"CVE-2026-84448\",\"installed_version\":\"1.19.8-1+deb13u1\",\"package\":\"libheif-plugin-libde265\",\"severity\":\"MEDIUM\"},{\"fixed_version\":\"1.23.4-1~deb13u1\",\"id\":\"CVE-2026-84448\",\"installed_version\":\"1.19.8-1+deb13u1\",\"package\":\"libheif1\",\"severity\":\"MEDIUM\"},{\"fixed_version\":\"1.23.4-1~deb13u1\",\"id\":\"CVE-2026-84450\",\"installed_version\":\"1.19.8-1+deb13u1\",\"package\":\"libheif-plugin-dav1d\",\"severity\":\"HIGH\"},{\"fixed_version\":\"1.23.4-1~deb13u1\",\"id\":\"CVE-2026-84450\",\"installed_version\":\"1.19.8-1+deb13u1\",\"package\":\"libheif-plugin-libde265\",\"severity\":\"HIGH\"},{\"fixed_version\":\"1.23.4-1~deb13u1\",\"id\":\"CVE-2026-84450\",\"installed_version\":\"1.19.8-1+deb13u1\",\"package\":\"libheif1\",\"severity\":\"HIGH\"},{\"fixed_version\":\"1.23.4-1~deb13u1\",\"id\":\"CVE-2026-84451\",\"installed_version\":\"1.19.8-1+deb13u1\",\"package\":\"libheif-plugin-dav1d\",\"severity\":\"HIGH\"},{\"fixed_version\":\"1.23.4-1~deb13u1\",\"id\":\"CVE-2026-84451\",\"installed_version\":\"1.19.8-1+deb13u1\",\"package\":\"libheif-plugin-libde265\",\"severity\":\"HIGH\"},{\"fixed_version\":\"1.23.4-1~deb13u1\",\"id\":\"CVE-2026-84451\",\"installed_version\":\"1.19.8-1+deb13u1\",\"package\":\"libheif1\",\"severity\":\"HIGH\"},{\"fixed_version\":\"\",\"id\":\"CVE-2026-8458\",\"installed_version\":\"8.14.1-2+deb13u5\",\"package\":\"curl\",\"severity\":\"HIGH\"},{\"fixed_version\":\"\",\"id\":\"CVE-2026-8458\",\"installed_version\":\"8.14.1-2+deb13u5\",\"package\":\"libcurl4t64\",\"severity\":\"HIGH\"},{\"fixed_version\":\"3.5.7-1~deb13u3\",\"id\":\"CVE-2026-84782\",\"installed_version\":\"3.5.7-1~deb13u2\",\"package\":\"libssl3t64\",\"severity\":\"HIGH\"},{\"fixed_version\":\"3.5.7-1~deb13u3\",\"id\":\"CVE-2026-84782\",\"installed_version\":\"3.5.7-1~deb13u2\",\"package\":\"openssl\",\"severity\":\"HIGH\"},{\"fixed_version\":\"3.5.7-1~deb13u3\",\"id\":\"CVE-2026-84782\",\"installed_version\":\"3.5.7-1~deb13u2\",\"package\":\"openssl-provider-legacy\",\"severity\":\"HIGH\"},{\"fixed_version\":\"3.5.7-1~deb13u3\",\"id\":\"CVE-2026-84784\",\"installed_version\":\"3.5.7-1~deb13u2\",\"package\":\"libssl3t64\",\"severity\":\"MEDIUM\"},{\"fixed_version\":\"3.5.7-1~deb13u3\",\"id\":\"CVE-2026-84784\",\"installed_version\":\"3.5.7-1~deb13u2\",\"package\":\"openssl\",\"severity\":\"MEDIUM\"},{\"fixed_version\":\"3.5.7-1~deb13u3\",\"id\":\"CVE-2026-84784\",\"installed_version\":\"3.5.7-1~deb13u2\",\"package\":\"openssl-provider-legacy\",\"severity\":\"MEDIUM\"},{\"fixed_version\":\"\",\"id\":\"CVE-2026-85091\",\"installed_version\":\"1:1.3.dfsg+really1.3.1-1+b1\",\"package\":\"zlib1g\",\"severity\":\"MEDIUM\"},{\"fixed_version\":\"\",\"id\":\"CVE-2026-86137\",\"installed_version\":\"2.12.7+dfsg+really2.9.14-2.1+deb13u3\",\"package\":\"libxml2\",\"severity\":\"MEDIUM\"},{\"fixed_version\":\"\",\"id\":\"CVE-2026-86138\",\"installed_version\":\"2.12.7+dfsg+really2.9.14-2.1+deb13u3\",\"package\":\"libxml2\",\"severity\":\"HIGH\"},{\"fixed_version\":\"\",\"id\":\"CVE-2026-86139\",\"installed_version\":\"2.12.7+dfsg+really2.9.14-2.1+deb13u3\",\"package\":\"libxml2\",\"severity\":\"HIGH\"},{\"fixed_version\":\"\",\"id\":\"CVE-2026-86140\",\"installed_version\":\"2.12.7+dfsg+really2.9.14-2.1+deb13u3\",\"package\":\"libxml2\",\"severity\":\"HIGH\"},{\"fixed_version\":\"\",\"id\":\"CVE-2026-86141\",\"installed_version\":\"2.12.7+dfsg+really2.9.14-2.1+deb13u3\",\"package\":\"libxml2\",\"severity\":\"LOW\"},{\"fixed_version\":\"\",\"id\":\"CVE-2026-86142\",\"installed_version\":\"2.12.7+dfsg+really2.9.14-2.1+deb13u3\",\"package\":\"libxml2\",\"severity\":\"HIGH\"},{\"fixed_version\":\"\",\"id\":\"CVE-2026-86143\",\"installed_version\":\"2.12.7+dfsg+really2.9.14-2.1+deb13u3\",\"package\":\"libxml2\",\"severity\":\"HIGH\"},{\"fixed_version\":\"\",\"id\":\"CVE-2026-86144\",\"installed_version\":\"2.12.7+dfsg+really2.9.14-2.1+deb13u3\",\"package\":\"libxml2\",\"severity\":\"HIGH\"},{\"fixed_version\":\"\",\"id\":\"CVE-2026-8674\",\"installed_version\":\"2.41-12+deb13u4\",\"package\":\"libc-bin\",\"severity\":\"MEDIUM\"},{\"fixed_version\":\"\",\"id\":\"CVE-2026-8674\",\"installed_version\":\"2.41-12+deb13u4\",\"package\":\"libc6\",\"severity\":\"MEDIUM\"},{\"fixed_version\":\"\",\"id\":\"CVE-2026-86805\",\"installed_version\":\"2.41-12+deb13u4\",\"package\":\"libc-bin\",\"severity\":\"MEDIUM\"},{\"fixed_version\":\"\",\"id\":\"CVE-2026-86805\",\"installed_version\":\"2.41-12+deb13u4\",\"package\":\"libc6\",\"severity\":\"MEDIUM\"},{\"fixed_version\":\"\",\"id\":\"CVE-2026-88373\",\"installed_version\":\"1.0.15-1+deb13u2\",\"package\":\"libde265-0\",\"severity\":\"UNKNOWN\"},{\"fixed_version\":\"\",\"id\":\"CVE-2026-88806\",\"installed_version\":\"2:1.8.12-1\",\"package\":\"libx11-6\",\"severity\":\"HIGH\"},{\"fixed_version\":\"\",\"id\":\"CVE-2026-88806\",\"installed_version\":\"2:1.8.12-1\",\"package\":\"libx11-data\",\"severity\":\"HIGH\"},{\"fixed_version\":\"\",\"id\":\"CVE-2026-89092\",\"installed_version\":\"2.41-12+deb13u4\",\"package\":\"libc-bin\",\"severity\":\"MEDIUM\"},{\"fixed_version\":\"\",\"id\":\"CVE-2026-89092\",\"installed_version\":\"2.41-12+deb13u4\",\"package\":\"libc6\",\"severity\":\"MEDIUM\"},{\"fixed_version\":\"\",\"id\":\"CVE-2026-8924\",\"installed_version\":\"8.14.1-2+deb13u5\",\"package\":\"curl\",\"severity\":\"MEDIUM\"},{\"fixed_version\":\"\",\"id\":\"CVE-2026-8924\",\"installed_version\":\"8.14.1-2+deb13u5\",\"package\":\"libcurl4t64\",\"severity\":\"MEDIUM\"},{\"fixed_version\":\"\",\"id\":\"CVE-2026-8926\",\"installed_version\":\"8.14.1-2+deb13u5\",\"package\":\"curl\",\"severity\":\"MEDIUM\"},{\"fixed_version\":\"\",\"id\":\"CVE-2026-8926\",\"installed_version\":\"8.14.1-2+deb13u5\",\"package\":\"libcurl4t64\",\"severity\":\"MEDIUM\"},{\"fixed_version\":\"\",\"id\":\"CVE-2026-8927\",\"installed_version\":\"8.14.1-2+deb13u5\",\"package\":\"curl\",\"severity\":\"HIGH\"},{\"fixed_version\":\"\",\"id\":\"CVE-2026-8927\",\"installed_version\":\"8.14.1-2+deb13u5\",\"package\":\"libcurl4t64\",\"severity\":\"HIGH\"},{\"fixed_version\":\"\",\"id\":\"CVE-2026-8932\",\"installed_version\":\"8.14.1-2+deb13u5\",\"package\":\"curl\",\"severity\":\"MEDIUM\"},{\"fixed_version\":\"\",\"id\":\"CVE-2026-8932\",\"installed_version\":\"8.14.1-2+deb13u5\",\"package\":\"libcurl4t64\",\"severity\":\"MEDIUM\"},{\"fixed_version\":\"\",\"id\":\"CVE-2026-9079\",\"installed_version\":\"8.14.1-2+deb13u5\",\"package\":\"curl\",\"severity\":\"MEDIUM\"},{\"fixed_version\":\"\",\"id\":\"CVE-2026-9079\",\"installed_version\":\"8.14.1-2+deb13u5\",\"package\":\"libcurl4t64\",\"severity\":\"MEDIUM\"},{\"fixed_version\":\"\",\"id\":\"CVE-2026-9080\",\"installed_version\":\"8.14.1-2+deb13u5\",\"package\":\"curl\",\"severity\":\"MEDIUM\"},{\"fixed_version\":\"\",\"id\":\"CVE-2026-9080\",\"installed_version\":\"8.14.1-2+deb13u5\",\"package\":\"libcurl4t64\",\"severity\":\"MEDIUM\"},{\"fixed_version\":\"\",\"id\":\"CVE-2026-93990\",\"installed_version\":\"2.8.3-1~deb13u1\",\"package\":\"libexpat1\",\"severity\":\"HIGH\"},{\"fixed_version\":\"\",\"id\":\"CVE-2026-94283\",\"installed_version\":\"2:1.8.12-1\",\"package\":\"libx11-6\",\"severity\":\"MEDIUM\"},{\"fixed_version\":\"\",\"id\":\"CVE-2026-94283\",\"installed_version\":\"2:1.8.12-1\",\"package\":\"libx11-data\",\"severity\":\"MEDIUM\"},{\"fixed_version\":\"\",\"id\":\"CVE-2026-94284\",\"installed_version\":\"2:1.8.12-1\",\"package\":\"libx11-6\",\"severity\":\"MEDIUM\"},{\"fixed_version\":\"\",\"id\":\"CVE-2026-94284\",\"installed_version\":\"2:1.8.12-1\",\"package\":\"libx11-data\",\"severity\":\"MEDIUM\"},{\"fixed_version\":\"\",\"id\":\"CVE-2026-94285\",\"installed_version\":\"2:1.8.12-1\",\"package\":\"libx11-6\",\"severity\":\"MEDIUM\"},{\"fixed_version\":\"\",\"id\":\"CVE-2026-94285\",\"installed_version\":\"2:1.8.12-1\",\"package\":\"libx11-data\",\"severity\":\"MEDIUM\"},{\"fixed_version\":\"\",\"id\":\"CVE-2026-94287\",\"installed_version\":\"1:3.5.17-1+deb13u1\",\"package\":\"libxpm4\",\"severity\":\"MEDIUM\"},{\"fixed_version\":\"\",\"id\":\"CVE-2026-9538\",\"installed_version\":\"5.40.1-6+deb13u1\",\"package\":\"perl-base\",\"severity\":\"HIGH\"},{\"fixed_version\":\"\",\"id\":\"CVE-2026-9545\",\"installed_version\":\"8.14.1-2+deb13u5\",\"package\":\"curl\",\"severity\":\"MEDIUM\"},{\"fixed_version\":\"\",\"id\":\"CVE-2026-9545\",\"installed_version\":\"8.14.1-2+deb13u5\",\"package\":\"libcurl4t64\",\"severity\":\"MEDIUM\"},{\"fixed_version\":\"\",\"id\":\"CVE-2026-9547\",\"installed_version\":\"8.14.1-2+deb13u5\",\"package\":\"curl\",\"severity\":\"LOW\"},{\"fixed_version\":\"\",\"id\":\"CVE-2026-9547\",\"installed_version\":\"8.14.1-2+deb13u5\",\"package\":\"libcurl4t64\",\"severity\":\"LOW\"},{\"fixed_version\":\"\",\"id\":\"CVE-2026-95512\",\"installed_version\":\"2.13.3+dfsg-1+deb13u1\",\"package\":\"libfreetype6\",\"severity\":\"MEDIUM\"},{\"fixed_version\":\"\",\"id\":\"CVE-2026-95619\",\"installed_version\":\"14.2.0-19\",\"package\":\"gcc-14-base\",\"severity\":\"MEDIUM\"},{\"fixed_version\":\"\",\"id\":\"CVE-2026-95619\",\"installed_version\":\"14.2.0-19\",\"package\":\"libgcc-s1\",\"severity\":\"MEDIUM\"},{\"fixed_version\":\"\",\"id\":\"CVE-2026-95619\",\"installed_version\":\"14.2.0-19\",\"package\":\"libgomp1\",\"severity\":\"MEDIUM\"},{\"fixed_version\":\"\",\"id\":\"CVE-2026-95619\",\"installed_version\":\"14.2.0-19\",\"package\":\"libstdc++6\",\"severity\":\"MEDIUM\"},{\"fixed_version\":\"\",\"id\":\"CVE-2026-95818\",\"installed_version\":\"2.41-12+deb13u4\",\"package\":\"libc-bin\",\"severity\":\"MEDIUM\"},{\"fixed_version\":\"\",\"id\":\"CVE-2026-95818\",\"installed_version\":\"2.41-12+deb13u4\",\"package\":\"libc6\",\"severity\":\"MEDIUM\"},{\"fixed_version\":\"\",\"id\":\"CVE-2026-97399\",\"installed_version\":\"2.41-12+deb13u4\",\"package\":\"libc-bin\",\"severity\":\"LOW\"},{\"fixed_version\":\"\",\"id\":\"CVE-2026-97399\",\"installed_version\":\"2.41-12+deb13u4\",\"package\":\"libc6\",\"severity\":\"LOW\"},{\"fixed_version\":\"\",\"id\":\"TEMP-0000000-0F03E5\",\"installed_version\":\"1.19.8-1+deb13u1\",\"package\":\"libheif-plugin-dav1d\",\"severity\":\"UNKNOWN\"},{\"fixed_version\":\"\",\"id\":\"TEMP-0000000-0F03E5\",\"installed_version\":\"1.19.8-1+deb13u1\",\"package\":\"libheif-plugin-libde265\",\"severity\":\"UNKNOWN\"},{\"fixed_version\":\"\",\"id\":\"TEMP-0000000-0F03E5\",\"installed_version\":\"1.19.8-1+deb13u1\",\"package\":\"libheif1\",\"severity\":\"UNKNOWN\"},{\"fixed_version\":\"\",\"id\":\"TEMP-0000000-18A2CE\",\"installed_version\":\"1.19.8-1+deb13u1\",\"package\":\"libheif-plugin-dav1d\",\"severity\":\"UNKNOWN\"},{\"fixed_version\":\"\",\"id\":\"TEMP-0000000-18A2CE\",\"installed_version\":\"1.19.8-1+deb13u1\",\"package\":\"libheif-plugin-libde265\",\"severity\":\"UNKNOWN\"},{\"fixed_version\":\"\",\"id\":\"TEMP-0000000-18A2CE\",\"installed_version\":\"1.19.8-1+deb13u1\",\"package\":\"libheif1\",\"severity\":\"UNKNOWN\"},{\"fixed_version\":\"\",\"id\":\"TEMP-0000000-21F713\",\"installed_version\":\"1.19.8-1+deb13u1\",\"package\":\"libheif-plugin-dav1d\",\"severity\":\"UNKNOWN\"},{\"fixed_version\":\"\",\"id\":\"TEMP-0000000-21F713\",\"installed_version\":\"1.19.8-1+deb13u1\",\"package\":\"libheif-plugin-libde265\",\"severity\":\"UNKNOWN\"},{\"fixed_version\":\"\",\"id\":\"TEMP-0000000-21F713\",\"installed_version\":\"1.19.8-1+deb13u1\",\"package\":\"libheif1\",\"severity\":\"UNKNOWN\"},{\"fixed_version\":\"1.23.4-1~deb13u1\",\"id\":\"TEMP-0000000-4EF776\",\"installed_version\":\"1.19.8-1+deb13u1\",\"package\":\"libheif-plugin-dav1d\",\"severity\":\"UNKNOWN\"},{\"fixed_version\":\"1.23.4-1~deb13u1\",\"id\":\"TEMP-0000000-4EF776\",\"installed_version\":\"1.19.8-1+deb13u1\",\"package\":\"libheif-plugin-libde265\",\"severity\":\"UNKNOWN\"},{\"fixed_version\":\"1.23.4-1~deb13u1\",\"id\":\"TEMP-0000000-4EF776\",\"installed_version\":\"1.19.8-1+deb13u1\",\"package\":\"libheif1\",\"severity\":\"UNKNOWN\"},{\"fixed_version\":\"1.23.4-1~deb13u1\",\"id\":\"TEMP-0000000-78AC20\",\"installed_version\":\"1.19.8-1+deb13u1\",\"package\":\"libheif-plugin-dav1d\",\"severity\":\"UNKNOWN\"},{\"fixed_version\":\"1.23.4-1~deb13u1\",\"id\":\"TEMP-0000000-78AC20\",\"installed_version\":\"1.19.8-1+deb13u1\",\"package\":\"libheif-plugin-libde265\",\"severity\":\"UNKNOWN\"},{\"fixed_version\":\"1.23.4-1~deb13u1\",\"id\":\"TEMP-0000000-78AC20\",\"installed_version\":\"1.19.8-1+deb13u1\",\"package\":\"libheif1\",\"severity\":\"UNKNOWN\"},{\"fixed_version\":\"\",\"id\":\"TEMP-0000000-956D99\",\"installed_version\":\"1.19.8-1+deb13u1\",\"package\":\"libheif-plugin-dav1d\",\"severity\":\"UNKNOWN\"},{\"fixed_version\":\"\",\"id\":\"TEMP-0000000-956D99\",\"installed_version\":\"1.19.8-1+deb13u1\",\"package\":\"libheif-plugin-libde265\",\"severity\":\"UNKNOWN\"},{\"fixed_version\":\"\",\"id\":\"TEMP-0000000-956D99\",\"installed_version\":\"1.19.8-1+deb13u1\",\"package\":\"libheif1\",\"severity\":\"UNKNOWN\"},{\"fixed_version\":\"\",\"id\":\"TEMP-0000000-BB5891\",\"installed_version\":\"1.0.15-1+deb13u2\",\"package\":\"libde265-0\",\"severity\":\"UNKNOWN\"},{\"fixed_version\":\"1.23.4-1~deb13u1\",\"id\":\"TEMP-0000000-BBE297\",\"installed_version\":\"1.19.8-1+deb13u1\",\"package\":\"libheif-plugin-dav1d\",\"severity\":\"UNKNOWN\"},{\"fixed_version\":\"1.23.4-1~deb13u1\",\"id\":\"TEMP-0000000-BBE297\",\"installed_version\":\"1.19.8-1+deb13u1\",\"package\":\"libheif-plugin-libde265\",\"severity\":\"UNKNOWN\"},{\"fixed_version\":\"1.23.4-1~deb13u1\",\"id\":\"TEMP-0000000-BBE297\",\"installed_version\":\"1.19.8-1+deb13u1\",\"package\":\"libheif1\",\"severity\":\"UNKNOWN\"},{\"fixed_version\":\"1.23.4-1~deb13u1\",\"id\":\"TEMP-0000000-D1A721\",\"installed_version\":\"1.19.8-1+deb13u1\",\"package\":\"libheif-plugin-dav1d\",\"severity\":\"UNKNOWN\"},{\"fixed_version\":\"1.23.4-1~deb13u1\",\"id\":\"TEMP-0000000-D1A721\",\"installed_version\":\"1.19.8-1+deb13u1\",\"package\":\"libheif-plugin-libde265\",\"severity\":\"UNKNOWN\"},{\"fixed_version\":\"1.23.4-1~deb13u1\",\"id\":\"TEMP-0000000-D1A721\",\"installed_version\":\"1.19.8-1+deb13u1\",\"package\":\"libheif1\",\"severity\":\"UNKNOWN\"},{\"fixed_version\":\"\",\"id\":\"TEMP-0000000-DB3DE2\",\"installed_version\":\"1.19.8-1+deb13u1\",\"package\":\"libheif-plugin-dav1d\",\"severity\":\"UNKNOWN\"},{\"fixed_version\":\"\",\"id\":\"TEMP-0000000-DB3DE2\",\"installed_version\":\"1.19.8-1+deb13u1\",\"package\":\"libheif-plugin-libde265\",\"severity\":\"UNKNOWN\"},{\"fixed_version\":\"\",\"id\":\"TEMP-0000000-DB3DE2\",\"installed_version\":\"1.19.8-1+deb13u1\",\"package\":\"libheif1\",\"severity\":\"UNKNOWN\"},{\"fixed_version\":\"\",\"id\":\"TEMP-0000000-E66AA0\",\"installed_version\":\"1.0.15-1+deb13u2\",\"package\":\"libde265-0\",\"severity\":\"UNKNOWN\"},{\"fixed_version\":\"\",\"id\":\"TEMP-0000000-F2B97A\",\"installed_version\":\"1.19.8-1+deb13u1\",\"package\":\"libheif-plugin-dav1d\",\"severity\":\"UNKNOWN\"},{\"fixed_version\":\"\",\"id\":\"TEMP-0000000-F2B97A\",\"installed_version\":\"1.19.8-1+deb13u1\",\"package\":\"libheif-plugin-libde265\",\"severity\":\"UNKNOWN\"},{\"fixed_version\":\"\",\"id\":\"TEMP-0000000-F2B97A\",\"installed_version\":\"1.19.8-1+deb13u1\",\"package\":\"libheif1\",\"severity\":\"UNKNOWN\"},{\"fixed_version\":\"\",\"id\":\"TEMP-0290435-0B57B5\",\"installed_version\":\"1.35+dfsg-3.1\",\"package\":\"tar\",\"severity\":\"LOW\"},{\"fixed_version\":\"\",\"id\":\"TEMP-0517018-A83CE6\",\"installed_version\":\"3.14-4\",\"package\":\"sysvinit-utils\",\"severity\":\"LOW\"},{\"fixed_version\":\"\",\"id\":\"TEMP-0628843-DBAD28\",\"installed_version\":\"1:4.17.4-2\",\"package\":\"login.defs\",\"severity\":\"LOW\"},{\"fixed_version\":\"\",\"id\":\"TEMP-0628843-DBAD28\",\"installed_version\":\"1:4.17.4-2\",\"package\":\"passwd\",\"severity\":\"LOW\"},{\"fixed_version\":\"\",\"id\":\"TEMP-0841856-B18BAF\",\"installed_version\":\"5.2.37-2+b10\",\"package\":\"bash\",\"severity\":\"LOW\"},{\"fixed_version\":\"\",\"id\":\"TEMP-1147318-639065\",\"installed_version\":\"5.8.1-1+deb13u1\",\"package\":\"liblzma5\",\"severity\":\"UNKNOWN\"},{\"fixed_version\":\"1.23.4-1~deb13u1\",\"id\":\"TEMP-1148137-089975\",\"installed_version\":\"1.19.8-1+deb13u1\",\"package\":\"libheif-plugin-dav1d\",\"severity\":\"UNKNOWN\"},{\"fixed_version\":\"1.23.4-1~deb13u1\",\"id\":\"TEMP-1148137-089975\",\"installed_version\":\"1.19.8-1+deb13u1\",\"package\":\"libheif-plugin-libde265\",\"severity\":\"UNKNOWN\"},{\"fixed_version\":\"1.23.4-1~deb13u1\",\"id\":\"TEMP-1148137-089975\",\"installed_version\":\"1.19.8-1+deb13u1\",\"package\":\"libheif1\",\"severity\":\"UNKNOWN\"},{\"fixed_version\":\"1.23.4-1~deb13u1\",\"id\":\"TEMP-1148137-126A7B\",\"installed_version\":\"1.19.8-1+deb13u1\",\"package\":\"libheif-plugin-dav1d\",\"severity\":\"UNKNOWN\"},{\"fixed_version\":\"1.23.4-1~deb13u1\",\"id\":\"TEMP-1148137-126A7B\",\"installed_version\":\"1.19.8-1+deb13u1\",\"package\":\"libheif-plugin-libde265\",\"severity\":\"UNKNOWN\"},{\"fixed_version\":\"1.23.4-1~deb13u1\",\"id\":\"TEMP-1148137-126A7B\",\"installed_version\":\"1.19.8-1+deb13u1\",\"package\":\"libheif1\",\"severity\":\"UNKNOWN\"}]}],\"schema_version\":\"1.0.0\"}"
      ],
      "scenario_sha256": "f8c8a340f01a8736422b2dc61f7d7b83ea83b752fc41fda874fa6b42f819006c",
      "payload_version_key": "feed_version",
      "published_at": "2026-10-03",
      "files": {
        "cve/to_fair_scenario.py": "b83f29a6778a53dec94c752f6101a80adeb788a4f1f1d20ac2584a5d6ff34b7b",
        "cve/v3/feed.json": "bb56231c17a3ba513be0ec15de07b2bcfa438c9047b06edb3a402dac051d28f5",
        "party.yaml": "6d5211a16fe5bfbe6bd28fc0f4c876f9de8fca8a2a43d2750a4f855610ee0823"
      },
      "publisher_observation": {
        "schema": 1,
        "party": "feeds",
        "name": "cve",
        "version": "v3",
        "sha": "37dfe4a2de50f1a1fd7aeb6348d819373188e0e6",
        "pin_signature": {
          "state": "signed",
          "tag": "cve/v3.0.0",
          "detail": "tag cve/v3.0.0 on the feeds checkout carries a signature block"
        },
        "newer": null,
        "superseded": {
          "state": "current",
          "detail": "no signed tag of the form cve/vN.x.y with N > 3 on the feeds checkout, so the pinned v3 is the newest published major"
        }
      },
      "path": "composed/feeds/feeds/cve/v3"
    },
    {
      "party": "insurer",
      "kind": "feed",
      "name": "quote-driftwood",
      "version": "v1",
      "sha": "db767055119292e400edd63ed260785ce605eb4e",
      "feed_path": "quote/driftwood/v1/feed.json",
      "party_artefact": "party.yaml",
      "converter": null,
      "converter_from": null,
      "invocation": null,
      "scenario_sha256": null,
      "payload_version_key": null,
      "published_at": "2026-08-28",
      "files": {
        "party.yaml": "c35a3abee4bd822a5356ba6c3a8f67603561f99caabc9f7fe5a7dc3e4160a7e5",
        "quote/driftwood/v1/feed.json": "e1c39816a12a13cfe21ff137073ce33492e89abc044423372c85284dc3760329"
      },
      "publisher_observation": {
        "schema": 1,
        "party": "insurer",
        "name": "quote-driftwood",
        "version": "v1",
        "sha": "db767055119292e400edd63ed260785ce605eb4e",
        "pin_signature": {
          "state": "signed",
          "tag": "v1.0.0",
          "detail": "tag v1.0.0 on the insurer checkout carries a signature block"
        },
        "newer": null,
        "superseded": {
          "state": "current",
          "detail": "no signed tag of the form quote-driftwood/vN.x.y with N > 1 on the insurer checkout, so the pinned v1 is the newest published major"
        }
      },
      "path": "composed/feeds/insurer/quote-driftwood/v1"
    }
  ],
  "engine": {
    "declared": {
      "engine": "kyverno",
      "version": "1.18.2",
      "file": "gitops/engine/kyverno.yaml"
    },
    "file": "gitops/engine/kyverno.yaml",
    "pairings": [
      {
        "subject": "platform policy 5.0.0",
        "party": "platform",
        "line": "5.0.0",
        "tree": "platform@5.0.0",
        "read_from": "distribution/versions.yaml",
        "tested_engines": [
          "1.18.2"
        ],
        "status": "supported",
        "reason": null,
        "bodies": [
          "cage-netpol",
          "cage-tier",
          "posture-trust-boundary",
          "require-nonroot",
          "stamp-posture"
        ],
        "controls": [
          "ac-4",
          "ac-6",
          "cm-6"
        ]
      },
      {
        "subject": "platform policy 6.0.0",
        "party": "platform",
        "line": "6.0.0",
        "tree": "platform@5.0.0",
        "read_from": "distribution/versions.yaml",
        "tested_engines": [
          "1.18.2"
        ],
        "status": "supported",
        "reason": null,
        "bodies": [
          "cage-netpol",
          "cage-tier",
          "posture-trust-boundary",
          "require-nonroot",
          "stamp-posture"
        ],
        "controls": [
          "ac-4",
          "ac-6",
          "cm-6"
        ]
      },
      {
        "subject": "platform policy 7.0.0",
        "party": "platform",
        "line": "7.0.0",
        "tree": "platform@5.0.0",
        "read_from": "distribution/versions.yaml",
        "tested_engines": [
          "1.18.2",
          "1.19.1"
        ],
        "status": "supported",
        "reason": null,
        "bodies": [
          "cage-netpol",
          "cage-tier",
          "require-nonroot",
          "stamp-posture"
        ],
        "controls": [
          "ac-4",
          "ac-6",
          "cm-6"
        ]
      },
      {
        "subject": "platform machinery",
        "party": "platform",
        "line": "machinery",
        "tree": "platform@5.0.0",
        "read_from": "distribution/machinery.yaml",
        "tested_engines": [
          "1.18.2",
          "1.19.1"
        ],
        "status": "supported",
        "reason": null,
        "bodies": [
          "cage-netpol-bottom-rung",
          "governed-namespace-cage-holds",
          "governed-namespace-requires-claim",
          "governed-namespace-unclaimed-report",
          "policy-version-orphan-cage",
          "policy-version-orphan-cage-holds",
          "policy-version-orphan-guard"
        ],
        "controls": [
          "ac-4",
          "cm-6"
        ]
      }
    ]
  }
}
OK cmd_compose: against the real estate, exits 0 -- platform's two formerly-dangling claims are fixed, and the real driftwood's first pull request composes and writes for real
{
  "outcome": "refused",
  "party_artefact_errors": [
    "missing required field 'roles'"
  ],
  "parents": [],
  "members": [],
  "refusals": [],
  "restatements": [],
  "cages": [],
  "holes": [],
  "ungoverned": [],
  "prices": [],
  "deltas": [],
  "limits": [],
  "vendored": []
}
OK compose()/cmd_compose: a party artefact that doesn't check out refuses, renders nothing, and the CLI exits non-zero
OK check_diamonds: two edges to ico/penalty-schema at two versions refuse, naming both
OK rule-conflict: two implementations publishers on one key with different content refuse, naming both sources and both contents, never merged; the two-publisher limit prints closed at two
OK restatement-of-non-validating: restating cage-tier (a MutatingPolicy) refuses
OK restatement accepted: Audit -> Deny is stricter, and the rendered file carries the restated Deny
Traceback (most recent call last):
  File "/private/tmp/pavf-run377-platform-estate-20261004/platform/compose/composition.py", line 9484, in <module>
    sys.exit(main(sys.argv))
             ~~~~^^^^^^^^^^
  File "/private/tmp/pavf-run377-platform-estate-20261004/platform/compose/composition.py", line 6040, in main
    selfcheck()
    ~~~~~~~~~^^
  File "/private/tmp/pavf-run377-platform-estate-20261004/platform/compose/composition.py", line 7555, in selfcheck
    work = _adopter_copy(org, Path(td))
  File "/private/tmp/pavf-run377-platform-estate-20261004/platform/compose/composition.py", line 6097, in _adopter_copy
    head=source_git('rev-parse','HEAD^{commit}').decode().strip()
         ~~~~~~~~~~^^^^^^^^^^^^^^^^^^^^^^^^^^^^^
  File "/private/tmp/pavf-run377-platform-estate-20261004/platform/compose/composition.py", line 6096, in source_git
    return subprocess.check_output(['git','-C',str(src),*args],stderr=subprocess.PIPE)
           ~~~~~~~~~~~~~~~~~~~~~~~^^^^^^^^^^^^^^^^^^^^^^^^^^^^^^^^^^^^^^^^^^^^^^^^^^^^
  File "/opt/homebrew/Cellar/python@3.14/3.14.7/Frameworks/Python.framework/Versions/3.14/lib/python3.14/subprocess.py", line 473, in check_output
    return run(*popenargs, stdout=PIPE, timeout=timeout, check=True,
           ~~~^^^^^^^^^^^^^^^^^^^^^^^^^^^^^^^^^^^^^^^^^^^^^^^^^^^^^^
               **kwargs).stdout
               ^^^^^^^^^
  File "/opt/homebrew/Cellar/python@3.14/3.14.7/Frameworks/Python.framework/Versions/3.14/lib/python3.14/subprocess.py", line 578, in run
    raise CalledProcessError(retcode, process.args,
                             output=stdout, stderr=stderr)
subprocess.CalledProcessError: Command '['git', '-C', '/private/tmp/pavf-driftwood-atomic-20261004-fm_sqsq7/driftwood-estate/tuppence', 'rev-parse', 'HEAD^{commit}']' returned non-zero exit status 128.
